frame, steps, LASI, LPSI, RASI, RPSI, RKNE, RTHI, RANK, RTIB, RHEE, RTOE, LKNE, LTHI, LANK, LTIB, LHEE, LTOE, C7, CLAV, LSHO, RBAK, RSHO, STRN, T10, LBHD, LFHD, RBHD, RFHD, RELB, RUPA, RWRA, RWRB, RFIN, LELB, LUPA, LWRA, LWRB, LFIN
0, 24, 0.00927378, 0.00590236, 0.00868213, 0.00612753, 0.00382871, 0.00814894, 0.00349006, 0.00269464, 0.00398327, 0.00223385, 0.00859206, 0.00767019, 0.0100486, 0.0144041, 0.00947682, 0.00769943, 0.00669566, 0.0058922, 0.00317839, 0.0024673, 0.00930158, 0.00383037, 0.00370484, 0.00973749, 0.00625619, 0.00891056, 0.00284444, 0.00895291, 0.00862721, 0.00566296, 0.00556028, 0.00121771, 0.00443736, 0.0179306, 0.00985698, 0.0072668, 0.009656
1, 24, 0.00937492, 0.00596546, 0.00868633, 0.00611591, 0.00382374, 0.00818313, 0.00346115, 0.00267664, 0.00396795, 0.00222285, 0.00853055, 0.0076918, 0.0100093, 0.0143174, 0.00947987, 0.00767738, 0.00669223, 0.00588649, 0.00324127, 0.00248307, 0.0093342, 0.00382388, 0.00370311, 0.00974592, 0.00619296, 0.00893354, 0.00281346, 0.00896331, 0.00862448, 0.00566991, 0.00557865, 0.00125207, 0.00438192, 0.0178281, 0.00985911, 0.00726288, 0.0096773
2, 24, 0.00944688, 0.006027, 0.00867751, 0.00610756, 0.003824, 0.00821069, 0.00343869, 0.00266762, 0.00394737, 0.00220806, 0.00845717, 0.00770771, 0.00995965, 0.0142189, 0.00948031, 0.00765163, 0.00668968, 0.00588203, 0.00328158, 0.00252914, 0.00929457, 0.00382296, 0.00371037, 0.0097904, 0.00612589, 0.0089761, 0.00278509, 0.00892831, 0.00858426, 0.00566317, 0.00556411, 0.00127358, 0.00434771, 0.0177669, 0.00986011, 0.00725719, 0.00969379
3, 24, 0.00949178, 0.00608827, 0.00865795, 0.00610635, 0.00382412, 0.0082303, 0.00342363, 0.00267021, 0.00391678, 0.00218607, 0.00837239, 0.00772213, 0.0098985, 0.0141077, 0.00947354, 0.00761769, 0.00667568, 0.0058722, 0.00328839, 0.00259345, 0.00919648, 0.00383077, 0.00372563, 0.0098357, 0.00606377, 0.00902198, 0.00275957, 0.00884323, 0.00850996, 0.00564471, 0.00551383, 0.00127185, 0.00433169, 0.0177531, 0.00986383, 0.0072514, 0.0097113
4, 24, 0.00951862, 0.00615528, 0.00863133, 0.0061155, 0.00382003, 0.00824034, 0.00341641, 0.0026879, 0.00387335, 0.00215464, 0.00827482, 0.00774058, 0.00982416, 0.0139801, 0.00945902, 0.007573, 0.0066426, 0.00585305, 0.00325748, 0.00267177, 0.00905083, 0.00384869, 0.00374555, 0.00983765, 0.00600156, 0.00904821, 0.00273113, 0.00870388, 0.00840596, 0.0056204, 0.00542833, 0.00123504, 0.00433168, 0.0177944, 0.00987547, 0.00724829, 0.00973715
5, 24, 0.0095453, 0.0062379, 0.00860509, 0.00613845, 0.00381152, 0.00823664, 0.00341818, 0.00272614, 0.00381795, 0.00211413, 0.00816121, 0.00776922, 0.00973515, 0.0138292, 0.00944132, 0.00751825, 0.00659448, 0.00582719, 0.00319648, 0.00276603, 0.00886043, 0.00387575, 0.00376836, 0.00977284, 0.00592685, 0.00904077, 0.00269333, 0.00850743, 0.00827639, 0.00559785, 0.00531156, 0.00115547, 0.00434524, 0.0178994, 0.00990046, 0.00725071, 0.00977857
6, 24, 0.00959495, 0.00634793, 0.00858922, 0.00617725, 0.00380153, 0.0082126, 0.00343124, 0.00279063, 0.0037548, 0.00206771, 0.00802865, 0.00781355, 0.00963123, 0.0136458, 0.00942918, 0.00745802, 0.0065436, 0.00580225, 0.00311538, 0.00287788, 0.008624, 0.00391067, 0.00379624, 0.00965431, 0.00583572, 0.00900264, 0.00264708, 0.00825647, 0.00812608, 0.00558469, 0.00517173, 0.00103361, 0.00436885, 0.0180746, 0.0099439, 0.00726153, 0.00984209
7, 24, 0.00968694, 0.00649464, 0.00858643, 0.00622762, 0.00379333, 0.00816136, 0.00345916, 0.00288417, 0.00369037, 0.00202102, 0.0078771, 0.00787731, 0.00951425, 0.013422, 0.00943319, 0.00740012, 0.0065012, 0.00578565, 0.00301772, 0.00300687, 0.0083406, 0.00395311, 0.00383292, 0.00952023, 0.00573775, 0.00895053, 0.0026007, 0.00796001, 0.0079619, 0.00558679, 0.00502105, 0.000878883, 0.00439785, 0.0183212, 0.0100096, 0.00728288, 0.00993268
8, 24, 0.00982725, 0.00668021, 0.00858012, 0.00627227, 0.00378884, 0.00807934, 0.00350618, 0.00300459, 0.00363216, 0.00198125, 0.00771196, 0.00796107, 0.00938803, 0.0131549, 0.00946276, 0.00735327, 0.00647288, 0.00578116, 0.00290832, 0.00315423, 0.00800972, 0.00400392, 0.00388097, 0.00941087, 0.00564186, 0.0089032, 0.00256149, 0.00763116, 0.00779075, 0.00560684, 0.00487362, 0.000706414, 0.00442881, 0.0186334, 0.0100992, 0.00731568, 0.0100524
9, 24, 0.0100019, 0.00689487, 0.00853231, 0.00627846, 0.00378908, 0.00796652, 0.00357627, 0.00314704, 0.00358809, 0.00195588, 0.0075438, 0.00806186, 0.0092572, 0.012849, 0.0095225, 0.00732342, 0.00645796, 0.00578779, 0.00280485, 0.00332342, 0.00762784, 0.00406225, 0.00393975, 0.00935142, 0.0055486, 0.00887262, 0.00253091, 0.0072818, 0.00761756, 0.00564532, 0.00474179, 0.000528732, 0.00446245, 0.0190002, 0.0102107, 0.00735884, 0.0101982
10, 24, 0.010173, 0.00710952, 0.0083967, 0.0062059, 0.00379493, 0.007823, 0.00367232, 0.00330868, 0.00356593, 0.00195113, 0.00738493, 0.0081749, 0.00912658, 0.0125161, 0.00960815, 0.00731041, 0.00644866, 0.00579832, 0.00273345, 0.00351633, 0.00719738, 0.00412288, 0.00400406, 0.00934085, 0.00546038, 0.008859, 0.00250799, 0.00691954, 0.00744858, 0.00570442, 0.00463453, 0.000345673, 0.00450506, 0.0194136, 0.0103384, 0.00740938, 0.0103622
11, 24, 0.0102827, 0.00727645, 0.00813729, 0.00602063, 0.00380706, 0.0076459, 0.00379619, 0.00349122, 0.00357335, 0.00197051, 0.00724498, 0.00829481, 0.00900185, 0.0121745, 0.00970732, 0.00730896, 0.00643096, 0.00580047, 0.00271552, 0.00372548, 0.00673466, 0.00417817, 0.00406592, 0.00934186, 0.00538367, 0.00884357, 0.00249008, 0.00654701, 0.00729382, 0.00578902, 0.00455709, 0.000145326, 0.00456553, 0.0198736, 0.0104757, 0.00746328, 0.0105355
12, 24, 0.010281, 0.00734972, 0.00774326, 0.00570893, 0.0038271, 0.00742867, 0.00394849, 0.00369993, 0.00361809, 0.00201405, 0.00712829, 0.00841442, 0.00888988, 0.0118466, 0.00980608, 0.00731346, 0.00639373, 0.00578499, 0.00276679, 0.00392952, 0.00626803, 0.00422275, 0.00411999, 0.00929827, 0.00532029, 0.00879577, 0.00247218, 0.00616595, 0.00716518, 0.00590241, 0.00451056, 8.34226e-05, 0.00465034, 0.020385, 0.0106196, 0.00751788, 0.0107146
13, 24, 0.0101668, 0.00731564, 0.00723049, 0.005283, 0.00385898, 0.00716021, 0.00412731, 0.00393881, 0.00370582, 0.00207868, 0.00703247, 0.00852371, 0.0087975, 0.0115533, 0.00989579, 0.00732149, 0.00633831, 0.0057521, 0.00290571, 0.00410588, 0.00582124, 0.00425467, 0.00416738, 0.00918445, 0.00526631, 0.00869669, 0.00244987, 0.00577577, 0.00706981, 0.00604236, 0.00449172, 0.000341945, 0.00476136, 0.0209525, 0.0107721, 0.00757322, 0.0109038
14, 24, 0.0099994, 0.00720325, 0.0066293, 0.00477426, 0.00390712, 0.00682739, 0.00432721, 0.00420617, 0.00383696, 0.00215946, 0.00695105, 0.00861173, 0.00872936, 0.0113078, 0.00997328, 0.0073331, 0.00627848, 0.00571047, 0.00314823, 0.00425447, 0.00539704, 0.00427402, 0.00421348, 0.00902381, 0.00521534, 0.00855123, 0.00242366, 0.00537256, 0.007008, 0.00620381, 0.00449622, 0.000625792, 0.00489516, 0.0215801, 0.0109378, 0.00763121, 0.0111111
15, 25, 0.00986392, 0.00706335, 0.00597203, 0.00422298, 0.00397318, 0.00642363, 0.00453979, 0.00449323, 0.0040057, 0.00225098, 0.00687712, 0.00866922, 0.00868657, 0.0111156, 0.0100347, 0.00734684, 0.00623002, 0.00567073, 0.00350304, 0.00440375, 0.00497392, 0.00428337, 0.00426491, 0.0088542, 0.00515891, 0.00837251, 0.00239783, 0.00494841, 0.00697503, 0.00638363, 0.00452256, 0.000930809, 0.00504796, 0.0222767, 0.0111207, 0.00769371, 0.0113431
16, 25, 0.00982663, 0.0069406, 0.0052884, 0.00366971, 0.00405407, 0.00596041, 0.00475449, 0.00478659, 0.00419965, 0.00234701, 0.0068067, 0.00869024, 0.00866722, 0.010978, 0.01007, 0.00735685, 0.0061999, 0.00563957, 0.00398598, 0.00458285, 0.0045258, 0.00429134, 0.00433047, 0.00868312, 0.00509248, 0.00816208, 0.00237689, 0.00449753, 0.00697034, 0.00658131, 0.00457263, 0.00125509, 0.00521805, 0.0230606, 0.0113234, 0.00776255, 0.0116027
17, 25, 0.00991065, 0.006862, 0.00460539, 0.00315001, 0.00414102, 0.00547235, 0.00495949, 0.00507144, 0.00439993, 0.00243979, 0.0067391, 0.00867258, 0.00866782, 0.0108967, 0.0100634, 0.00735349, 0.00618383, 0.00561829, 0.00462641, 0.00479011, 0.0040472, 0.00431188, 0.00441978, 0.00847464, 0.00502109, 0.00790347, 0.00236251, 0.00402033, 0.00700473, 0.00679986, 0.00465016, 0.00160078, 0.00540933, 0.0239545, 0.0115474, 0.0078402, 0.0118895
18, 25, 0.0100925, 0.00683333, 0.00394979, 0.00270036, 0.00422203, 0.00500759, 0.00514551, 0.00533694, 0.00458735, 0.00252234, 0.00667547, 0.00862193, 0.0086856, 0.0108737, 0.0099993, 0.00732647, 0.00617566, 0.00560855, 0.0054426, 0.00500097, 0.00356281, 0.0043595, 0.004539, 0.00817661, 0.00495423, 0.00757425, 0.00235329, 0.00352649, 0.00709958, 0.00704608, 0.00476041, 0.00197427, 0.00562842, 0.0249731, 0.0117936, 0.00792978, 0.0122015
19, 26, 0.010324, 0.0068473, 0.0033522, 0.00236168, 0.00428804, 0.00461212, 0.00531014, 0.00558179, 0.00475112, 0.00259157, 0.00661763, 0.00855722, 0.00872181, 0.0109071, 0.00986813, 0.0072689, 0.00617704, 0.00561709, 0.00641507, 0.00519425, 0.00311988, 0.00444569, 0.00468954, 0.00775984, 0.00490115, 0.00716254, 0.00234803, 0.00303752, 0.00727578, 0.00732506, 0.00490656, 0.00237735, 0.00588218, 0.0261143, 0.0120615, 0.0080348, 0.0125349
20, 26, 0.0105718, 0.00690353, 0.00284637, 0.00216424, 0.00433641, 0.00431844, 0.00545613, 0.00581176, 0.0048888, 0.0026475, 0.00656926, 0.00851184, 0.00878402, 0.0109912, 0.00967024, 0.00718006, 0.00619541, 0.00565282, 0.00748982, 0.00536613, 0.00278912, 0.00457533, 0.00486792, 0.00723259, 0.00487494, 0.0066748, 0.00234996, 0.00258751, 0.00754533, 0.00763347, 0.00508396, 0.00280108, 0.0061733, 0.027358, 0.012348, 0.00815751, 0.0128828
21, 27, 0.0108296, 0.00701519, 0.00245974, 0.00211154, 0.00436815, 0.00413912, 0.00558526, 0.00603265, 0.00499915, 0.00269013, 0.00653698, 0.00852769, 0.00888293, 0.0111172, 0.00941659, 0.0070655, 0.0062398, 0.00572237, 0.00860085, 0.0055305, 0.00266901, 0.00474446, 0.00506685, 0.00664098, 0.00489343, 0.00613704, 0.00236877, 0.00221514, 0.0079077, 0.00796052, 0.00527946, 0.00322912, 0.00650361, 0.0286704, 0.0126446, 0.00829693, 0.0132311
22, 27, 0.0110982, 0.00719775, 0.00220125, 0.00218863, 0.00438163, 0.00406508, 0.00569383, 0.00624437, 0.00507783, 0.00271786, 0.00652738, 0.00864406, 0.00902485, 0.0112734, 0.00912577, 0.00693404, 0.00632191, 0.00583115, 0.00969137, 0.00570598, 0.00285047, 0.00494328, 0.00528007, 0.00606179, 0.00496751, 0.00558991, 0.00241759, 0.00195651, 0.00835006, 0.00829196, 0.00547675, 0.0036433, 0.00687726, 0.0300121, 0.0129364, 0.00844792, 0.0135598
23, 28, 0.0113765, 0.00746025, 0.00206561, 0.00237462, 0.00436933, 0.00407419, 0.00577392, 0.00644133, 0.00511956, 0.00272873, 0.00654147, 0.00888443, 0.00920738, 0.0114479, 0.00881704, 0.0067931, 0.00645427, 0.00598341, 0.0107252, 0.00589715, 0.00335073, 0.00516107, 0.00550598, 0.0055697, 0.00509369, 0.00507382, 0.0025079, 0.00184102, 0.0088511, 0.00861136, 0.00566014, 0.00402356, 0.00730163, 0.0313447, 0.0132055, 0.00860233, 0.0138465
24, 28, 0.0116733, 0.00780814, 0.00204836, 0.00264068, 0.00432341, 0.00414535, 0.00581935, 0.00661733, 0.00512364, 0.00272298, 0.00657147, 0.00924539, 0.00942124, 0.0116326, 0.00850344, 0.00664543, 0.00664019, 0.00617783, 0.0116921, 0.00609395, 0.00413336, 0.00539107, 0.00574575, 0.00519796, 0.00526862, 0.00461062, 0.00264789, 0.00189026, 0.00939001, 0.00890044, 0.00581671, 0.00434846, 0.00777897, 0.0326407, 0.0134369, 0.00875166, 0.014074
25, 29, 0.0120038, 0.00824262, 0.00214466, 0.00295455, 0.00424632, 0.00426639, 0.00583211, 0.00677165, 0.00509821, 0.00270489, 0.00660424, 0.00969533, 0.00965429, 0.0118241, 0.00819129, 0.00649032, 0.00686675, 0.00640452, 0.0126053, 0.00628872, 0.00517586, 0.00563175, 0.00599824, 0.00493662, 0.00550764, 0.00419993, 0.00284438, 0.00211445, 0.00995291, 0.00914519, 0.00594058, 0.00460189, 0.00830037, 0.033888, 0.0136215, 0.00888886, 0.0142346
26, 29, 0.0123631, 0.00875347, 0.00233802, 0.00329515, 0.00415438, 0.00443282, 0.0058236, 0.00691131, 0.00505946, 0.00268216, 0.00662867, 0.0101856, 0.00989505, 0.0120208, 0.00788525, 0.00632776, 0.00711331, 0.00665016, 0.0134858, 0.00648581, 0.00647597, 0.00588458, 0.00625945, 0.00476505, 0.00583474, 0.00383083, 0.00310174, 0.00250826, 0.0105316, 0.00934021, 0.00603463, 0.00477913, 0.00884732, 0.0350829, 0.0137564, 0.00900721, 0.0143297
27, 29, 0.0127115, 0.00931501, 0.00259203, 0.00365661, 0.00406999, 0.0046427, 0.00580925, 0.00704807, 0.00502557, 0.00266307, 0.00664153, 0.0106682, 0.0101346, 0.0122203, 0.00759173, 0.0061608, 0.00736912, 0.00690816, 0.0143397, 0.00669333, 0.00802319, 0.00615083, 0.00652721, 0.0046702, 0.00625036, 0.00349193, 0.00341337, 0.00305317, 0.0111174, 0.00948348, 0.00610486, 0.00488, 0.00939953, 0.03622, 0.0138404, 0.00910005, 0.0143657
28, 28, 0.0129918, 0.00989628, 0.00286136, 0.00403781, 0.00401189, 0.00488896, 0.00580095, 0.00719298, 0.00500971, 0.00265347, 0.00665015, 0.011108, 0.0103656, 0.0124184, 0.00731821, 0.00599429, 0.00764149, 0.00718268, 0.015146, 0.00691349, 0.00978118, 0.00643008, 0.00680458, 0.00464393, 0.00671959, 0.00317555, 0.00375989, 0.00372568, 0.0117002, 0.00957045, 0.00615531, 0.00490084, 0.00993905, 0.0372878, 0.0138748, 0.00916283, 0.0143503
29, 27, 0.0131543, 0.0104701, 0.00312036, 0.00444268, 0.00399006, 0.00515153, 0.00580287, 0.00735259, 0.00501559, 0.002655, 0.00667082, 0.0114889, 0.0105815, 0.0126099, 0.00707165, 0.00583311, 0.00794627, 0.00748278, 0.0158652, 0.00714115, 0.0116883, 0.00672049, 0.00709744, 0.00467368, 0.0071944, 0.00288127, 0.00411894, 0.00449964, 0.0122719, 0.00959651, 0.00618996, 0.0048371, 0.0104514, 0.0382732, 0.0138646, 0.0091967, 0.0142938
30, 28, 0.0131649, 0.0110202, 0.00337052, 0.00488278, 0.00400308, 0.00539926, 0.00581072, 0.00752847, 0.00503624, 0.00266446, 0.00672131, 0.0118187, 0.0107805, 0.0127912, 0.0068566, 0.00568105, 0.00829109, 0.00781162, 0.0164637, 0.00736144, 0.0136693, 0.00701845, 0.00740805, 0.00474459, 0.00764706, 0.00261563, 0.00447715, 0.00534493, 0.0128298, 0.0095623, 0.00621682, 0.00468957, 0.0109256, 0.0391703, 0.0138215, 0.00920925, 0.0142111
31, 30, 0.0130075, 0.0115416, 0.00362414, 0.00537107, 0.00403974, 0.00560273, 0.00581462, 0.00771742, 0.00505744, 0.00267525, 0.00681083, 0.0121279, 0.0109679, 0.012963, 0.00667201, 0.00553833, 0.00866613, 0.00816067, 0.0169275, 0.00755029, 0.0156503, 0.00731769, 0.00773009, 0.00484433, 0.0080832, 0.0023833, 0.00483089, 0.00622898, 0.0133774, 0.00947579, 0.00624839, 0.0044668, 0.0113554, 0.0399833, 0.0137621, 0.00921148, 0.0141217
32, 31, 0.0126912, 0.0120405, 0.00389412, 0.00590864, 0.00408587, 0.00575168, 0.00580483, 0.007914, 0.00506534, 0.00268078, 0.00693697, 0.0124559, 0.0111526, 0.0131298, 0.00651064, 0.00540003, 0.00905041, 0.00851388, 0.0172626, 0.0076948, 0.0175687, 0.0076097, 0.00805009, 0.00496708, 0.00852675, 0.00218229, 0.00517992, 0.00712122, 0.0139237, 0.00935339, 0.00630088, 0.00418771, 0.0117432, 0.0407244, 0.0137014, 0.00921157, 0.0140434
33, 32, 0.0122624, 0.0125317, 0.0041991, 0.0064818, 0.00412908, 0.00586636, 0.00577778, 0.00811404, 0.00505286, 0.00267747, 0.00709263, 0.0128293, 0.0113406, 0.0132959, 0.00636502, 0.00526019, 0.0094275, 0.00885907, 0.0174854, 0.00781659, 0.0193788, 0.00788918, 0.00835648, 0.00511349, 0.00899402, 0.00201186, 0.00552081, 0.00799977, 0.0144789, 0.00921717, 0.00639057, 0.00387847, 0.0121041, 0.0414107, 0.0136442, 0.00921068, 0.0139818
34, 33, 0.0117983, 0.0130364, 0.00457142, 0.00707386, 0.00415916, 0.00599152, 0.00573897, 0.00831839, 0.00502049, 0.00266523, 0.00727516, 0.0132479, 0.0115333, 0.0134626, 0.0062346, 0.0051183, 0.00979659, 0.00919796, 0.0176139, 0.0079585, 0.0210577, 0.00816263, 0.00865157, 0.00528234, 0.00948038, 0.00188187, 0.00584828, 0.00885747, 0.0150536, 0.00908329, 0.00652625, 0.00355897, 0.012463, 0.0420607, 0.0135815, 0.00920264, 0.0139258
35, 34, 0.0113708, 0.0135717, 0.00504807, 0.00767778, 0.00417069, 0.0061689, 0.00570153, 0.00853369, 0.00497465, 0.00264687, 0.00749019, 0.0136899, 0.0117298, 0.0136298, 0.00612673, 0.00498091, 0.0101728, 0.00954733, 0.0176706, 0.00814462, 0.0226037, 0.00845081, 0.00895467, 0.00546399, 0.00996837, 0.00180476, 0.00615885, 0.00970013, 0.0156559, 0.00895449, 0.0067056, 0.00323343, 0.0128472, 0.0426938, 0.0134948, 0.00917729, 0.0138509
36, 34, 0.0110061, 0.0141423, 0.00564311, 0.00829872, 0.00416702, 0.00640884, 0.00568006, 0.00876847, 0.0049264, 0.00262758, 0.00775142, 0.0141282, 0.01193, 0.0137996, 0.00605127, 0.00485672, 0.0105812, 0.00993225, 0.0177002, 0.00836989, 0.024027, 0.00877867, 0.00929211, 0.00564384, 0.0104435, 0.00178131, 0.00645181, 0.0105379, 0.0162895, 0.00882393, 0.00691997, 0.00289486, 0.0132793, 0.0433305, 0.0133625, 0.00912545, 0.0137265
37, 35, 0.0106817, 0.0147396, 0.0063305, 0.00895014, 0.00416028, 0.00668477, 0.005684, 0.00902803, 0.00489004, 0.00261389, 0.00807788, 0.0145491, 0.0121349, 0.0139787, 0.0060151, 0.00475062, 0.0110474, 0.0103754, 0.0177679, 0.00862951, 0.0253409, 0.00916244, 0.00968403, 0.00581534, 0.0109078, 0.0018046, 0.00673158, 0.0113791, 0.0169509, 0.00868102, 0.0071612, 0.00252934, 0.0137747, 0.0439892, 0.0131635, 0.00904342, 0.0135206
38, 36, 0.0103604, 0.0153472, 0.00705782, 0.00964463, 0.00416595, 0.00695063, 0.00571472, 0.00931202, 0.00487925, 0.00261128, 0.00848764, 0.0149601, 0.0123447, 0.0141768, 0.00602071, 0.00466196, 0.011589, 0.0108897, 0.0179278, 0.00893375, 0.0265612, 0.00960693, 0.0101382, 0.00598644, 0.0113849, 0.00187461, 0.00701108, 0.0122287, 0.0176287, 0.00851329, 0.00742457, 0.00211423, 0.0143397, 0.0446752, 0.0128806, 0.00893553, 0.013205
39, 37, 0.010034, 0.0159568, 0.00778251, 0.0103818, 0.00419537, 0.0071704, 0.00576791, 0.00961635, 0.00490216, 0.00262204, 0.00898687, 0.0153845, 0.012559, 0.0144019, 0.00606839, 0.0045877, 0.012211, 0.0114782, 0.0181902, 0.00929365, 0.0277073, 0.0101117, 0.0106542, 0.00616973, 0.0119024, 0.00200033, 0.00730453, 0.0130872, 0.0183053, 0.00831001, 0.00770878, 0.00162226, 0.0149697, 0.045374, 0.0125044, 0.00881363, 0.0127612
40, 37, 0.00973749, 0.0165778, 0.00850436, 0.0111442, 0.00425118, 0.00733641, 0.00583793, 0.00993617, 0.00495803, 0.00264494, 0.00956318, 0.0158448, 0.0127779, 0.0146556, 0.00615741, 0.00452573, 0.0129113, 0.0121411, 0.0185237, 0.0097093, 0.028806, 0.0106793, 0.0112326, 0.00636818, 0.0124634, 0.00219126, 0.00761401, 0.0139507, 0.0189626, 0.00806878, 0.00801521, 0.00103399, 0.01565, 0.0460559, 0.012033, 0.00869383, 0.0121822
41, 37, 0.00950995, 0.0172291, 0.00925757, 0.0119057, 0.00432823, 0.0074677, 0.00591959, 0.0102665, 0.00503657, 0.00267588, 0.0101924, 0.0163465, 0.0129975, 0.0149305, 0.00628304, 0.00447508, 0.0136844, 0.0128777, 0.0188849, 0.0101693, 0.0298942, 0.0113177, 0.0118779, 0.00657493, 0.013047, 0.00244918, 0.00793019, 0.014811, 0.0195895, 0.007799, 0.0083458, 0.000345719, 0.0163589, 0.046692, 0.0114734, 0.00859152, 0.0114713
42, 38, 0.00935307, 0.0179171, 0.0100615, 0.012648, 0.0044173, 0.00759044, 0.00600522, 0.0105996, 0.00511777, 0.002708, 0.0108486, 0.0168754, 0.0132055, 0.0152097, 0.00643322, 0.00443517, 0.0145204, 0.013683, 0.019246, 0.0106601, 0.0310074, 0.0120317, 0.0125927, 0.0067881, 0.0136389, 0.00277094, 0.00824877, 0.0156593, 0.0201837, 0.00751839, 0.0087018, 0.000436692, 0.0170731, 0.047267, 0.0108391, 0.0085166, 0.0106406
43, 38, 0.00923718, 0.0186282, 0.010885, 0.0133719, 0.00450558, 0.00772176, 0.00608173, 0.0109217, 0.00517408, 0.00273184, 0.0115037, 0.0174087, 0.013386, 0.0154707, 0.00659015, 0.00440603, 0.0154062, 0.0145457, 0.0195992, 0.0111807, 0.0321628, 0.0128143, 0.0133697, 0.00701765, 0.0142441, 0.00315182, 0.00857766, 0.0164906, 0.0207493, 0.00724867, 0.00908452, 0.00131076, 0.0177726, 0.0477817, 0.0101487, 0.00847117, 0.00971028
44, 38, 0.00913495, 0.0193425, 0.011664, 0.0140903, 0.00457546, 0.00786902, 0.00613245, 0.0112161, 0.00517819, 0.00273803, 0.0121231, 0.0179282, 0.0135311, 0.015693, 0.00673725, 0.00438748, 0.0163256, 0.0154478, 0.0199514, 0.0117387, 0.03336, 0.013646, 0.0141916, 0.00727496, 0.0148755, 0.00358083, 0.00892825, 0.017303, 0.0212943, 0.00701597, 0.00949467, 0.00227603, 0.0184431, 0.0482467, 0.00942583, 0.00845081, 0.00870903
45, 39, 0.00905732, 0.0200549, 0.0123492, 0.0148084, 0.00460637, 0.00804129, 0.00614346, 0.0114691, 0.00511253, 0.00272086, 0.0126745, 0.0184267, 0.0136443, 0.0158649, 0.00686525, 0.00437786, 0.0172579, 0.0163661, 0.0203184, 0.0123348, 0.0346005, 0.0145018, 0.0150353, 0.00756059, 0.0155428, 0.00403322, 0.0093036, 0.0180932, 0.0218282, 0.00685214, 0.00993003, 0.00332002, 0.019078, 0.048677, 0.00869548, 0.00844934, 0.00767004
46, 39, 0.00905359, 0.0207817, 0.0129355, 0.0155144, 0.00458162, 0.00825396, 0.00610929, 0.0116745, 0.00497337, 0.00267964, 0.0131423, 0.0189083, 0.0137348, 0.015984, 0.00697312, 0.00437418, 0.0181817, 0.0172776, 0.0207146, 0.0129693, 0.0358951, 0.0153567, 0.0158774, 0.00786008, 0.0162452, 0.00447814, 0.00969377, 0.0188533, 0.0223599, 0.00678705, 0.0103825, 0.00440842, 0.019683, 0.0490886, 0.0079776, 0.00846404, 0.00662029
47, 39, 0.00915937, 0.021545, 0.0134567, 0.0161982, 0.00449679, 0.00851887, 0.00603446, 0.0118327, 0.00477066, 0.00261821, 0.0135311, 0.0193852, 0.0138111, 0.0160546, 0.00706492, 0.00437261, 0.0190855, 0.0181661, 0.0211373, 0.0136569, 0.037245, 0.0161889, 0.0166996, 0.00815078, 0.0169569, 0.00489564, 0.0100772, 0.0195712, 0.0228933, 0.00683228, 0.0108373, 0.00548825, 0.0202766, 0.0494962, 0.00728328, 0.00849984, 0.00557138
48, 39, 0.00936136, 0.0223571, 0.0139561, 0.0168667, 0.00436218, 0.00883261, 0.0059296, 0.0119477, 0.00452461, 0.00254297, 0.0138552, 0.0198737, 0.0138817, 0.0160873, 0.00714801, 0.0043688, 0.0199705, 0.019026, 0.0215645, 0.0144171, 0.0386244, 0.0169825, 0.017491, 0.00841766, 0.0176344, 0.0052852, 0.0104313, 0.0202347, 0.0234253, 0.00697113, 0.0112743, 0.00650395, 0.0208867, 0.0499085, 0.00661718, 0.00857108, 0.00451731
49, 40, 0.00962699, 0.0232211, 0.0144633, 0.0175321, 0.00419696, 0.0091782, 0.0058064, 0.0120248, 0.00425952, 0.00246079, 0.0141344, 0.0203916, 0.0139556, 0.0160969, 0.00723217, 0.00436034, 0.0208462, 0.0198612, 0.0219664, 0.0152566, 0.0399941, 0.0177308, 0.0182481, 0.00866008, 0.0182495, 0.00565731, 0.0107489, 0.0208348, 0.0239479, 0.00716881, 0.0116747, 0.00741645, 0.0215438, 0.0503294, 0.00598847, 0.00870217, 0.00344014
50, 40, 0.00993551, 0.024133, 0.0149925, 0.0181951, 0.00402177, 0.00953251, 0.00567612, 0.0120725, 0.00399697, 0.00237777, 0.0143913, 0.020955, 0.0140411, 0.0160981, 0.00732793, 0.004349, 0.0217246, 0.0206815, 0.0223185, 0.0161656, 0.0413281, 0.0184379, 0.0189748, 0.0088843, 0.0188039, 0.00602168, 0.0110387, 0.0213661, 0.0244515, 0.00738921, 0.012025, 0.00820848, 0.0222758, 0.0507587, 0.00542512, 0.00892523, 0.00231818
51, 40, 0.0102707, 0.0250804, 0.0155446, 0.0188482, 0.00385557, 0.00987145, 0.00555137, 0.0121061, 0.00375261, 0.00229942, 0.0146487, 0.0215741, 0.0141447, 0.0161034, 0.00744372, 0.0043384, 0.0226151, 0.0214984, 0.0226012, 0.0171266, 0.0426195, 0.0191147, 0.0196798, 0.00909422, 0.0193099, 0.00638501, 0.0113108, 0.0218235, 0.0249242, 0.00760309, 0.0123167, 0.00887523, 0.0231022, 0.0511927, 0.00498755, 0.00927429, 0.00113319
52, 41, 0.0106017, 0.0260391, 0.0160995, 0.0194892, 0.00371466, 0.0101721, 0.00544714, 0.0121471, 0.00353632, 0.00223096, 0.0149294, 0.0222494, 0.0142689, 0.016124, 0.00758313, 0.00433005, 0.02352, 0.022318, 0.0227953, 0.0181244, 0.0438655, 0.0197728, 0.0203709, 0.00929295, 0.0197726, 0.00675613, 0.0115688, 0.0222023, 0.0253518, 0.00779016, 0.012546, 0.0094182, 0.0240318, 0.0516228, 0.00477056, 0.00977865, 0.000123804
53, 41, 0.0108784, 0.0269735, 0.0166212, 0.0201269, 0.0036116, 0.0104133, 0.00537802, 0.0122194, 0.00335421, 0.00217696, 0.0152571, 0.0229711, 0.0144091, 0.0161707, 0.00774457, 0.00432246, 0.0244319, 0.0231396, 0.0228893, 0.019144, 0.0450575, 0.0204226, 0.0210546, 0.00949141, 0.020197, 0.00714788, 0.0118162, 0.0225031, 0.0257204, 0.00794046, 0.012716, 0.00984643, 0.0250615, 0.0520429, 0.00487262, 0.010456, 0.00144657
54, 41, 0.0110522, 0.0278488, 0.0170776, 0.0207704, 0.00355288, 0.0105775, 0.00535119, 0.0123413, 0.00320978, 0.00214094, 0.0156512, 0.0237216, 0.0145558, 0.0162531, 0.00792439, 0.00431293, 0.0253369, 0.0239578, 0.0228906, 0.0201614, 0.0461832, 0.0210736, 0.0217354, 0.00970465, 0.020593, 0.00756964, 0.0120588, 0.0227355, 0.0260255, 0.00805047, 0.012835, 0.0101741, 0.0261747, 0.0524575, 0.00532933, 0.011304, 0.0028117
55, 42, 0.0111104, 0.0286511, 0.0174498, 0.0214222, 0.00353655, 0.0106577, 0.00536029, 0.0125158, 0.0031025, 0.00212442, 0.0161163, 0.0244798, 0.0147005, 0.0163766, 0.00811926, 0.00430047, 0.026222, 0.0247654, 0.0228332, 0.0211403, 0.0472317, 0.021729, 0.0224147, 0.00994133, 0.0209692, 0.00801797, 0.0123014, 0.0229174, 0.0262764, 0.00811562, 0.0129107, 0.0104112, 0.0273404, 0.0528811, 0.00608387, 0.0122952, 0.0041888
56, 42, 0.0110804, 0.029391, 0.0177329, 0.022079, 0.00355096, 0.0106637, 0.00538794, 0.0127279, 0.00302479, 0.00212567, 0.0166361, 0.025223, 0.0148372, 0.0165368, 0.00832368, 0.00428868, 0.0270777, 0.0255541, 0.0227713, 0.022039, 0.0481967, 0.0223828, 0.0230877, 0.0101983, 0.0213348, 0.00847667, 0.0125485, 0.0230694, 0.0264917, 0.00813008, 0.0129492, 0.0105627, 0.0285169, 0.0533327, 0.00703301, 0.0133811, 0.00554947
57, 43, 0.0109962, 0.0300903, 0.0179365, 0.0227351, 0.0035777, 0.0106223, 0.00541475, 0.0129496, 0.00296073, 0.00213918, 0.0171758, 0.0259272, 0.0149595, 0.0167171, 0.00852607, 0.00428385, 0.0278959, 0.0263143, 0.0227694, 0.0228239, 0.0490798, 0.0230221, 0.0237438, 0.0104661, 0.0217084, 0.008925, 0.0128095, 0.0232116, 0.0266912, 0.00809688, 0.0129592, 0.0106401, 0.0296576, 0.053833, 0.00807389, 0.0145007, 0.00686381
58, 43, 0.0108837, 0.0307683, 0.0180693, 0.0233877, 0.00359751, 0.0105707, 0.00542512, 0.0131512, 0.00288864, 0.00215725, 0.0176907, 0.0265694, 0.0150589, 0.0168921, 0.00870945, 0.00428964, 0.0286699, 0.0270374, 0.022894, 0.023483, 0.0498886, 0.0236353, 0.0243732, 0.0107341, 0.0221088, 0.0093468, 0.0130949, 0.0233624, 0.0268902, 0.00803434, 0.0129565, 0.0106697, 0.0307195, 0.0544011, 0.00911953, 0.0155901, 0.00809754
59, 44, 0.0107734, 0.0314415, 0.0181211, 0.0240409, 0.00359322, 0.0105491, 0.00540718, 0.0133082, 0.00278617, 0.00217231, 0.018138, 0.0271324, 0.0151287, 0.017037, 0.00885706, 0.00430381, 0.0293949, 0.0277177, 0.0232026, 0.0240331, 0.050628, 0.0242165, 0.0249698, 0.0109957, 0.0225302, 0.00973534, 0.0134057, 0.0235368, 0.0270987, 0.00797247, 0.012963, 0.0106885, 0.0316706, 0.0550477, 0.010105, 0.0165952, 0.00922075
60, 44, 0.0107018, 0.0321251, 0.0180706, 0.0247033, 0.00355037, 0.0105928, 0.00535267, 0.0134038, 0.00263619, 0.00217879, 0.0184855, 0.027609, 0.0151672, 0.0171342, 0.00895872, 0.00431946, 0.0300668, 0.0283514, 0.0237257, 0.0245101, 0.0512942, 0.0247632, 0.0255307, 0.0112521, 0.0229401, 0.0100935, 0.0137276, 0.0237449, 0.02732, 0.00794564, 0.013003, 0.0107358, 0.032492, 0.0557675, 0.0109901, 0.0174795, 0.0102149
61, 45, 0.0106897, 0.0328234, 0.0179097, 0.0253805, 0.00346028, 0.0107255, 0.00525881, 0.0134296, 0.00243266, 0.00217475, 0.0187158, 0.0279996, 0.0151772, 0.0171761, 0.00901377, 0.00432851, 0.0306806, 0.0289337, 0.0244591, 0.024937, 0.0518761, 0.0252718, 0.0260504, 0.0115077, 0.023312, 0.0104268, 0.0140449, 0.0239892, 0.0275485, 0.00798486, 0.0130973, 0.0108455, 0.0331744, 0.0565408, 0.0117541, 0.0182236, 0.0110706
62, 45, 0.010723, 0.0335212, 0.0176515, 0.0260723, 0.00332484, 0.0109559, 0.00512883, 0.0133875, 0.00218335, 0.00216214, 0.0188286, 0.0283095, 0.0151613, 0.0171631, 0.00902787, 0.00432413, 0.0312317, 0.0294597, 0.0253685, 0.0253048, 0.0523657, 0.0257355, 0.0265207, 0.0117621, 0.0236496, 0.0107362, 0.0143512, 0.0242625, 0.027773, 0.00810949, 0.0132558, 0.0110376, 0.0337146, 0.0573434, 0.0123876, 0.0188203, 0.0117823
63, 45, 0.0107658, 0.0341972, 0.0173292, 0.0267725, 0.00315759, 0.0112779, 0.004969, 0.0132882, 0.00190975, 0.00214618, 0.0188399, 0.0285456, 0.0151182, 0.0170984, 0.00900622, 0.00430227, 0.031721, 0.0299287, 0.0264037, 0.0255954, 0.0527688, 0.0261473, 0.0269334, 0.012005, 0.0239698, 0.0110175, 0.0146452, 0.0245523, 0.027987, 0.0083206, 0.013474, 0.0113123, 0.0341164, 0.0581556, 0.0128906, 0.0192733, 0.0123498
64, 46, 0.0107972, 0.034852, 0.0169926, 0.0274691, 0.00297959, 0.0116768, 0.00478494, 0.0131449, 0.00164791, 0.00213291, 0.0187747, 0.0287152, 0.0150435, 0.0169865, 0.00895128, 0.0042621, 0.0321561, 0.0303449, 0.0275117, 0.0258132, 0.0531076, 0.0265039, 0.0272872, 0.0122268, 0.0242714, 0.0112705, 0.01492, 0.0248482, 0.0281978, 0.0085979, 0.0137353, 0.0116462, 0.0343919, 0.0589637, 0.0132765, 0.0196006, 0.0127857
65, 46, 0.0108282, 0.0355079, 0.0166878, 0.0281462, 0.00281601, 0.0121365, 0.00458227, 0.0129686, 0.00145352, 0.00212724, 0.0186561, 0.0288252, 0.0149354, 0.0168336, 0.00886606, 0.00420594, 0.0325434, 0.0307124, 0.0286473, 0.0259874, 0.0534101, 0.0268079, 0.0275862, 0.0124318, 0.0245322, 0.0115056, 0.0151641, 0.0251462, 0.0284219, 0.00890533, 0.0140175, 0.0119987, 0.03456, 0.0597581, 0.0135717, 0.0198333, 0.013116
66, 46, 0.0108854, 0.0361827, 0.0164287, 0.0287927, 0.00269517, 0.0126451, 0.00436995, 0.0127696, 0.00139289, 0.0021317, 0.0185027, 0.0288822, 0.0147979, 0.0166498, 0.00875681, 0.00413869, 0.032885, 0.0310325, 0.0297818, 0.0261605, 0.0536915, 0.0270634, 0.0278369, 0.0126379, 0.0247292, 0.0117393, 0.0153695, 0.0254459, 0.0286694, 0.00920534, 0.0143002, 0.0123277, 0.0346446, 0.0605343, 0.0138063, 0.020008, 0.0133711
67, 47, 0.0109887, 0.0368724, 0.0161951, 0.0294056, 0.00264357, 0.0131923, 0.00415898, 0.0125578, 0.00149204, 0.00214592, 0.018329, 0.0288919, 0.0146388, 0.0164477, 0.00863142, 0.00406713, 0.033185, 0.0313081, 0.0308987, 0.0263686, 0.0539541, 0.0272746, 0.0280459, 0.0128672, 0.0248633, 0.011986, 0.0155416, 0.0257458, 0.0289379, 0.00947233, 0.0145694, 0.012605, 0.0346749, 0.0612946, 0.0140048, 0.0201568, 0.0135764
68, 47, 0.0111405, 0.0375545, 0.0159583, 0.0299841, 0.00267518, 0.0137636, 0.00395735, 0.0123401, 0.00170598, 0.00216654, 0.0181465, 0.0288579, 0.014466, 0.0162386, 0.00849712, 0.00399796, 0.0334527, 0.0315476, 0.031981, 0.0266163, 0.0542035, 0.0274485, 0.0282211, 0.0131385, 0.0249747, 0.0122559, 0.0157056, 0.0260408, 0.0292174, 0.00969611, 0.0148168, 0.012822, 0.0346842, 0.0620426, 0.0141816, 0.0203014, 0.0137491
69, 47, 0.0113233, 0.0381942, 0.0156932, 0.0305285, 0.00278537, 0.0143396, 0.00376775, 0.0121197, 0.00196842, 0.00218942, 0.0179635, 0.0287828, 0.0142869, 0.0160319, 0.00835959, 0.00393538, 0.0336996, 0.0317629, 0.0329979, 0.0268733, 0.0544546, 0.0275942, 0.0283703, 0.0134534, 0.0251216, 0.0125491, 0.0158919, 0.0263192, 0.0294933, 0.00987732, 0.015035, 0.012984, 0.0347039, 0.0627712, 0.0143457, 0.0204526, 0.0139034
70, 48, 0.011507, 0.0387546, 0.0153751, 0.0310436, 0.00295629, 0.0149032, 0.00358926, 0.0118999, 0.0022355, 0.00221239, 0.0177857, 0.0286741, 0.0141099, 0.0158356, 0.00822344, 0.00388013, 0.0339326, 0.0319612, 0.0339008, 0.0271092, 0.0547183, 0.0277158, 0.0284958, 0.0137881, 0.0253245, 0.012852, 0.0161091, 0.0265646, 0.0297481, 0.0100155, 0.015213, 0.0130966, 0.0347593, 0.0634547, 0.014506, 0.0206133, 0.0140546
71, 48, 0.0116666, 0.0392109, 0.0149871, 0.0315373, 0.00316821, 0.0154445, 0.00341976, 0.0116847, 0.00248821, 0.00223608, 0.0176149, 0.0285476, 0.013944, 0.0156554, 0.0080934, 0.00383091, 0.0341501, 0.0321418, 0.0346364, 0.0273192, 0.0549938, 0.0278126, 0.0285953, 0.0141104, 0.0255423, 0.0131445, 0.016335, 0.0267612, 0.0299682, 0.010102, 0.0153359, 0.0131546, 0.0348685, 0.0640558, 0.0146717, 0.0207829, 0.014217
72, 48, 0.0117896, 0.0395583, 0.0145333, 0.0320132, 0.00340757, 0.0159601, 0.00325728, 0.0114781, 0.00272153, 0.00226285, 0.0174485, 0.028423, 0.0137967, 0.0154906, 0.00797393, 0.00378576, 0.0343446, 0.0322999, 0.0351685, 0.0275153, 0.0552747, 0.0278863, 0.0286689, 0.0144025, 0.0257008, 0.0134146, 0.016533, 0.0268991, 0.0301495, 0.0101252, 0.015391, 0.0131478, 0.0350389, 0.0645445, 0.0148523, 0.0209631, 0.0144014
73, 48, 0.0118732, 0.039812, 0.0140427, 0.03247, 0.00366656, 0.0164501, 0.00310046, 0.011282, 0.00293512, 0.00229496, 0.0172807, 0.0283139, 0.0136706, 0.015334, 0.00786707, 0.00374228, 0.0345114, 0.0324342, 0.0354931, 0.0277084, 0.0555522, 0.0279446, 0.0287246, 0.0146619, 0.0257336, 0.0136619, 0.0166707, 0.0269739, 0.0302936, 0.010085, 0.015376, 0.0130776, 0.035263, 0.0649125, 0.0150596, 0.0211606, 0.0146171
74, 48, 0.0119191, 0.0400001, 0.0135577, 0.0329016, 0.00393906, 0.0169159, 0.00294917, 0.0110977, 0.003129, 0.0023329, 0.0171064, 0.0282236, 0.0135625, 0.0151778, 0.00777113, 0.00369782, 0.034655, 0.0325501, 0.0356416, 0.0278998, 0.0558144, 0.0279971, 0.0287742, 0.0148893, 0.0256099, 0.0138906, 0.0167303, 0.0269835, 0.0303953, 0.0100005, 0.0153038, 0.0129668, 0.0355192, 0.0651803, 0.0153078, 0.0213861, 0.0148741
75, 48, 0.0119268, 0.0401511, 0.0131201, 0.0332997, 0.00421606, 0.0173588, 0.00280548, 0.0109278, 0.0033035, 0.00237502, 0.0169272, 0.0281467, 0.0134653, 0.0150186, 0.00768227, 0.00365028, 0.0347879, 0.0326589, 0.0356812, 0.0280878, 0.0560464, 0.0280535, 0.0288301, 0.0150837, 0.0253453, 0.0141048, 0.016715, 0.0269268, 0.03044, 0.00990489, 0.0151999, 0.0128537, 0.0357803, 0.0653952, 0.015611, 0.0216508, 0.0151831
76, 49, 0.0118908, 0.0402871, 0.0127593, 0.0336589, 0.0044855, 0.0177786, 0.00267346, 0.0107768, 0.00345961, 0.00241819, 0.0167535, 0.0280737, 0.0133688, 0.014858, 0.00759648, 0.00359877, 0.0349251, 0.0327729, 0.0357051, 0.0282797, 0.0562325, 0.0281217, 0.0289029, 0.0152485, 0.0249967, 0.0143103, 0.016651, 0.0268083, 0.0304167, 0.00982997, 0.0150918, 0.0127744, 0.0360234, 0.0656183, 0.0159788, 0.0219628, 0.0155519
77, 49, 0.0118146, 0.0404272, 0.0124833, 0.0339826, 0.00473702, 0.0181734, 0.00255692, 0.0106476, 0.00359835, 0.00245891, 0.0166007, 0.0279979, 0.0132642, 0.0147007, 0.00751099, 0.00354381, 0.0350793, 0.0329005, 0.0357972, 0.0284985, 0.0563609, 0.0282017, 0.0289939, 0.0153964, 0.0246372, 0.014515, 0.0165775, 0.0266433, 0.0303297, 0.0097915, 0.0149985, 0.012745, 0.0362363, 0.0658981, 0.0164098, 0.022323, 0.0159785
78, 49, 0.0117248, 0.0405892, 0.0122757, 0.0342804, 0.0049666, 0.0185401, 0.00245726, 0.0105369, 0.00372122, 0.00249395, 0.0164793, 0.0279174, 0.0131491, 0.0145515, 0.00742603, 0.00348694, 0.0352541, 0.0330404, 0.0359899, 0.0287619, 0.0564261, 0.0282821, 0.029092, 0.0155423, 0.0243219, 0.014723, 0.0165277, 0.0264575, 0.0302011, 0.00978281, 0.0149244, 0.0127551, 0.0364162, 0.0662455, 0.0168856, 0.0227189, 0.0164438
79, 49, 0.0116528, 0.0407796, 0.012108, 0.0345609, 0.00517581, 0.018874, 0.00237389, 0.0104371, 0.00383123, 0.00252102, 0.0163887, 0.0278347, 0.0130301, 0.0144147, 0.0073454, 0.00343056, 0.0354362, 0.0331803, 0.0362515, 0.0290475, 0.0564298, 0.0283485, 0.0291801, 0.0156927, 0.0240644, 0.0149314, 0.016509, 0.0262797, 0.030062, 0.00978192, 0.0148621, 0.0127762, 0.0365634, 0.0666307, 0.0173648, 0.023118, 0.0169071
80, 49, 0.0116022, 0.0409852, 0.0119638, 0.0348246, 0.00536636, 0.0191683, 0.00230601, 0.0103412, 0.00393031, 0.00253906, 0.0163187, 0.0277515, 0.0129192, 0.0142933, 0.0072738, 0.00337801, 0.0355969, 0.0332994, 0.0365192, 0.02929, 0.056381, 0.0283936, 0.0292461, 0.0158406, 0.0238427, 0.015131, 0.0165028, 0.026134, 0.0299387, 0.00976747, 0.0148016, 0.0127819, 0.0366763, 0.0670044, 0.0177905, 0.0234711, 0.0173123
81, 49, 0.0115438, 0.0411748, 0.0118491, 0.0350603, 0.00553677, 0.0194149, 0.00225307, 0.0102475, 0.004016, 0.00254829, 0.0162568, 0.027666, 0.0128274, 0.0141896, 0.00721298, 0.00333313, 0.0357049, 0.0333784, 0.0367455, 0.0294232, 0.0562932, 0.0284192, 0.0292873, 0.0159655, 0.0236284, 0.0153084, 0.0164813, 0.0260341, 0.0298467, 0.00973015, 0.0147389, 0.0127601, 0.0367495, 0.0673242, 0.0181106, 0.0237319, 0.0176087
82, 49, 0.0114458, 0.0413082, 0.0117736, 0.0352495, 0.00568316, 0.0196075, 0.00221431, 0.0101589, 0.00408267, 0.00254985, 0.0161959, 0.0275749, 0.0127591, 0.0141051, 0.00716094, 0.00329898, 0.0357424, 0.033408, 0.036918, 0.0294163, 0.0561771, 0.0284339, 0.0293093, 0.0160402, 0.0234118, 0.0154504, 0.016427, 0.0259841, 0.0297914, 0.00967197, 0.0146762, 0.0127118, 0.0367782, 0.0675673, 0.0182977, 0.0238773, 0.0177713
83, 49, 0.011303, 0.0413523, 0.0117295, 0.0353777, 0.0058024, 0.019747, 0.00218876, 0.0100803, 0.00412665, 0.00254519, 0.0161362, 0.0274763, 0.0127124, 0.0140386, 0.00711445, 0.00327671, 0.0357107, 0.033392, 0.0370446, 0.0292837, 0.0560321, 0.0284469, 0.0293203, 0.0160485, 0.0232027, 0.0155492, 0.01634, 0.025981, 0.02977, 0.00960071, 0.014618, 0.0126451, 0.0367636, 0.0677281, 0.0183522, 0.0239105, 0.017804
84, 49, 0.0111373, 0.0412998, 0.0116946, 0.035444, 0.00589562, 0.0198422, 0.00217485, 0.010014, 0.0041493, 0.00253574, 0.0160807, 0.0273717, 0.0126818, 0.0139869, 0.00707167, 0.00326551, 0.0356229, 0.0333403, 0.0371232, 0.0290764, 0.0558512, 0.0284631, 0.0293245, 0.0160037, 0.0230074, 0.0156088, 0.0162291, 0.026019, 0.0297774, 0.00952597, 0.0145693, 0.0125708, 0.0367141, 0.0678053, 0.0182945, 0.0238514, 0.01773
85, 49, 0.0109786, 0.0411728, 0.011649, 0.0354623, 0.00596893, 0.019907, 0.00216966, 0.00995842, 0.00415568, 0.00252322, 0.0160308, 0.0272638, 0.0126609, 0.0139453, 0.00703171, 0.00326364, 0.0354955, 0.0332628, 0.037132, 0.0288556, 0.0556348, 0.02848, 0.0293211, 0.0159429, 0.0228128, 0.0156403, 0.0161011, 0.026091, 0.0298084, 0.00945643, 0.0145355, 0.0124982, 0.0366414, 0.0677957, 0.0181545, 0.0237269, 0.0175807
86, 49, 0.0108452, 0.0410058, 0.0115843, 0.0354524, 0.00603143, 0.0199558, 0.00216888, 0.00990898, 0.00415164, 0.00250945, 0.0159844, 0.0271528, 0.0126443, 0.0139091, 0.00699268, 0.00326944, 0.0353454, 0.0331674, 0.0370532, 0.0286732, 0.0553982, 0.0284894, 0.0293047, 0.015897, 0.0226039, 0.0156515, 0.0159629, 0.0261874, 0.0298561, 0.00939697, 0.0145188, 0.0124327, 0.036558, 0.0677033, 0.0179653, 0.023565, 0.0173891
87, 49, 0.010741, 0.0408271, 0.0115032, 0.0354299, 0.0060918, 0.0200001, 0.00216806, 0.00986082, 0.0041425, 0.00249598, 0.0159373, 0.0270377, 0.0126282, 0.0138734, 0.0069522, 0.00328176, 0.0351911, 0.0330619, 0.0368939, 0.0285648, 0.0551642, 0.0284802, 0.0292693, 0.0158777, 0.0223888, 0.0156443, 0.0158305, 0.0262935, 0.029908, 0.00935002, 0.0145179, 0.0123771, 0.0364776, 0.0675486, 0.0177602, 0.0233935, 0.017186
88, 49, 0.0106655, 0.040655, 0.011413, 0.0354034, 0.00615563, 0.0200471, 0.00216417, 0.00981127, 0.00413247, 0.00248374, 0.0158873, 0.0269192, 0.01261, 0.0138346, 0.00691006, 0.00329932, 0.0350495, 0.0329554, 0.0366829, 0.0285452, 0.0549511, 0.0284463, 0.0292134, 0.0158823, 0.0221904, 0.0156194, 0.0157235, 0.0263911, 0.0299475, 0.00931709, 0.0145286, 0.0123336, 0.0364129, 0.0673648, 0.0175693, 0.0232383, 0.0169988
89, 49, 0.0106202, 0.0405016, 0.0113197, 0.0353769, 0.00622363, 0.0200995, 0.00215607, 0.00976159, 0.00412317, 0.00247359, 0.0158357, 0.0268034, 0.0125887, 0.0137908, 0.00686966, 0.00332024, 0.0349341, 0.0328583, 0.0364606, 0.0286067, 0.0547713, 0.0283915, 0.0291435, 0.0158954, 0.022025, 0.0155796, 0.0156509, 0.0264646, 0.0299637, 0.00929629, 0.0145434, 0.0123021, 0.0363714, 0.0671886, 0.0174156, 0.0231189, 0.0168484
90, 49, 0.0106037, 0.0403748, 0.0112272, 0.0353536, 0.00629237, 0.0201558, 0.00214401, 0.00971627, 0.00411279, 0.00246664, 0.0157858, 0.0267002, 0.0125646, 0.0137427, 0.00683633, 0.00334178, 0.0348531, 0.0327807, 0.0362717, 0.0287242, 0.0546325, 0.0283287, 0.0290725, 0.0158982, 0.0218994, 0.0155302, 0.0156114, 0.0265046, 0.0299575, 0.00928057, 0.0145523, 0.0122778, 0.0363555, 0.0670527, 0.0173121, 0.0230454, 0.0167469
91, 49, 0.0106049, 0.0402808, 0.0111421, 0.0353376, 0.00635577, 0.0202125, 0.00212865, 0.00968155, 0.00409808, 0.00246411, 0.0157409, 0.0266197, 0.0125397, 0.013694, 0.00681484, 0.00336029, 0.0348064, 0.0327284, 0.036152, 0.028864, 0.0545351, 0.0282733, 0.0290146, 0.0158899, 0.0218132, 0.0154837, 0.0156001, 0.0265085, 0.0299369, 0.00926087, 0.014546, 0.0122535, 0.0363648, 0.0669794, 0.0172631, 0.0230201, 0.0166986
92, 49, 0.0106082, 0.0402224, 0.0110731, 0.0353309, 0.00640717, 0.0202658, 0.00211043, 0.00966366, 0.00407694, 0.00246719, 0.0157039, 0.0265676, 0.0125167, 0.0136501, 0.00680766, 0.00337196, 0.0347871, 0.032701, 0.0361159, 0.0289933, 0.054473, 0.0282377, 0.0289802, 0.0158869, 0.0217599, 0.0154564, 0.0156113, 0.0264789, 0.0299091, 0.00923067, 0.0145193, 0.0122236, 0.0363975, 0.0669754, 0.0172645, 0.0230386, 0.0166998
93, 49, 0.0106009, 0.0401928, 0.0110256, 0.0353307, 0.00644194, 0.0203121, 0.00208966, 0.0096669, 0.00404871, 0.00247661, 0.0156766, 0.0265431, 0.0124981, 0.0136156, 0.00681335, 0.00337458, 0.0347864, 0.0326942, 0.0361537, 0.0290906, 0.0544435, 0.0282261, 0.0289723, 0.0158958, 0.0217326, 0.015456, 0.0156386, 0.0264214, 0.0298788, 0.0091892, 0.014473, 0.0121872, 0.03645, 0.0670307, 0.0173044, 0.0230901, 0.0167388
94, 49, 0.0105779, 0.0401726, 0.0109978, 0.0353275, 0.00645841, 0.0203483, 0.00206713, 0.00969196, 0.00401328, 0.0024923, 0.0156593, 0.0265395, 0.0124844, 0.0135912, 0.00682631, 0.00336839, 0.0347981, 0.0327027, 0.0362349, 0.0291477, 0.0544523, 0.0282343, 0.0289854, 0.0158955, 0.0217321, 0.0154741, 0.015676, 0.0263443, 0.0298482, 0.00914143, 0.0144133, 0.0121484, 0.0365147, 0.0671211, 0.0173656, 0.0231593, 0.0167984
95, 49, 0.0105436, 0.0401389, 0.0109824, 0.0353091, 0.00645834, 0.0203724, 0.00204513, 0.00973581, 0.00397056, 0.00251337, 0.015652, 0.0265487, 0.0124734, 0.0135736, 0.00683983, 0.00335535, 0.0348179, 0.0327207, 0.0363144, 0.0291648, 0.0545047, 0.028252, 0.0290077, 0.015857, 0.0217673, 0.0154964, 0.0157208, 0.0262559, 0.0298154, 0.0090976, 0.0143509, 0.012116, 0.0365815, 0.0672125, 0.0174311, 0.0232307, 0.0168618
96, 49, 0.0105091, 0.0400804, 0.0109699, 0.0352685, 0.00644554, 0.0203841, 0.00202685, 0.00979292, 0.00392097, 0.00253819, 0.0156547, 0.0265644, 0.0124624, 0.0135579, 0.00685021, 0.00333827, 0.0348415, 0.0327422, 0.0363453, 0.0291405, 0.0545933, 0.0282679, 0.0290267, 0.0157773, 0.0218498, 0.015516, 0.0157759, 0.0261644, 0.0297775, 0.00907002, 0.0142988, 0.0121006, 0.0366405, 0.0672709, 0.017488, 0.0232917, 0.0169159
97, 49, 0.0104809, 0.0400006, 0.0109535, 0.0352096, 0.00642416, 0.020383, 0.00201465, 0.00985722, 0.00386582, 0.00256477, 0.0156673, 0.026584, 0.0124502, 0.0135405, 0.00685776, 0.00332004, 0.034867, 0.032764, 0.036295, 0.0290678, 0.0546979, 0.028275, 0.0290342, 0.0156836, 0.0219855, 0.0155374, 0.0158474, 0.0260785, 0.0297368, 0.00906666, 0.0142671, 0.012109, 0.0366848, 0.0672722, 0.0175292, 0.0233353, 0.0169539
98, 49, 0.0104572, 0.0399109, 0.0109326, 0.0351432, 0.00639678, 0.0203671, 0.00200926, 0.00992432, 0.00380698, 0.00259128, 0.0156899, 0.0266061, 0.0124366, 0.0135207, 0.00686451, 0.00330268, 0.0348998, 0.0327896, 0.0361508, 0.0289406, 0.0547939, 0.0282716, 0.0290297, 0.0156048, 0.0221657, 0.0155668, 0.0159367, 0.0260065, 0.0297026, 0.00908636, 0.0142581, 0.0121397, 0.0367122, 0.0672074, 0.0175557, 0.0233619, 0.0169767
99, 49, 0.0104354, 0.0398228, 0.0109162, 0.0350732, 0.00636297, 0.0203318, 0.00201094, 0.00999286, 0.00374594, 0.00261671, 0.015723, 0.0266308, 0.0124221, 0.0134988, 0.00687195, 0.00328654, 0.0349535, 0.032829, 0.0359106, 0.0287673, 0.0548536, 0.0282617, 0.02902, 0.0155547, 0.0223623, 0.0156081, 0.0160342, 0.0259532, 0.0296826, 0.00912131, 0.0142671, 0.012185, 0.0367262, 0.0670787, 0.0175793, 0.0233812, 0.0169951
100, 49, 0.0104162, 0.039739, 0.0109225, 0.0349886, 0.00631933, 0.0202704, 0.00202043, 0.0100652, 0.00368206, 0.00264115, 0.0157668, 0.0266587, 0.0124069, 0.0134756, 0.00688023, 0.00327063, 0.0350435, 0.0328943, 0.0355729, 0.0285839, 0.0548465, 0.0282538, 0.0290173, 0.0155367, 0.0225336, 0.0156665, 0.0161222, 0.0259158, 0.029672, 0.00916459, 0.0142854, 0.012239, 0.0367356, 0.0668937, 0.0176239, 0.0234118, 0.017032
101, 49, 0.0103912, 0.039646, 0.0109735, 0.0348682, 0.00625999, 0.0201748, 0.0020389, 0.0101478, 0.00361143, 0.00266646, 0.0158204, 0.0266886, 0.0123908, 0.0134506, 0.00688902, 0.00325317, 0.0351803, 0.0329946, 0.0351354, 0.0284536, 0.054743, 0.0282606, 0.0290371, 0.0155544, 0.0226419, 0.0157517, 0.016181, 0.025883, 0.0296487, 0.00921408, 0.0143031, 0.0122999, 0.0367529, 0.0666613, 0.017724, 0.0234788, 0.0171212
102, 49, 0.0103334, 0.0395154, 0.0110846, 0.034693, 0.00617847, 0.0200388, 0.0020677, 0.010251, 0.00352795, 0.0026966, 0.0158808, 0.0267171, 0.0123736, 0.0134222, 0.00689852, 0.00323232, 0.0353659, 0.0331345, 0.0345939, 0.0284429, 0.0545225, 0.0282977, 0.0290958, 0.0156258, 0.0226661, 0.0158812, 0.0161966, 0.0258359, 0.0295803, 0.00927011, 0.0143083, 0.0123676, 0.0367934, 0.066389, 0.0179226, 0.0236118, 0.0173056
103, 48, 0.0102074, 0.039316, 0.011257, 0.0344563, 0.00607018, 0.0198607, 0.00210834, 0.0103864, 0.00342654, 0.00273718, 0.0159458, 0.0267399, 0.0123552, 0.0133883, 0.00690861, 0.00320689, 0.0356008, 0.0333185, 0.0339428, 0.028584, 0.054181, 0.0283807, 0.0292074, 0.0157749, 0.0226099, 0.0160734, 0.0161671, 0.0257528, 0.029438, 0.00933181, 0.0142882, 0.0124392, 0.0368701, 0.0660814, 0.0182624, 0.0238405, 0.0176289
104, 48, 0.00999372, 0.0390286, 0.0114743, 0.0341642, 0.0059352, 0.0196456, 0.00216233, 0.0105612, 0.00330533, 0.00279323, 0.0160156, 0.0267537, 0.0123356, 0.0133485, 0.00691781, 0.00317681, 0.035891, 0.0335552, 0.0331799, 0.0288595, 0.0537346, 0.0285184, 0.029377, 0.0160027, 0.0224954, 0.0163344, 0.0160998, 0.0256182, 0.0292092, 0.00940032, 0.0142357, 0.0125136, 0.0369867, 0.0657411, 0.0187683, 0.0241826, 0.0181161
105, 48, 0.00970444, 0.0386565, 0.0117066, 0.0338358, 0.0057813, 0.0194057, 0.00222932, 0.0107701, 0.003166, 0.00286539, 0.0160921, 0.0267551, 0.0123137, 0.0133042, 0.00692314, 0.00314253, 0.0362485, 0.0338539, 0.0323151, 0.0292234, 0.0532114, 0.0287083, 0.0295989, 0.0162824, 0.0223426, 0.0166572, 0.016004, 0.0254324, 0.0289055, 0.0094863, 0.0141591, 0.0126002, 0.0371338, 0.0653744, 0.019425, 0.0246279, 0.0187511
106, 48, 0.00937996, 0.0382238, 0.0119211, 0.0334971, 0.00562497, 0.0191603, 0.00230421, 0.0109915, 0.0030129, 0.00294773, 0.016174, 0.0267359, 0.0122863, 0.0132568, 0.00691972, 0.00310425, 0.0366792, 0.0342157, 0.031389, 0.0296386, 0.0526452, 0.0289376, 0.029861, 0.0165838, 0.0221712, 0.0170341, 0.0158898, 0.0252197, 0.0285654, 0.00960951, 0.0140848, 0.0127188, 0.0372918, 0.0650006, 0.0201695, 0.0251326, 0.0194693
107, 48, 0.00907072, 0.0377613, 0.0120914, 0.0331711, 0.00548829, 0.0189334, 0.00237634, 0.0111933, 0.00285186, 0.00302965, 0.0162521, 0.0266795, 0.0122479, 0.0132056, 0.00689983, 0.00306188, 0.0371701, 0.0346254, 0.0304815, 0.0300868, 0.0520735, 0.0291856, 0.0301441, 0.0168871, 0.0220232, 0.0174582, 0.0157774, 0.0250209, 0.0282463, 0.00978611, 0.0140449, 0.0128868, 0.0374362, 0.0646529, 0.0209072, 0.0256287, 0.0201756
108, 48, 0.00881448, 0.0372978, 0.0122027, 0.0328735, 0.00539412, 0.0187507, 0.00243195, 0.0113424, 0.00269001, 0.00310025, 0.0163077, 0.0265629, 0.0121922, 0.0131477, 0.00685421, 0.0030158, 0.0376805, 0.0350458, 0.0296862, 0.0305401, 0.0515249, 0.0294238, 0.0304182, 0.0171801, 0.021945, 0.0179147, 0.0156889, 0.0248703, 0.0279955, 0.0100106, 0.0140563, 0.0131004, 0.0375429, 0.0643622, 0.0215428, 0.0260465, 0.0207787
109, 48, 0.00861954, 0.0368511, 0.0122576, 0.0326084, 0.00536061, 0.0186318, 0.00245979, 0.0114149, 0.00253653, 0.00315161, 0.0163141, 0.026361, 0.0121137, 0.0130789, 0.00677513, 0.00296811, 0.0381429, 0.0354213, 0.0290655, 0.0309381, 0.0510025, 0.0296202, 0.0306468, 0.0174524, 0.0219328, 0.0183739, 0.015623, 0.0247754, 0.027824, 0.0102467, 0.0141048, 0.0133246, 0.0375935, 0.0641399, 0.0220082, 0.0263348, 0.0212158
110, 48, 0.00847033, 0.036422, 0.0122767, 0.0323586, 0.00539469, 0.0185842, 0.00245695, 0.0114038, 0.00240184, 0.00317961, 0.0162422, 0.0260538, 0.0120087, 0.0129931, 0.00665932, 0.00292329, 0.0384812, 0.0356903, 0.0286222, 0.0312132, 0.0504783, 0.0297448, 0.030796, 0.0176878, 0.0219139, 0.018792, 0.0155475, 0.0247162, 0.0277041, 0.0104362, 0.014148, 0.0135027, 0.0375791, 0.0639733, 0.0222714, 0.026469, 0.0214596
111, 48, 0.00835471, 0.0359935, 0.0122829, 0.0320858, 0.00548978, 0.0186024, 0.00242988, 0.011321, 0.00229235, 0.00318417, 0.0160714, 0.0256332, 0.0118754, 0.0128834, 0.00650939, 0.00288688, 0.0386379, 0.0358058, 0.0283048, 0.0313275, 0.0499012, 0.0297747, 0.0308408, 0.017869, 0.0217921, 0.0191203, 0.0154271, 0.0246586, 0.0275876, 0.0105192, 0.0141321, 0.0135779, 0.0375034, 0.0638345, 0.0223347, 0.0264506, 0.0215134
112, 48, 0.00827488, 0.0355377, 0.0122836, 0.0317462, 0.00562804, 0.0186678, 0.00239013, 0.0111903, 0.00220494, 0.00316817, 0.0157962, 0.0251048, 0.0117147, 0.0127439, 0.00633316, 0.00286269, 0.0385927, 0.0357507, 0.0280469, 0.0312817, 0.0492177, 0.0296998, 0.0307705, 0.0179916, 0.0215202, 0.0193244, 0.0152608, 0.0245678, 0.0274263, 0.0104535, 0.0140112, 0.0135115, 0.0373792, 0.0636992, 0.0222295, 0.0263058, 0.0214065
113, 48, 0.0082388, 0.0350186, 0.0122675, 0.0313065, 0.00578448, 0.018752, 0.00235069, 0.0110389, 0.00212796, 0.00313559, 0.0154263, 0.0244826, 0.0115305, 0.0125719, 0.00614151, 0.00285096, 0.038363, 0.0355395, 0.0278129, 0.0311062, 0.0483972, 0.0295295, 0.0305931, 0.0180639, 0.0211349, 0.0193984, 0.0150884, 0.0244135, 0.0271815, 0.0102256, 0.013761, 0.0132931, 0.0372245, 0.0635647, 0.022008, 0.0260818, 0.0211883
114, 47, 0.00825641, 0.0343997, 0.0122061, 0.0307535, 0.00593102, 0.0188236, 0.00232514, 0.0108916, 0.0020475, 0.00309028, 0.0149849, 0.0237853, 0.011331, 0.0123718, 0.00594717, 0.00285007, 0.0379882, 0.0352064, 0.0276089, 0.0308491, 0.0474356, 0.0292852, 0.0303301, 0.0180925, 0.0207203, 0.0193579, 0.0149606, 0.024175, 0.0268291, 0.00984438, 0.0133782, 0.0129327, 0.0370571, 0.0634482, 0.0217274, 0.0258306, 0.0209139
115, 47, 0.00833559, 0.0336564, 0.012068, 0.0300938, 0.00604175, 0.0188587, 0.0023256, 0.0107698, 0.00195256, 0.0030366, 0.0145016, 0.0230329, 0.0111281, 0.0121562, 0.0057641, 0.0028605, 0.0375131, 0.0347873, 0.0274568, 0.0305559, 0.046335, 0.0289844, 0.0300008, 0.0180671, 0.0203477, 0.0192242, 0.014908, 0.0238473, 0.0263629, 0.0093287, 0.0128722, 0.0124479, 0.0368894, 0.0633639, 0.0214281, 0.025585, 0.0206224
116, 47, 0.00846542, 0.0327807, 0.011841, 0.0293454, 0.00609865, 0.0188445, 0.00235905, 0.010688, 0.00183769, 0.00297958, 0.0140021, 0.0222425, 0.0109329, 0.0119407, 0.00560443, 0.00288733, 0.0369721, 0.0343084, 0.0273667, 0.0302423, 0.0450857, 0.0286342, 0.0296147, 0.0179697, 0.0200426, 0.0190147, 0.0149295, 0.0234421, 0.0257922, 0.0087052, 0.0122615, 0.0118617, 0.0367218, 0.0633038, 0.0211188, 0.0253438, 0.0203219
117, 46, 0.00861235, 0.0317798, 0.0115372, 0.0285325, 0.00609592, 0.0187766, 0.00242517, 0.0106472, 0.00170527, 0.00292343, 0.0135008, 0.021425, 0.0107522, 0.0117358, 0.00547595, 0.00293815, 0.0363784, 0.0337807, 0.0273241, 0.0298824, 0.0436725, 0.02824, 0.0291788, 0.0178046, 0.019781, 0.0187486, 0.0149992, 0.0229818, 0.0251393, 0.00801113, 0.0115749, 0.0112069, 0.0365405, 0.0632351, 0.0207798, 0.025077, 0.0199923
118, 46, 0.00873307, 0.0306769, 0.0111856, 0.0276817, 0.00604075, 0.0186566, 0.00251781, 0.0106333, 0.00156453, 0.00286943, 0.0130019, 0.020587, 0.010589, 0.0115451, 0.00538286, 0.00301814, 0.0357275, 0.0332039, 0.0272984, 0.0294415, 0.0421028, 0.0278104, 0.0287022, 0.0176096, 0.0195147, 0.0184484, 0.0150846, 0.0224935, 0.0244388, 0.00729132, 0.01085, 0.0105236, 0.0363238, 0.0631175, 0.0203834, 0.0247478, 0.0196062
119, 45, 0.00878974, 0.0295113, 0.0108247, 0.0268161, 0.00594967, 0.0184906, 0.00262772, 0.0106217, 0.00142629, 0.00281474, 0.0125048, 0.0197352, 0.0104452, 0.0113693, 0.00532738, 0.00312746, 0.0350153, 0.0325781, 0.0272659, 0.028917, 0.0404275, 0.0273547, 0.0281944, 0.0174256, 0.0192102, 0.0181303, 0.0151677, 0.0220039, 0.0237335, 0.00659106, 0.0101292, 0.00985393, 0.03605, 0.0629288, 0.019912, 0.0243341, 0.0191461
120, 44, 0.00876438, 0.0283294, 0.010489, 0.0259498, 0.00584272, 0.0182873, 0.00274625, 0.0105874, 0.00129991, 0.00275345, 0.0120084, 0.0188802, 0.0103236, 0.0112101, 0.00531062, 0.00326248, 0.0342539, 0.0319131, 0.0272272, 0.0283446, 0.0387276, 0.0268812, 0.0276654, 0.0172668, 0.018862, 0.0177988, 0.0152497, 0.0215369, 0.0230644, 0.00594814, 0.00945242, 0.00923416, 0.035705, 0.0626761, 0.0193626, 0.023834, 0.0186106
121, 44, 0.00866373, 0.0271722, 0.0101931, 0.0250865, 0.00573668, 0.0180546, 0.00286836, 0.0105153, 0.00119755, 0.00268096, 0.0115135, 0.0180336, 0.0102286, 0.0110711, 0.00533187, 0.00341705, 0.0334699, 0.0312278, 0.0272029, 0.0277768, 0.0370745, 0.0263962, 0.0271251, 0.0171259, 0.018474, 0.0174525, 0.0153397, 0.0211125, 0.0224622, 0.00538687, 0.00885015, 0.00868832, 0.0352851, 0.0623858, 0.0187415, 0.0232572, 0.0180069
122, 43, 0.00850805, 0.0260577, 0.0099294, 0.0242234, 0.00563976, 0.0177952, 0.00299298, 0.0104039, 0.00113864, 0.00259814, 0.0110245, 0.0172021, 0.0101622, 0.0109565, 0.0053863, 0.00358291, 0.0326913, 0.030542, 0.0272141, 0.0272554, 0.0354956, 0.0259031, 0.0265815, 0.016994, 0.0180477, 0.0170933, 0.0154455, 0.0207463, 0.0219402, 0.00491808, 0.00834016, 0.00822794, 0.0347928, 0.0620816, 0.0180566, 0.0226147, 0.0173434
123, 43, 0.00832822, 0.0249764, 0.00967343, 0.0233535, 0.00555232, 0.0175088, 0.00312126, 0.0102608, 0.00114523, 0.00251116, 0.0105534, 0.0163844, 0.0101184, 0.0108677, 0.00546536, 0.0037517, 0.0319328, 0.0298661, 0.0272707, 0.0267939, 0.0339697, 0.0254035, 0.0260378, 0.0168701, 0.0175912, 0.0167278, 0.0155733, 0.0204418, 0.0214911, 0.00454232, 0.00792656, 0.00785505, 0.0342321, 0.0617707, 0.0173172, 0.0219173, 0.0166289
124, 42, 0.00816593, 0.0239092, 0.00939639, 0.0224652, 0.00547223, 0.0171981, 0.00325286, 0.010094, 0.00122925, 0.00242822, 0.010115, 0.0155752, 0.0100839, 0.0108015, 0.00556104, 0.00391778, 0.03119, 0.0291976, 0.0273705, 0.0263855, 0.0324486, 0.0248973, 0.0254909, 0.0167548, 0.0171238, 0.0163623, 0.0157279, 0.0201881, 0.02109, 0.00425043, 0.00759963, 0.00756253, 0.0336079, 0.0614459, 0.0165357, 0.0211771, 0.0158759
125, 41, 0.00805619, 0.0228475, 0.0090803, 0.0215475, 0.00539989, 0.0168731, 0.0033827, 0.00990537, 0.00138118, 0.00235556, 0.0097164, 0.0147682, 0.0100464, 0.0107527, 0.00566918, 0.00407937, 0.0304474, 0.028525, 0.0275031, 0.0260168, 0.0308847, 0.0243785, 0.0249295, 0.0166418, 0.0166608, 0.0159991, 0.0159081, 0.019962, 0.0207043, 0.00402187, 0.00733596, 0.00733175, 0.0329316, 0.0610984, 0.0157244, 0.0204056, 0.0150966
126, 41, 0.00800847, 0.0217925, 0.00872218, 0.020601, 0.00534025, 0.0165488, 0.0035023, 0.00969158, 0.00157461, 0.00229427, 0.00935143, 0.01396, 0.00999987, 0.0107154, 0.00578975, 0.00423838, 0.0296865, 0.027833, 0.0276593, 0.0256665, 0.0292513, 0.023836, 0.02434, 0.0165227, 0.0162043, 0.0156363, 0.016105, 0.0197369, 0.0203061, 0.00382466, 0.00710132, 0.00713196, 0.0322228, 0.0607301, 0.0148932, 0.0196125, 0.0143006
127, 40, 0.00801512, 0.0207425, 0.00832584, 0.0196355, 0.00530059, 0.0162392, 0.00360498, 0.00944979, 0.00178127, 0.00223983, 0.00900876, 0.0131526, 0.00994333, 0.0106836, 0.00592514, 0.00439944, 0.0288913, 0.0271072, 0.0278404, 0.0252954, 0.0275496, 0.0232593, 0.0237124, 0.0163853, 0.0157625, 0.0152685, 0.0163119, 0.0194878, 0.0198773, 0.00361954, 0.00685573, 0.006924, 0.0315042, 0.0603556, 0.0140507, 0.0188082, 0.0134964
128, 39, 0.00807106, 0.0196893, 0.00789419, 0.0186615, 0.00528569, 0.0159524, 0.00368816, 0.00918153, 0.00198047, 0.00218601, 0.00868224, 0.012354, 0.00987717, 0.0106504, 0.00607791, 0.00456714, 0.0280492, 0.0263371, 0.0280509, 0.0248597, 0.0258036, 0.0226407, 0.0230418, 0.0162042, 0.0153566, 0.0148871, 0.0165247, 0.0191927, 0.0194072, 0.00337026, 0.00656309, 0.00667076, 0.0307966, 0.0599941, 0.0132047, 0.0180031, 0.0126912
129, 39, 0.00816531, 0.0186316, 0.00743492, 0.0176916, 0.00529284, 0.0156893, 0.00375204, 0.00889426, 0.00215973, 0.0021292, 0.0083714, 0.0115762, 0.00980406, 0.0106115, 0.00624913, 0.00474408, 0.0271548, 0.0255177, 0.0282846, 0.0243338, 0.0240451, 0.0219781, 0.022329, 0.01596, 0.014985, 0.014487, 0.0167275, 0.0188337, 0.0188897, 0.00305705, 0.00620242, 0.00635034, 0.0301161, 0.0596539, 0.0123609, 0.0172057, 0.0118902
130, 38, 0.00825834, 0.0175814, 0.00697163, 0.016748, 0.0053106, 0.0154472, 0.00379878, 0.0086013, 0.00231281, 0.00206943, 0.00807482, 0.0108315, 0.00973222, 0.0105694, 0.00643766, 0.00493067, 0.0262104, 0.0246514, 0.0285227, 0.0237228, 0.0223037, 0.021277, 0.0215825, 0.0156709, 0.0146015, 0.0140781, 0.0168892, 0.0184022, 0.0183249, 0.00268352, 0.00577403, 0.00596351, 0.0294701, 0.0593261, 0.0115231, 0.0164218, 0.0110963
131, 38, 0.00830597, 0.0165609, 0.00653008, 0.0158539, 0.00532328, 0.0152231, 0.00383239, 0.00831731, 0.00243845, 0.00200875, 0.00778844, 0.01013, 0.00967312, 0.0105322, 0.00663881, 0.00512441, 0.0252283, 0.0237491, 0.0287491, 0.023058, 0.0206041, 0.0205462, 0.0208124, 0.0153817, 0.0141576, 0.0136795, 0.0169829, 0.0179048, 0.0177246, 0.00227046, 0.00529316, 0.00552682, 0.0288591, 0.0589945, 0.010694, 0.0156534, 0.0103107
132, 37, 0.00831098, 0.0155964, 0.00611012, 0.0150169, 0.00532357, 0.0150141, 0.00385737, 0.0080493, 0.00253996, 0.00194999, 0.00750896, 0.00947849, 0.00963474, 0.0105096, 0.0068435, 0.00531867, 0.0242319, 0.0228294, 0.0289647, 0.0223845, 0.0189665, 0.019793, 0.0200254, 0.015119, 0.0136582, 0.0133029, 0.0170095, 0.0173628, 0.0171112, 0.00184679, 0.00478004, 0.00506141, 0.0282802, 0.05865, 0.00987725, 0.0149023, 0.00953664
133, 36, 0.00832449, 0.0147055, 0.00568399, 0.0142285, 0.00531728, 0.0148167, 0.00387666, 0.00779327, 0.00262348, 0.00189598, 0.00723684, 0.00888074, 0.00961748, 0.0105068, 0.00704093, 0.00550448, 0.0232506, 0.0219149, 0.0291863, 0.0217517, 0.0174109, 0.0190252, 0.0192255, 0.0148685, 0.0131662, 0.0129491, 0.0169969, 0.0168011, 0.0165083, 0.00144932, 0.00425697, 0.004591, 0.0277283, 0.0582979, 0.00908114, 0.0141734, 0.00878317
134, 36, 0.00839246, 0.0138871, 0.00522412, 0.0134832, 0.00531578, 0.0146279, 0.0038915, 0.00754139, 0.00269484, 0.00184879, 0.0069772, 0.0083386, 0.00961444, 0.0105214, 0.00722348, 0.00567447, 0.0223091, 0.0210282, 0.0294285, 0.021201, 0.0159583, 0.0182561, 0.018421, 0.0145984, 0.0127489, 0.012617, 0.0169769, 0.0162373, 0.0159318, 0.00112733, 0.00374703, 0.00414066, 0.0271965, 0.057951, 0.00831689, 0.0134741, 0.00806273
135, 35, 0.00850421, 0.0131329, 0.0047348, 0.0127886, 0.00532662, 0.0144467, 0.003902, 0.00729008, 0.00275719, 0.0018093, 0.00673657, 0.00785226, 0.00961439, 0.0105446, 0.00738881, 0.00582436, 0.0214186, 0.0201833, 0.0296893, 0.0207459, 0.0146228, 0.0175042, 0.0176262, 0.014301, 0.0124235, 0.0123123, 0.0169665, 0.015683, 0.0153881, 0.000937559, 0.00326795, 0.00372865, 0.0266788, 0.0576166, 0.00758959, 0.012807, 0.00738077
136, 35, 0.00859839, 0.0124446, 0.00425216, 0.0121531, 0.00535131, 0.0142761, 0.00390725, 0.00704105, 0.0028106, 0.00177689, 0.00651775, 0.00741888, 0.00960601, 0.0105663, 0.00753874, 0.00595268, 0.0205784, 0.0193854, 0.0299549, 0.0203684, 0.0134055, 0.0167869, 0.0168568, 0.0140013, 0.0121549, 0.0120451, 0.0169681, 0.0151458, 0.0148772, 0.000911252, 0.00282846, 0.00336299, 0.0261727, 0.0572932, 0.00689257, 0.0121638, 0.0067285
137, 35, 0.00862959, 0.0118298, 0.00380424, 0.0115718, 0.00538701, 0.0141214, 0.00390561, 0.00679838, 0.00285364, 0.00174978, 0.00632302, 0.00703156, 0.00958106, 0.0105798, 0.00767829, 0.00606148, 0.0197848, 0.0186349, 0.0302127, 0.0200387, 0.0123016, 0.0161127, 0.0161234, 0.0137244, 0.0118984, 0.0118216, 0.01698, 0.0146295, 0.0143934, 0.00101027, 0.00242983, 0.00304469, 0.0256804, 0.0569732, 0.00621275, 0.0115324, 0.00609015
138, 34, 0.00861376, 0.0112876, 0.00337942, 0.0110328, 0.00542715, 0.0139842, 0.00389625, 0.00656642, 0.00288597, 0.00172601, 0.00615968, 0.00668054, 0.00953544, 0.0105846, 0.00781422, 0.00615664, 0.0190389, 0.0179305, 0.0304562, 0.0197248, 0.0113077, 0.0154789, 0.0154284, 0.0134732, 0.0116346, 0.0116415, 0.0170037, 0.0141325, 0.0139284, 0.00116756, 0.00206804, 0.00276838, 0.0252072, 0.0566482, 0.00554432, 0.010908, 0.00545736
139, 34, 0.00859622, 0.0108053, 0.00295028, 0.0105271, 0.00546126, 0.0138557, 0.00388061, 0.00634894, 0.00291043, 0.00170486, 0.00603886, 0.00635666, 0.0094702, 0.010586, 0.00795213, 0.00624601, 0.0183438, 0.0172725, 0.0306815, 0.0193962, 0.0104229, 0.014878, 0.014769, 0.0132379, 0.0113699, 0.0115016, 0.0170444, 0.0136508, 0.0134763, 0.00134432, 0.00173454, 0.00252312, 0.0247592, 0.0563096, 0.00489428, 0.0102988, 0.00483613
140, 33, 0.00859135, 0.0103684, 0.00251569, 0.0100461, 0.00547629, 0.0137149, 0.00386278, 0.00614693, 0.00293332, 0.00168771, 0.00596803, 0.00605569, 0.00939308, 0.0105938, 0.00809447, 0.00633699, 0.0177001, 0.016659, 0.0308786, 0.0190363, 0.00964454, 0.0143036, 0.014142, 0.0130157, 0.011117, 0.0113982, 0.0171036, 0.0131804, 0.0130371, 0.00153017, 0.00141743, 0.00229406, 0.0243414, 0.0559472, 0.00427692, 0.00971748, 0.00424045
141, 33, 0.00856235, 0.00996854, 0.00210935, 0.00957611, 0.00546275, 0.0135385, 0.00384876, 0.00595757, 0.0029627, 0.00167786, 0.00594764, 0.00577819, 0.00931607, 0.0106198, 0.00824138, 0.00643492, 0.0170974, 0.016082, 0.0310228, 0.0186426, 0.00896817, 0.0137539, 0.0135453, 0.012825, 0.0108776, 0.0113297, 0.0171759, 0.0127168, 0.0126127, 0.00172933, 0.00110287, 0.00206452, 0.0239567, 0.055546, 0.00370693, 0.0091744, 0.00368493
142, 33, 0.00844675, 0.00960162, 0.00177332, 0.00910603, 0.00542286, 0.0133166, 0.00384532, 0.00577468, 0.00300625, 0.00167928, 0.00597218, 0.00552386, 0.00924759, 0.0106745, 0.00839288, 0.00654223, 0.0165169, 0.0155276, 0.0310843, 0.01822, 0.00839277, 0.0132275, 0.0129774, 0.0126966, 0.0106424, 0.0112941, 0.017251, 0.0122511, 0.0122023, 0.00194943, 0.000777684, 0.00182049, 0.023605, 0.0550898, 0.00319721, 0.00867793, 0.00318234
143, 32, 0.00820049, 0.00926689, 0.00152678, 0.00863276, 0.00537242, 0.0130597, 0.00385774, 0.00559069, 0.00306971, 0.00169552, 0.00603335, 0.00528826, 0.00918813, 0.0107619, 0.00854983, 0.00665893, 0.0159428, 0.0149835, 0.0310556, 0.017784, 0.00792395, 0.0127223, 0.0124362, 0.0126521, 0.0103998, 0.011287, 0.0173175, 0.0117701, 0.011802, 0.00219562, 0.000434041, 0.00155506, 0.0232829, 0.0545731, 0.00275638, 0.00823572, 0.00274149
144, 32, 0.00782991, 0.00896933, 0.00136008, 0.00816235, 0.00533159, 0.0127925, 0.00388734, 0.00539949, 0.00315558, 0.00172859, 0.00612197, 0.0050673, 0.00913534, 0.010879, 0.00871308, 0.00678484, 0.01537, 0.014445, 0.0309652, 0.0173618, 0.00756911, 0.0122353, 0.0119182, 0.012691, 0.0101462, 0.0113021, 0.0173709, 0.0112597, 0.0114097, 0.00246986, 9.60019e-05, 0.00126677, 0.0229874, 0.0540107, 0.00238404, 0.00785097, 0.00236236
145, 31, 0.00739607, 0.00871773, 0.00125459, 0.00770903, 0.00531262, 0.0125391, 0.00393111, 0.00520065, 0.00326189, 0.00177807, 0.00622877, 0.00486319, 0.0090913, 0.0110196, 0.00888246, 0.00692087, 0.0148013, 0.0139124, 0.0308696, 0.0169782, 0.0073286, 0.0117615, 0.0114163, 0.0127819, 0.00990387, 0.0113326, 0.0174196, 0.010711, 0.0110286, 0.0027721, 0.000356089, 0.000956906, 0.0227161, 0.0534347, 0.00206686, 0.0075158, 0.00203195
146, 31, 0.00698825, 0.00851942, 0.00119123, 0.00729522, 0.00531508, 0.0123122, 0.00398401, 0.00500129, 0.00338232, 0.00184076, 0.00634607, 0.00468509, 0.00906269, 0.0111804, 0.0090552, 0.00706697, 0.0142423, 0.0133895, 0.0308374, 0.0166411, 0.00718915, 0.0112977, 0.0109246, 0.012868, 0.0097193, 0.0113701, 0.0174826, 0.0101232, 0.0106668, 0.00309864, 0.000777527, 0.000629913, 0.0224665, 0.0528864, 0.00178296, 0.0072123, 0.00172692
147, 30, 0.00668263, 0.00837309, 0.00113677, 0.00694656, 0.00533093, 0.0121142, 0.00404156, 0.00481378, 0.00350855, 0.00191176, 0.006468, 0.00454441, 0.00905518, 0.0113598, 0.00922529, 0.00721947, 0.0137023, 0.0128845, 0.0309321, 0.0163449, 0.00712603, 0.0108485, 0.0104455, 0.0128963, 0.0096368, 0.0114046, 0.0175767, 0.00950409, 0.0103316, 0.00344031, 0.00121801, 0.000294654, 0.0222348, 0.0524048, 0.00151276, 0.00692066, 0.00142388
148, 30, 0.00650923, 0.00826395, 0.00105382, 0.00668173, 0.00535283, 0.0119451, 0.00410098, 0.00465043, 0.00363297, 0.00198603, 0.00659161, 0.00444868, 0.00906909, 0.0115536, 0.00938566, 0.00737187, 0.0131941, 0.01241, 0.0311903, 0.0160827, 0.00711101, 0.0104249, 0.00998962, 0.0128382, 0.00967734, 0.0114298, 0.0177082, 0.00887021, 0.0100292, 0.00378466, 0.00166097, 3.79817e-05, 0.0220175, 0.0520161, 0.00124973, 0.00662592, 0.00110688
149, 30, 0.00644137, 0.00816601, 0.000954624, 0.00650535, 0.00537789, 0.0118079, 0.00416092, 0.00451862, 0.00374992, 0.00205904, 0.00671602, 0.00439705, 0.00909916, 0.0117539, 0.00953071, 0.00751727, 0.0127294, 0.0119771, 0.0316083, 0.0158484, 0.00711807, 0.0100378, 0.00956984, 0.0126853, 0.00983964, 0.0114417, 0.0178738, 0.00824403, 0.00976566, 0.00412152, 0.00209288, 0.000360239, 0.0218126, 0.0517266, 0.00100861, 0.00632099, 0.00077129
150, 30, 0.00641836, 0.00805724, 0.000937293, 0.00640606, 0.00540779, 0.0117061, 0.00422107, 0.00441807, 0.00385642, 0.00212764, 0.00684148, 0.00438142, 0.00913804, 0.0119521, 0.00965844, 0.00765087, 0.0123155, 0.0115919, 0.0321473, 0.015636, 0.00712621, 0.00969298, 0.00919502, 0.0124482, 0.0101013, 0.0114393, 0.018065, 0.00764955, 0.00954587, 0.00444406, 0.00250367, 0.000667815, 0.0216183, 0.0515216, 0.00083309, 0.00600785, 0.000423921
151, 30, 0.00638925, 0.00793824, 0.00107608, 0.00635657, 0.00544603, 0.0116388, 0.00428148, 0.00434177, 0.00395254, 0.00219073, 0.00696661, 0.00439236, 0.00917994, 0.0121413, 0.00977053, 0.0077708, 0.011955, 0.0112561, 0.0327474, 0.0154507, 0.00712104, 0.00939029, 0.00886529, 0.0121627, 0.0104189, 0.0114247, 0.0182715, 0.00710601, 0.00937112, 0.00474712, 0.00288397, 0.000956445, 0.0214327, 0.0513692, 0.000781355, 0.00569595, 8.12336e-05
152, 29, 0.00632854, 0.00782895, 0.00129995, 0.00632765, 0.0054948, 0.0115997, 0.00434179, 0.00428033, 0.00404019, 0.0022489, 0.00708776, 0.00442398, 0.00922079, 0.0123162, 0.00986983, 0.00787706, 0.0116442, 0.0109663, 0.0333469, 0.015308, 0.0070975, 0.00912456, 0.0085723, 0.0118795, 0.0107415, 0.0114014, 0.0184868, 0.00662092, 0.00923932, 0.00503049, 0.00322973, 0.00122561, 0.0212531, 0.0512287, 0.000859471, 0.00539676, 0.000237749
153, 29, 0.00622494, 0.00774473, 0.00153289, 0.00630928, 0.00555354, 0.0115814, 0.00440155, 0.00422734, 0.00412218, 0.00230384, 0.00719945, 0.00447391, 0.00925688, 0.0124715, 0.00995895, 0.00797109, 0.0113732, 0.0107148, 0.0339045, 0.0152158, 0.00706165, 0.00888993, 0.00830632, 0.0116444, 0.011028, 0.011372, 0.0187166, 0.00618786, 0.00915092, 0.00530518, 0.00355003, 0.00148577, 0.021075, 0.0510644, 0.00100747, 0.00511907, 0.000519735
154, 29, 0.00608323, 0.00768794, 0.00179277, 0.00631881, 0.00562054, 0.0115809, 0.004461, 0.00418126, 0.00420203, 0.00235809, 0.00729516, 0.00454077, 0.0092856, 0.0126029, 0.0100419, 0.00805635, 0.0111318, 0.0104933, 0.0344142, 0.0151651, 0.0070287, 0.00868222, 0.0080626, 0.0114844, 0.0112591, 0.0113383, 0.0189829, 0.00579311, 0.00911387, 0.00559321, 0.0038671, 0.00175864, 0.0208921, 0.0508597, 0.00117476, 0.00486653, 0.000763002
155, 29, 0.00593464, 0.00765831, 0.00212835, 0.00638103, 0.00569371, 0.0116003, 0.00452105, 0.0041419, 0.00428389, 0.00241446, 0.00736943, 0.00462152, 0.00930595, 0.0127086, 0.0101257, 0.0081381, 0.010912, 0.0102952, 0.0349046, 0.0151346, 0.00702598, 0.00849971, 0.00784211, 0.0113821, 0.0114517, 0.0112996, 0.0193205, 0.00542243, 0.0091417, 0.00591899, 0.00420663, 0.00206906, 0.0206993, 0.0506229, 0.00134738, 0.00463323, 0.000980466
156, 29, 0.00583438, 0.00766844, 0.00253996, 0.00650043, 0.00576975, 0.0116427, 0.00458195, 0.00410592, 0.00437183, 0.00247539, 0.00741968, 0.00471061, 0.00931748, 0.0127892, 0.0102194, 0.00822186, 0.0107055, 0.0101144, 0.0354172, 0.0150999, 0.00709942, 0.00834414, 0.00765056, 0.0112766, 0.0116483, 0.0112528, 0.0197599, 0.0050622, 0.00924699, 0.00630165, 0.00458939, 0.00243531, 0.0204956, 0.0503801, 0.00153337, 0.00440666, 0.00119296
157, 29, 0.0058424, 0.00773659, 0.00298612, 0.00666126, 0.00584406, 0.0117077, 0.0046429, 0.00406716, 0.00446941, 0.00254276, 0.00744663, 0.00480233, 0.00931974, 0.0128459, 0.0103321, 0.00831274, 0.0105057, 0.00994641, 0.0359805, 0.0150454, 0.00730946, 0.00822051, 0.00749631, 0.0111144, 0.011881, 0.0111963, 0.0203043, 0.00470231, 0.00943338, 0.00674882, 0.0050246, 0.00286341, 0.0202863, 0.0501592, 0.00174304, 0.00417713, 0.00141693
158, 29, 0.00598851, 0.0078664, 0.00343113, 0.00684671, 0.00591236, 0.011791, 0.00470214, 0.00401897, 0.00457876, 0.00261757, 0.00745295, 0.00489418, 0.00931331, 0.0128798, 0.01047, 0.00841519, 0.0103097, 0.00978925, 0.0365921, 0.0149656, 0.00770803, 0.00813159, 0.00738495, 0.0108834, 0.012152, 0.0111329, 0.0209247, 0.00433706, 0.00969213, 0.00725419, 0.00550726, 0.00334481, 0.0200834, 0.0499778, 0.00198122, 0.00394072, 0.00166222
159, 30, 0.00625529, 0.00804568, 0.0038611, 0.0070471, 0.00597052, 0.0118852, 0.00475727, 0.00395606, 0.00469903, 0.00269917, 0.00744192, 0.00498788, 0.00930104, 0.0128933, 0.010633, 0.00853138, 0.0101169, 0.0096408, 0.0372202, 0.0148613, 0.00831294, 0.00807337, 0.00731427, 0.010596, 0.0124497, 0.0110646, 0.0215728, 0.00396836, 0.0100056, 0.00779977, 0.00602087, 0.003859, 0.019902, 0.0498372, 0.00224808, 0.00369704, 0.0019336
160, 30, 0.00660162, 0.00826021, 0.00426931, 0.00725507, 0.00601199, 0.0119788, 0.0048055, 0.0038746, 0.00482407, 0.00278399, 0.00741607, 0.00508614, 0.00928816, 0.0128936, 0.0108118, 0.00865864, 0.00992605, 0.00949741, 0.0378187, 0.0147379, 0.00909257, 0.00803537, 0.00727322, 0.0102554, 0.0127654, 0.0109874, 0.0221968, 0.00361069, 0.010353, 0.00836256, 0.00654471, 0.00438186, 0.0197492, 0.0497215, 0.0025356, 0.00344993, 0.00222643
161, 31, 0.00699113, 0.00849892, 0.00464142, 0.00746, 0.00602823, 0.0120582, 0.00484369, 0.00377104, 0.00494165, 0.00286498, 0.00737867, 0.00518711, 0.00928093, 0.0128955, 0.0109879, 0.00878824, 0.00973566, 0.00935526, 0.0383453, 0.0146052, 0.00996947, 0.00800622, 0.00724723, 0.00984717, 0.0130994, 0.0108916, 0.0227504, 0.00329133, 0.0107093, 0.00891502, 0.00705672, 0.00488822, 0.0196203, 0.0496029, 0.00282652, 0.00320816, 0.0025239
162, 31, 0.00739461, 0.00874864, 0.00495815, 0.00764955, 0.0060148, 0.0121143, 0.00486817, 0.00363994, 0.0050363, 0.00293324, 0.00733562, 0.00528006, 0.00928437, 0.0129184, 0.0111386, 0.0089081, 0.00954691, 0.00921396, 0.0387742, 0.0144789, 0.0108414, 0.00797861, 0.00722454, 0.00936129, 0.013449, 0.0107678, 0.0231994, 0.0030391, 0.0110423, 0.00942273, 0.00753039, 0.00534881, 0.0195038, 0.0494512, 0.0030985, 0.00298367, 0.00280357
163, 31, 0.00779165, 0.00899757, 0.00520735, 0.00781414, 0.00597788, 0.0121488, 0.00487528, 0.00347612, 0.00509539, 0.00298128, 0.00729347, 0.00534843, 0.00929977, 0.0129767, 0.0112482, 0.00900876, 0.00937142, 0.00908297, 0.0390942, 0.0143838, 0.011604, 0.00795269, 0.00720001, 0.00885056, 0.0137821, 0.0106216, 0.023532, 0.0028684, 0.0113142, 0.00984791, 0.00793561, 0.0057322, 0.0193927, 0.0492443, 0.00333047, 0.00279007, 0.00304553
164, 32, 0.00817439, 0.00923873, 0.00539326, 0.00795123, 0.00593327, 0.0121749, 0.00486386, 0.00328008, 0.00511442, 0.00300576, 0.00725702, 0.0053786, 0.00932341, 0.0130691, 0.0113182, 0.00908864, 0.00923573, 0.00898423, 0.0392969, 0.0143426, 0.0121704, 0.00793666, 0.00717837, 0.00846737, 0.0140243, 0.0104822, 0.0237718, 0.00277011, 0.0114894, 0.010158, 0.00824324, 0.00601116, 0.0192894, 0.0489746, 0.0035021, 0.00264354, 0.00323212
165, 32, 0.00852862, 0.00946232, 0.00553928, 0.00806705, 0.00589984, 0.0122146, 0.00483634, 0.00305829, 0.00509527, 0.00300667, 0.00722814, 0.00536624, 0.00934894, 0.0131817, 0.0113631, 0.0091526, 0.0091741, 0.00894587, 0.0393843, 0.0143656, 0.0124879, 0.00794263, 0.00717114, 0.00839133, 0.0140989, 0.0103879, 0.0239694, 0.00272171, 0.0115421, 0.0103304, 0.00842987, 0.00616583, 0.0192002, 0.048655, 0.00359227, 0.00256229, 0.00334228
166, 32, 0.00881605, 0.00964954, 0.00567737, 0.00817315, 0.00589527, 0.0122999, 0.0047963, 0.00281449, 0.00503879, 0.00298325, 0.0072087, 0.00531277, 0.00937293, 0.013303, 0.011395, 0.00920484, 0.00921017, 0.00898731, 0.0393947, 0.0144609, 0.0125503, 0.00797794, 0.00718368, 0.00868234, 0.0139944, 0.0103622, 0.0241726, 0.00270796, 0.0114645, 0.0103537, 0.00848121, 0.00618447, 0.0191305, 0.0483221, 0.00358626, 0.00255731, 0.00335861
167, 32, 0.00899179, 0.00978191, 0.00582519, 0.00827819, 0.00593728, 0.0124743, 0.00474654, 0.00254018, 0.00494063, 0.00293085, 0.0072047, 0.00521845, 0.00939917, 0.0134382, 0.0114119, 0.00924342, 0.0093434, 0.00910882, 0.0393978, 0.0146546, 0.0123948, 0.008038, 0.00720309, 0.00921325, 0.0137859, 0.0104028, 0.0243958, 0.00273278, 0.0112679, 0.0102259, 0.00839136, 0.00606285, 0.0190841, 0.0480243, 0.00348439, 0.00262631, 0.00327874
168, 32, 0.00903257, 0.00985091, 0.00596571, 0.00837733, 0.00604362, 0.0127811, 0.00469231, 0.00221406, 0.0047975, 0.00284271, 0.00722932, 0.00508174, 0.0094383, 0.0136079, 0.0113995, 0.00926125, 0.00955331, 0.00929462, 0.0394517, 0.0149912, 0.0120772, 0.00810773, 0.00720038, 0.00976609, 0.0135829, 0.0104864, 0.0246236, 0.00281631, 0.0109729, 0.00995046, 0.00815843, 0.00580219, 0.0190624, 0.0477978, 0.0032929, 0.00276212, 0.00310649
169, 31, 0.00895078, 0.00985739, 0.00605185, 0.0084482, 0.00622548, 0.0132333, 0.00464721, 0.00181181, 0.00462181, 0.0027161, 0.00730047, 0.00490641, 0.00950378, 0.0138368, 0.0113436, 0.00925207, 0.009816, 0.00952618, 0.0395635, 0.0155058, 0.0116424, 0.00817098, 0.00714535, 0.0101898, 0.013457, 0.010587, 0.0248332, 0.00298768, 0.0105995, 0.00953693, 0.00778318, 0.00541161, 0.0190612, 0.0476471, 0.00300881, 0.00296514, 0.00283561
170, 31, 0.00879334, 0.00980633, 0.00603494, 0.00845797, 0.00647979, 0.0137904, 0.00463535, 0.00131965, 0.00445231, 0.00255836, 0.00743561, 0.00470788, 0.00960892, 0.0141435, 0.0112384, 0.00921491, 0.0101159, 0.00979084, 0.0396807, 0.0161736, 0.0111162, 0.00821936, 0.00702506, 0.0104564, 0.0134157, 0.0106874, 0.0250092, 0.0032769, 0.0101656, 0.00899957, 0.00726968, 0.0049055, 0.0190729, 0.0475403, 0.00262516, 0.00324227, 0.00245599
171, 31, 0.0086223, 0.009706, 0.00588959, 0.00837672, 0.00678789, 0.0143692, 0.00468449, 0.000747776, 0.00434442, 0.00238693, 0.00764626, 0.00451207, 0.00976623, 0.0145376, 0.0110845, 0.00915301, 0.0104471, 0.010082, 0.03971, 0.0168799, 0.0105182, 0.00825623, 0.00685557, 0.0106133, 0.0134259, 0.0107794, 0.0251452, 0.00370332, 0.0096902, 0.00834861, 0.0066236, 0.00429339, 0.0190924, 0.0474187, 0.00214832, 0.00359575, 0.00197266
172, 32, 0.00847462, 0.00955979, 0.00562271, 0.00819207, 0.00711983, 0.0148842, 0.00481109, 0.000200748, 0.00433881, 0.00222186, 0.00793474, 0.00434807, 0.00998559, 0.0150207, 0.0108832, 0.00906977, 0.0108116, 0.0103976, 0.0395571, 0.0174768, 0.0098769, 0.00829353, 0.00667161, 0.0107271, 0.0134503, 0.0108595, 0.0252469, 0.00426386, 0.00920064, 0.00758878, 0.00585304, 0.0035774, 0.0191225, 0.0472279, 0.00160775, 0.00401902, 0.00140909
173, 33, 0.00832702, 0.00935568, 0.00528356, 0.00791825, 0.00743927, 0.0152795, 0.00500633, 0.000583368, 0.00443463, 0.00207484, 0.00829299, 0.0042421, 0.0102691, 0.0155814, 0.0106377, 0.00896743, 0.0112176, 0.0107426, 0.0391747, 0.0178873, 0.00923915, 0.00834888, 0.00650367, 0.0108543, 0.0134689, 0.0109297, 0.0253311, 0.00493204, 0.00874006, 0.00673464, 0.0049795, 0.00276809, 0.0191755, 0.0469533, 0.00106682, 0.00450151, 0.000795222
174, 34, 0.00811428, 0.00907234, 0.00495046, 0.00759231, 0.00771182, 0.0155363, 0.00523682, 0.00116709, 0.00459599, 0.00194399, 0.0087012, 0.00421584, 0.0106054, 0.0161869, 0.0103606, 0.00884903, 0.0116739, 0.0111281, 0.0385855, 0.0181324, 0.00866548, 0.00844262, 0.00636714, 0.0110289, 0.0134767, 0.0109933, 0.0254119, 0.00566484, 0.00836451, 0.00582738, 0.0040496, 0.00190314, 0.0192646, 0.0466277, 0.000714554, 0.00502933, 0.000158581
175, 35, 0.00780217, 0.00871028, 0.00468153, 0.00725242, 0.00791547, 0.0156672, 0.00546131, 0.00167665, 0.0047806, 0.00181891, 0.00912792, 0.00428055, 0.0109679, 0.0167849, 0.010076, 0.00871942, 0.0121769, 0.0115551, 0.0378653, 0.0182711, 0.00821127, 0.00858528, 0.0062654, 0.0112547, 0.0134734, 0.0110488, 0.0254873, 0.0064104, 0.00811976, 0.00493057, 0.00313012, 0.00104324, 0.0193895, 0.0463015, 0.00089086, 0.00557733, 0.000471054
176, 36, 0.00743228, 0.00831116, 0.0044836, 0.00692322, 0.00804698, 0.0157063, 0.0056478, 0.00208394, 0.0049587, 0.00169138, 0.00953492, 0.00442909, 0.0113194, 0.0173177, 0.00981074, 0.00858465, 0.0126996, 0.0120015, 0.0371003, 0.0183423, 0.00790603, 0.00876634, 0.00619466, 0.0115089, 0.013457, 0.0110873, 0.0255365, 0.00711663, 0.00801412, 0.00410536, 0.00228525, 0.000247651, 0.0195318, 0.0460057, 0.00136775, 0.00610237, 0.00105386
177, 37, 0.00708612, 0.00793729, 0.0043348, 0.00662053, 0.00811887, 0.0156964, 0.00577972, 0.00238267, 0.0051129, 0.00156254, 0.00988767, 0.00463577, 0.0116223, 0.0177421, 0.00958446, 0.00845168, 0.013195, 0.0124235, 0.0363474, 0.0183531, 0.00774091, 0.008955, 0.00614525, 0.0117652, 0.0134178, 0.0110937, 0.0255259, 0.00774186, 0.00801472, 0.0033894, 0.00155666, 0.000447352, 0.0196614, 0.0457332, 0.00183922, 0.00654952, 0.00154242
178, 38, 0.0068191, 0.00763284, 0.00422015, 0.00635902, 0.00815286, 0.0156786, 0.00585524, 0.00258036, 0.00523304, 0.00144071, 0.0101659, 0.00486666, 0.0118508, 0.0180421, 0.00940471, 0.00832727, 0.013609, 0.0127695, 0.0356263, 0.0182925, 0.00767844, 0.00911023, 0.00610165, 0.0119882, 0.0133542, 0.011052, 0.0254241, 0.00826282, 0.00807199, 0.00279594, 0.000959637, 0.00102916, 0.019749, 0.0454507, 0.00219776, 0.00687001, 0.00189613
179, 39, 0.00663003, 0.00740341, 0.0041355, 0.00614734, 0.00817507, 0.0156888, 0.00588648, 0.00269858, 0.00531751, 0.00133349, 0.0103687, 0.00509288, 0.012, 0.0182301, 0.00926645, 0.00821478, 0.0138948, 0.0129965, 0.0349431, 0.0181485, 0.00768827, 0.0091968, 0.00604257, 0.0120862, 0.0133063, 0.0109497, 0.0252256, 0.00867479, 0.0081483, 0.00232436, 0.000492939, 0.00149865, 0.0197761, 0.0451282, 0.00240899, 0.0070416, 0.00209966
180, 39, 0.00647512, 0.00722435, 0.00407639, 0.00598373, 0.00821009, 0.015754, 0.00589552, 0.00276926, 0.00537538, 0.00124302, 0.0105121, 0.00529807, 0.0120852, 0.0183382, 0.00915679, 0.00811263, 0.0140286, 0.0130868, 0.034311, 0.0179214, 0.00777146, 0.00920294, 0.00594863, 0.0119129, 0.0133532, 0.0107824, 0.0249583, 0.00898599, 0.0082289, 0.0019689, 0.000157084, 0.00186097, 0.0197393, 0.0447602, 0.00248519, 0.00707837, 0.00217302
181, 39, 0.006312, 0.00706869, 0.00403643, 0.00586134, 0.0082719, 0.0158829, 0.00590394, 0.00282016, 0.00542144, 0.00116786, 0.0106178, 0.00547773, 0.0121316, 0.0184022, 0.00906281, 0.00801753, 0.014025, 0.0130591, 0.0337453, 0.0176247, 0.00793968, 0.00914553, 0.00581869, 0.0113918, 0.0135442, 0.0105626, 0.0246671, 0.00921329, 0.00831344, 0.00171756, 0.000149056, 0.00212585, 0.0196502, 0.0443626, 0.00247121, 0.00702428, 0.0021644
182, 39, 0.00613646, 0.00692759, 0.00400739, 0.00577219, 0.00835723, 0.0160601, 0.00592248, 0.0028618, 0.00546839, 0.00110623, 0.0107046, 0.005634, 0.0121628, 0.0184508, 0.0089764, 0.00792804, 0.0139356, 0.0129626, 0.0332404, 0.01727, 0.00817749, 0.00906273, 0.00568269, 0.0106263, 0.0138354, 0.0103244, 0.0243926, 0.00937927, 0.00840229, 0.00154691, 0.00031371, 0.00231384, 0.0195317, 0.0439513, 0.00242548, 0.00693676, 0.00213116
183, 39, 0.00596825, 0.00680363, 0.0039867, 0.00570853, 0.0084501, 0.016254, 0.00594976, 0.00289022, 0.00552398, 0.00105581, 0.0107886, 0.00577253, 0.0121982, 0.0185059, 0.00889266, 0.0078439, 0.0138226, 0.0128536, 0.0327628, 0.0168507, 0.00843532, 0.00899779, 0.00559308, 0.00983352, 0.0141183, 0.0101083, 0.0241598, 0.00950897, 0.00849059, 0.00142491, 0.00044729, 0.00245497, 0.0194121, 0.0435287, 0.00240088, 0.0068678, 0.00212201
184, 40, 0.00581466, 0.00669162, 0.00398865, 0.00566678, 0.00853229, 0.0164311, 0.0059785, 0.00289946, 0.00559291, 0.00101265, 0.0108848, 0.00590179, 0.0122536, 0.0185871, 0.00880731, 0.00776372, 0.0137313, 0.0127732, 0.0322749, 0.0163478, 0.00865645, 0.00898358, 0.00559818, 0.00917857, 0.0143081, 0.00993727, 0.0239745, 0.00962192, 0.00856907, 0.00132323, 0.000566995, 0.00257753, 0.0193181, 0.0430942, 0.00243383, 0.00685355, 0.00216814
185, 40, 0.00566602, 0.00658152, 0.00403619, 0.00564579, 0.00859061, 0.0165664, 0.00600172, 0.00288882, 0.00567751, 0.000972715, 0.011003, 0.00603181, 0.0123378, 0.0187056, 0.008719, 0.00768607, 0.0136842, 0.0127416, 0.0317673, 0.0157725, 0.00880763, 0.00903218, 0.00571207, 0.00871241, 0.0143865, 0.00981373, 0.0238268, 0.00972558, 0.00863066, 0.00122944, 0.000681477, 0.00269364, 0.0192686, 0.0426659, 0.00254176, 0.00691245, 0.00228352
186, 40, 0.00551621, 0.00647177, 0.00413544, 0.00564508, 0.00861864, 0.0166465, 0.00601473, 0.00286082, 0.00577532, 0.000934615, 0.0111412, 0.00617034, 0.0124474, 0.0188558, 0.00863245, 0.00761201, 0.0136912, 0.0127622, 0.0312699, 0.0152066, 0.00889317, 0.00912519, 0.00588845, 0.00842412, 0.0143822, 0.00973254, 0.023702, 0.00981603, 0.00867556, 0.00114916, 0.000781969, 0.00279576, 0.0192703, 0.0422892, 0.0027216, 0.00704501, 0.00246447
187, 40, 0.00536608, 0.00637035, 0.0042677, 0.00566286, 0.00861741, 0.0166736, 0.00601597, 0.00281913, 0.00587831, 0.000899729, 0.0112869, 0.00632043, 0.0125687, 0.0190174, 0.00855519, 0.00754451, 0.0137553, 0.0128251, 0.0308282, 0.0147695, 0.0089424, 0.00921706, 0.00603343, 0.00828714, 0.0143344, 0.00968993, 0.0235898, 0.00988563, 0.00871031, 0.0010935, 0.000853689, 0.00286845, 0.0193181, 0.0420131, 0.0029483, 0.00723128, 0.00268707
188, 41, 0.00522365, 0.00628789, 0.00440475, 0.00569504, 0.00859507, 0.0166626, 0.00600708, 0.00276854, 0.00597519, 0.000870191, 0.0114231, 0.00647872, 0.0126836, 0.0191657, 0.00849205, 0.00748623, 0.0138669, 0.012911, 0.0304664, 0.0145277, 0.00898587, 0.00926584, 0.00607622, 0.00826613, 0.0142702, 0.00968408, 0.0234857, 0.00993223, 0.0087426, 0.00106628, 0.000891216, 0.00290452, 0.0193976, 0.0418532, 0.00318224, 0.00743489, 0.00291357
189, 41, 0.00510836, 0.00623347, 0.00452887, 0.00573415, 0.00856311, 0.0166349, 0.00599197, 0.00271474, 0.006056, 0.000847045, 0.0115352, 0.00663509, 0.0127767, 0.019282, 0.00844362, 0.00743821, 0.0140012, 0.0129993, 0.0301718, 0.0144422, 0.00904026, 0.00926814, 0.00603124, 0.00831751, 0.014198, 0.00971068, 0.0233875, 0.00996446, 0.00877799, 0.00105931, 0.000904675, 0.00291324, 0.0194874, 0.0417755, 0.00338356, 0.00761544, 0.00310647
190, 41, 0.00503981, 0.0062064, 0.00464128, 0.00577068, 0.00853357, 0.0166113, 0.0059763, 0.00266474, 0.00611773, 0.000829284, 0.0116159, 0.00677737, 0.0128413, 0.0193604, 0.00840741, 0.00739881, 0.0141218, 0.0130737, 0.029907, 0.0143844, 0.00910157, 0.00925903, 0.00598871, 0.00839793, 0.0141135, 0.00975658, 0.0232951, 0.0100011, 0.00881817, 0.00105425, 0.000917477, 0.00291887, 0.0195656, 0.0417108, 0.00352559, 0.00774245, 0.00324116
191, 41, 0.00501733, 0.0061951, 0.00475547, 0.00579964, 0.00851475, 0.0166064, 0.00596525, 0.00262385, 0.00616451, 0.000814988, 0.011668, 0.00689681, 0.0128787, 0.0194072, 0.00837985, 0.00736474, 0.014198, 0.0131251, 0.0296384, 0.0142244, 0.00915331, 0.00927884, 0.00603843, 0.00848037, 0.014009, 0.0098022, 0.0232098, 0.0100629, 0.00886347, 0.001031, 0.000955862, 0.00294841, 0.0196134, 0.0415936, 0.00359919, 0.00780168, 0.0033099
192, 41, 0.00502201, 0.00619021, 0.00487941, 0.00582631, 0.00850614, 0.0166222, 0.00595995, 0.00259023, 0.00620163, 0.000802962, 0.011699, 0.00698942, 0.0128936, 0.0194321, 0.00835839, 0.00733446, 0.0142233, 0.0131548, 0.0293612, 0.0139393, 0.00919306, 0.00934134, 0.00619471, 0.00855553, 0.013886, 0.00982599, 0.0231292, 0.0101603, 0.00891749, 0.000982578, 0.00103143, 0.003014, 0.0196186, 0.0414052, 0.00360658, 0.00779265, 0.00331591
193, 41, 0.00503528, 0.00619259, 0.00500391, 0.00585774, 0.00850145, 0.0166513, 0.00595923, 0.002559, 0.00623429, 0.000792519, 0.0117175, 0.00705682, 0.0128922, 0.0194438, 0.00834157, 0.0073084, 0.0142132, 0.013169, 0.0290983, 0.0136145, 0.00923996, 0.00942805, 0.00639368, 0.00860301, 0.0137716, 0.00980252, 0.0230427, 0.0102879, 0.00898545, 0.000919054, 0.00113612, 0.0031083, 0.0195791, 0.0411777, 0.00355779, 0.00772543, 0.00326917
194, 41, 0.00505571, 0.00620864, 0.00511063, 0.00589279, 0.0084958, 0.0166835, 0.00596305, 0.00252927, 0.00626869, 0.000782848, 0.0117323, 0.00710559, 0.0128835, 0.0194513, 0.00832816, 0.00728662, 0.0141898, 0.0131746, 0.0288766, 0.0133456, 0.00930785, 0.00950787, 0.00655756, 0.00860155, 0.0136991, 0.00971452, 0.0229447, 0.0104294, 0.00906548, 0.000855879, 0.00125386, 0.00321641, 0.0195056, 0.0409597, 0.00347309, 0.00762231, 0.00318928
195, 41, 0.00510006, 0.00624785, 0.00519002, 0.00592732, 0.00848409, 0.0167053, 0.00596996, 0.0024998, 0.00630546, 0.000774621, 0.011745, 0.00714058, 0.0128739, 0.0194576, 0.00831831, 0.00726962, 0.0141773, 0.0131823, 0.0287085, 0.0131839, 0.00938409, 0.00956207, 0.00664851, 0.00860794, 0.0136568, 0.0095809, 0.0228536, 0.0105666, 0.0091464, 0.000804206, 0.00137107, 0.00332641, 0.0194181, 0.040788, 0.00338082, 0.00751412, 0.00310337
