3.7425999999999998e-01, 1.1776000000000000e-01, -7.4907000000000003e-03, -1.7887000000000001e-03, 9.5743999999999996e-01, 1.8908000000000000e-01, -2.9324000000000000e-01, 2.0716999999999999e-01, -1.7147000000000001e-01, -2.8872999999999999e-01, 2.1340000000000001e-01, -1.8334000000000000e-01, -1.3555000000000000e-01, 7.5051000000000007e-02, -5.0117000000000002e-02, -2.0247000000000001e-01, -3.3693000000000001e-01, 8.4072999999999995e-02, -2.8970000000000001e-01, -2.8848000000000001e-01, 7.8105999999999995e-02
3.7424000000000002e-01, 1.1778000000000000e-01, -7.3584000000000002e-03, -1.9310000000000000e-03, 9.5742000000000005e-01, 1.8851999999999999e-01, -2.9410999999999998e-01, 2.0993999999999999e-01, -1.7318000000000000e-01, -2.8849000000000002e-01, 2.1375000000000000e-01, -1.8339000000000000e-01, -1.3292999999999999e-01, 7.3370000000000005e-02, -2.7751999999999999e-02, -2.0197000000000001e-01, -3.3285999999999999e-01, 8.4331000000000003e-02, -2.9026999999999997e-01, -2.8695999999999999e-01, 7.7892000000000003e-02
3.7422000000000000e-01, 1.1780000000000000e-01, -7.2291999999999999e-03, -2.0830000000000002e-03, 9.5740999999999998e-01, 1.8794000000000000e-01, -2.9498000000000002e-01, 2.1273000000000000e-01, -1.7491999999999999e-01, -2.8821999999999998e-01, 2.1407000000000001e-01, -1.8343999999999999e-01, -1.3014999999999999e-01, 7.1460999999999997e-02, -1.2019000000000001e-03, -2.0147999999999999e-01, -3.2906000000000002e-01, 8.4532999999999997e-02, -2.9054999999999997e-01, -2.8588999999999998e-01, 7.7795000000000003e-02
3.7420999999999999e-01, 1.1781999999999999e-01, -7.1590999999999998e-03, -2.2628000000000001e-03, 9.5740000000000003e-01, 1.8731999999999999e-01, -2.9591000000000001e-01, 2.1562000000000001e-01, -1.7668000000000000e-01, -2.8799000000000002e-01, 2.1448000000000000e-01, -1.8354000000000001e-01, -1.2709000000000001e-01, 6.9307999999999995e-02, 3.1116999999999999e-02, -2.0104000000000000e-01, -3.2590000000000002e-01, 8.4648000000000001e-02, -2.9041000000000000e-01, -2.8577999999999998e-01, 7.7882000000000007e-02
3.7419999999999998e-01, 1.1781000000000000e-01, -7.1732000000000002e-03, -2.4991000000000002e-03, 9.5738999999999996e-01, 1.8665999999999999e-01, -2.9698000000000002e-01, 2.1875000000000000e-01, -1.7840000000000000e-01, -2.8792000000000001e-01, 2.1518999999999999e-01, -1.8373000000000000e-01, -1.2365000000000000e-01, 6.7144999999999996e-02, 6.8388000000000004e-02, -2.0071000000000000e-01, -3.2395000000000002e-01, 8.4667999999999993e-02, -2.8982000000000002e-01, -2.8714000000000001e-01, 7.8174999999999994e-02
3.7419999999999998e-01, 1.1780000000000000e-01, -7.2497999999999998e-03, -2.8224999999999999e-03, 9.5737000000000005e-01, 1.8595000000000000e-01, -2.9826999999999998e-01, 2.2217000000000001e-01, -1.7999000000000001e-01, -2.8816000000000003e-01, 2.1640000000000001e-01, -1.8406000000000000e-01, -1.1974000000000000e-01, 6.5345000000000000e-02, 1.0874000000000000e-01, -2.0060000000000000e-01, -3.2368000000000002e-01, 8.4587999999999997e-02, -2.8897000000000000e-01, -2.9028999999999999e-01, 7.8666000000000000e-02
3.7420999999999999e-01, 1.1779000000000001e-01, -7.3379999999999999e-03, -3.2593000000000001e-03, 9.5733000000000001e-01, 1.8522000000000000e-01, -2.9980000000000001e-01, 2.2586000000000001e-01, -1.8139000000000000e-01, -2.8880000000000000e-01, 2.1820999999999999e-01, -1.8448999999999999e-01, -1.1531000000000000e-01, 6.4309000000000005e-02, 1.5015000000000001e-01, -2.0091000000000001e-01, -3.2536999999999999e-01, 8.4398000000000001e-02, -2.8809000000000001e-01, -2.9526000000000002e-01, 7.9336000000000004e-02
3.7420999999999999e-01, 1.1779000000000001e-01, -7.3886000000000004e-03, -3.8298000000000000e-03, 9.5726999999999995e-01, 1.8453000000000000e-01, -3.0162000000000000e-01, 2.2968000000000000e-01, -1.8254999999999999e-01, -2.8993000000000002e-01, 2.2056999999999999e-01, -1.8495000000000000e-01, -1.1035000000000000e-01, 6.4342999999999997e-02, 1.9073000000000001e-01, -2.0186000000000001e-01, -3.2902999999999999e-01, 8.4089999999999998e-02, -2.8749000000000002e-01, -3.0175000000000002e-01, 8.0154000000000003e-02
3.7422000000000000e-01, 1.1779000000000001e-01, -7.3784000000000002e-03, -4.5500000000000002e-03, 9.5721000000000001e-01, 1.8401999999999999e-01, -3.0380000000000001e-01, 2.3346000000000000e-01, -1.8343999999999999e-01, -2.9160999999999998e-01, 2.2331000000000001e-01, -1.8534999999999999e-01, -1.0487000000000000e-01, 6.5548999999999996e-02, 2.2889000000000001e-01, -2.0361000000000001e-01, -3.3435999999999999e-01, 8.3664000000000002e-02, -2.8743000000000002e-01, -3.0928000000000000e-01, 8.1067000000000000e-02
3.7422000000000000e-01, 1.1779000000000001e-01, -7.3223999999999997e-03, -5.4339000000000002e-03, 9.5716000000000001e-01, 1.8387999999999999e-01, -3.0646000000000001e-01, 2.3705000000000001e-01, -1.8401999999999999e-01, -2.9393999999999998e-01, 2.2624000000000000e-01, -1.8559999999999999e-01, -9.8849999999999993e-02, 6.7757999999999999e-02, 2.6354000000000000e-01, -2.0624000000000001e-01, -3.4089999999999998e-01, 8.3131999999999998e-02, -2.8803000000000001e-01, -3.1719999999999998e-01, 8.1989000000000006e-02
3.7420999999999999e-01, 1.1780000000000000e-01, -7.2582999999999996e-03, -6.4977000000000004e-03, 9.5709999999999995e-01, 1.8434000000000000e-01, -3.0980000000000002e-01, 2.4032000000000001e-01, -1.8423000000000000e-01, -2.9709000000000002e-01, 2.2911999999999999e-01, -1.8561000000000000e-01, -9.2234999999999998e-02, 7.0580000000000004e-02, 2.9411999999999999e-01, -2.0971000000000001e-01, -3.4810000000000002e-01, 8.2520999999999997e-02, -2.8936000000000001e-01, -3.2485000000000003e-01, 8.2815000000000000e-02
3.7420999999999999e-01, 1.1780000000000000e-01, -7.2148999999999998e-03, -7.7615999999999996e-03, 9.5706999999999998e-01, 1.8567000000000000e-01, -3.1403999999999999e-01, 2.4323000000000000e-01, -1.8398000000000000e-01, -3.0123000000000000e-01, 2.3180999999999999e-01, -1.8526999999999999e-01, -8.4986999999999993e-02, 7.3551000000000005e-02, 3.2045000000000001e-01, -2.1398000000000000e-01, -3.5543000000000002e-01, 8.1880999999999995e-02, -2.9143000000000002e-01, -3.3161000000000002e-01, 8.3444000000000004e-02
3.7419999999999998e-01, 1.1780000000000000e-01, -7.1980999999999998e-03, -9.2490999999999997e-03, 9.5704000000000000e-01, 1.8808000000000000e-01, -3.1947999999999999e-01, 2.4578000000000000e-01, -1.8321999999999999e-01, -3.0660999999999999e-01, 2.3427000000000001e-01, -1.8453000000000000e-01, -7.7109999999999998e-02, 7.6298000000000005e-02, 3.4262999999999999e-01, -2.1903000000000000e-01, -3.6237999999999998e-01, 8.1269999999999995e-02, -2.9426999999999998e-01, -3.3699000000000001e-01, 8.3815000000000001e-02
3.7419999999999998e-01, 1.1780000000000000e-01, -7.2085999999999999e-03, -1.0984000000000001e-02, 9.5704000000000000e-01, 1.9180000000000000e-01, -3.2634999999999997e-01, 2.4804000000000001e-01, -1.8192000000000000e-01, -3.1347999999999998e-01, 2.3655000000000001e-01, -1.8339000000000000e-01, -6.8670999999999996e-02, 7.8636999999999999e-02, 3.6085000000000000e-01, -2.2491000000000000e-01, -3.6860999999999999e-01, 8.0736000000000002e-02, -2.9797000000000001e-01, -3.4066000000000002e-01, 8.3900000000000002e-02
3.7419000000000002e-01, 1.1780000000000000e-01, -7.2506999999999997e-03, -1.2985999999999999e-02, 9.5703000000000005e-01, 1.9697000000000001e-01, -3.3490999999999999e-01, 2.5012000000000001e-01, -1.8012000000000000e-01, -3.2208999999999999e-01, 2.3879000000000000e-01, -1.8190999999999999e-01, -5.9783999999999997e-02, 8.0555000000000002e-02, 3.7536000000000003e-01, -2.3169000000000001e-01, -3.7398999999999999e-01, 8.0288999999999999e-02, -3.0266999999999999e-01, -3.4248000000000001e-01, 8.3699999999999997e-02
3.7419999999999998e-01, 1.1779000000000001e-01, -7.3184000000000001e-03, -1.5273000000000000e-02, 9.5701000000000003e-01, 2.0374000000000000e-01, -3.4533999999999998e-01, 2.5212000000000001e-01, -1.7788999999999999e-01, -3.3267999999999998e-01, 2.4117000000000000e-01, -1.8018000000000001e-01, -5.0589000000000002e-02, 8.2133999999999999e-02, 3.8647999999999999e-01, -2.3943999999999999e-01, -3.7852000000000002e-01, 7.9901000000000000e-02, -3.0848999999999999e-01, -3.4245999999999999e-01, 8.3215999999999998e-02
3.7420999999999999e-01, 1.1777000000000000e-01, -7.3934999999999999e-03, -1.7857000000000001e-02, 9.5696999999999999e-01, 2.1218000000000001e-01, -3.5779000000000000e-01, 2.5413999999999998e-01, -1.7530000000000001e-01, -3.4543000000000001e-01, 2.4384000000000000e-01, -1.7827999999999999e-01, -4.1197999999999999e-02, 8.3461999999999995e-02, 3.9445999999999998e-01, -2.4818000000000001e-01, -3.8236999999999999e-01, 7.9525999999999999e-02, -3.1553999999999999e-01, -3.4072000000000002e-01, 8.2442000000000001e-02
3.7423000000000001e-01, 1.1776000000000000e-01, -7.4596000000000003e-03, -2.0746000000000001e-02, 9.5687999999999995e-01, 2.2233000000000000e-01, -3.7236000000000002e-01, 2.5627000000000000e-01, -1.7238000000000001e-01, -3.6043999999999998e-01, 2.4692000000000000e-01, -1.7627000000000001e-01, -3.1641000000000002e-02, 8.4570000000000006e-02, 3.9956999999999998e-01, -2.5791999999999998e-01, -3.8572000000000001e-01, 7.9127000000000003e-02, -3.2391999999999999e-01, -3.3743000000000001e-01, 8.1363000000000005e-02
3.7425000000000003e-01, 1.1774999999999999e-01, -7.5129999999999997e-03, -2.3948000000000001e-02, 9.5674000000000003e-01, 2.3418000000000000e-01, -3.8908999999999999e-01, 2.5858999999999999e-01, -1.6914999999999999e-01, -3.7773000000000001e-01, 2.5045000000000001e-01, -1.7412000000000000e-01, -2.1866000000000000e-02, 8.5426000000000002e-02, 4.0201999999999999e-01, -2.6862000000000003e-01, -3.8872000000000001e-01, 7.8694000000000000e-02, -3.3366000000000001e-01, -3.3278999999999997e-01, 7.9962000000000005e-02
3.7425999999999998e-01, 1.1774000000000000e-01, -7.5567000000000004e-03, -2.7466000000000001e-02, 9.5652999999999999e-01, 2.4767000000000000e-01, -4.0799000000000002e-01, 2.6121000000000000e-01, -1.6561999999999999e-01, -3.9724999999999999e-01, 2.5442999999999999e-01, -1.7182000000000000e-01, -1.1802999999999999e-02, 8.5987999999999995e-02, 4.0207999999999999e-01, -2.8026000000000001e-01, -3.9154000000000000e-01, 7.8234999999999999e-02, -3.4480000000000000e-01, -3.2710000000000000e-01, 7.8254000000000004e-02
3.7426999999999999e-01, 1.1773000000000000e-01, -7.5896999999999996e-03, -3.1302000000000003e-02, 9.5623999999999998e-01, 2.6280999999999999e-01, -4.2914000000000002e-01, 2.6427000000000000e-01, -1.6184999999999999e-01, -4.1898000000000002e-01, 2.5879000000000002e-01, -1.6930000000000001e-01, -1.4564000000000001e-03, 8.6267999999999997e-02, 3.9995999999999998e-01, -2.9286000000000001e-01, -3.9434999999999998e-01, 7.7743000000000007e-02, -3.5732000000000003e-01, -3.2074999999999998e-01, 7.6314000000000007e-02
3.7428000000000000e-01, 1.1773000000000000e-01, -7.6036000000000003e-03, -3.5453999999999999e-02, 9.5586000000000004e-01, 2.7962999999999999e-01, -4.5267000000000002e-01, 2.6793000000000000e-01, -1.5795999999999999e-01, -4.4290000000000002e-01, 2.6340999999999998e-01, -1.6653999999999999e-01, 9.0565999999999997e-03, 8.6352999999999999e-02, 3.9578999999999998e-01, -3.0642000000000003e-01, -3.9733000000000002e-01, 7.7181000000000000e-02, -3.7119000000000002e-01, -3.1420999999999999e-01, 7.4260999999999994e-02
3.7429000000000001e-01, 1.1773000000000000e-01, -7.5782000000000002e-03, -3.9916000000000000e-02, 9.5538999999999996e-01, 2.9824000000000001e-01, -4.7874000000000000e-01, 2.7235999999999999e-01, -1.5409000000000000e-01, -4.6904000000000001e-01, 2.6816000000000001e-01, -1.6350999999999999e-01, 1.9535000000000000e-02, 8.6389999999999995e-02, 3.8958999999999999e-01, -3.2101000000000002e-01, -4.0067000000000003e-01, 7.6503000000000002e-02, -3.8641999999999999e-01, -3.0791000000000002e-01, 7.2209999999999996e-02
3.7430000000000002e-01, 1.1774000000000000e-01, -7.4930999999999999e-03, -4.4686999999999998e-02, 9.5482000000000000e-01, 3.1870999999999999e-01, -5.0749000000000000e-01, 2.7768999999999999e-01, -1.5032999999999999e-01, -4.9741000000000002e-01, 2.7294000000000002e-01, -1.6023999999999999e-01, 2.9765000000000000e-02, 8.6546999999999999e-02, 3.8134000000000001e-01, -3.3671000000000001e-01, -4.0444000000000002e-01, 7.5681999999999999e-02, -4.0306999999999998e-01, -3.0210999999999999e-01, 7.0196999999999996e-02
3.7429000000000001e-01, 1.1776000000000000e-01, -7.3591000000000004e-03, -4.9762000000000001e-02, 9.5415000000000005e-01, 3.4105999999999997e-01, -5.3895000000000004e-01, 2.8397000000000000e-01, -1.4671999999999999e-01, -5.2800999999999998e-01, 2.7771000000000001e-01, -1.5678000000000000e-01, 3.9586999999999997e-02, 8.6985999999999994e-02, 3.7103000000000003e-01, -3.5371000000000002e-01, -4.0855999999999998e-01, 7.4732999999999994e-02, -4.2131000000000002e-01, -2.9685000000000000e-01, 6.8155999999999994e-02
3.7426999999999999e-01, 1.1778000000000000e-01, -7.2278000000000004e-03, -5.5128000000000003e-02, 9.5335999999999999e-01, 3.6519000000000001e-01, -5.7298000000000004e-01, 2.9114000000000001e-01, -1.4324000000000001e-01, -5.6071000000000004e-01, 2.8244999999999998e-01, -1.5315999999999999e-01, 4.8946999999999997e-02, 8.7831000000000006e-02, 3.5870999999999997e-01, -3.7222000000000000e-01, -4.1277000000000003e-01, 7.3699000000000001e-02, -4.4139000000000000e-01, -2.9188999999999998e-01, 6.5938999999999998e-02
3.7425000000000003e-01, 1.1779000000000001e-01, -7.1532999999999996e-03, -6.0762999999999998e-02, 9.5245000000000002e-01, 3.9090999999999998e-01, -6.0926000000000002e-01, 2.9901000000000000e-01, -1.3982000000000000e-01, -5.9531000000000001e-01, 2.8721000000000002e-01, -1.4942000000000000e-01, 5.7908000000000001e-02, 8.9137999999999995e-02, 3.4449000000000002e-01, -3.9251000000000003e-01, -4.1664000000000001e-01, 7.2616000000000000e-02, -4.6362999999999999e-01, -2.8671999999999997e-01, 6.3367000000000007e-02
3.7424000000000002e-01, 1.1779000000000001e-01, -7.1520999999999998e-03, -6.6630999999999996e-02, 9.5143999999999995e-01, 4.1793999999999998e-01, -6.4736000000000005e-01, 3.0736999999999998e-01, -1.3643000000000000e-01, -6.3153000000000004e-01, 2.9203000000000001e-01, -1.4560999999999999e-01, 6.6599000000000005e-02, 9.0900999999999996e-02, 3.2845999999999997e-01, -4.1486000000000001e-01, -4.1958000000000001e-01, 7.1492000000000000e-02, -4.8842000000000002e-01, -2.8055999999999998e-01, 6.0261000000000002e-02
3.7422000000000000e-01, 1.1779000000000001e-01, -7.2083000000000000e-03, -7.2692000000000007e-02, 9.5030999999999999e-01, 4.4603999999999999e-01, -6.8689999999999996e-01, 3.1602000000000002e-01, -1.3306999999999999e-01, -6.6910000000000003e-01, 2.9698000000000002e-01, -1.4177999999999999e-01, 7.5114000000000000e-02, 9.3049000000000007e-02, 3.1073000000000001e-01, -4.3955000000000000e-01, -4.2087999999999998e-01, 7.0317000000000005e-02, -5.1617000000000002e-01, -2.7239999999999998e-01, 5.6507000000000002e-02
3.7422000000000000e-01, 1.1777000000000000e-01, -7.3052999999999998e-03, -7.8904000000000002e-02, 9.4906999999999997e-01, 4.7505999999999998e-01, -7.2763999999999995e-01, 3.2490000000000002e-01, -1.2975999999999999e-01, -7.0787999999999995e-01, 3.0216999999999999e-01, -1.3804000000000000e-01, 8.3445000000000005e-02, 9.5451999999999995e-02, 2.9144999999999999e-01, -4.6675000000000000e-01, -4.1990000000000000e-01, 6.9088999999999998e-02, -5.4718000000000000e-01, -2.6127000000000000e-01, 5.2123000000000003e-02
3.7420999999999999e-01, 1.1774999999999999e-01, -7.4340999999999999e-03, -8.5231000000000001e-02, 9.4771000000000005e-01, 5.0495000000000001e-01, -7.6956000000000002e-01, 3.3413999999999999e-01, -1.2656999999999999e-01, -7.4785000000000001e-01, 3.0774000000000001e-01, -1.3449000000000000e-01, 9.1503000000000001e-02, 9.7909999999999997e-02, 2.7093000000000000e-01, -4.9653000000000003e-01, -4.1613000000000000e-01, 6.7821000000000006e-02, -5.8155000000000001e-01, -2.4656000000000000e-01, 4.7322999999999997e-02
3.7422000000000000e-01, 1.1773000000000000e-01, -7.5785999999999996e-03, -9.1637999999999997e-02, 9.4623000000000002e-01, 5.3569999999999995e-01, -8.1272999999999995e-01, 3.4395999999999999e-01, -1.2361999999999999e-01, -7.8905000000000003e-01, 3.1391000000000002e-01, -1.3125999999999999e-01, 9.9217000000000000e-02, 1.0019000000000000e-01, 2.4953000000000000e-01, -5.2878999999999998e-01, -4.0941000000000000e-01, 6.6535999999999998e-02, -6.1904999999999999e-01, -2.2839000000000001e-01, 4.2516999999999999e-02
3.7423000000000001e-01, 1.1771000000000000e-01, -7.7088000000000000e-03, -9.8093000000000000e-02, 9.4460000000000000e-01, 5.6723000000000001e-01, -8.5716999999999999e-01, 3.5463000000000000e-01, -1.2103999999999999e-01, -8.3150999999999997e-01, 3.2090000000000002e-01, -1.2851000000000001e-01, 1.0661000000000000e-01, 1.0211000000000001e-01, 2.2758000000000000e-01, -5.6333999999999995e-01, -3.9993000000000001e-01, 6.5242999999999995e-02, -6.5910000000000002e-01, -2.0769000000000001e-01, 3.8224000000000001e-02
3.7425000000000003e-01, 1.1769000000000000e-01, -7.7903000000000000e-03, -1.0455000000000000e-01, 9.4282999999999995e-01, 5.9938999999999998e-01, -9.0278000000000003e-01, 3.6632999999999999e-01, -1.1896000000000000e-01, -8.7511000000000005e-01, 3.2893000000000000e-01, -1.2636000000000000e-01, 1.1380000000000000e-01, 1.0359000000000000e-01, 2.0522000000000001e-01, -5.9989000000000003e-01, -3.8822000000000001e-01, 6.3920000000000005e-02, -7.0098000000000005e-01, -1.8595999999999999e-01, 3.4929000000000002e-02
3.7426999999999999e-01, 1.1769000000000000e-01, -7.7964999999999996e-03, -1.1097000000000000e-01, 9.4089999999999996e-01, 6.3197000000000003e-01, -9.4935000000000003e-01, 3.7914999999999999e-01, -1.1745999999999999e-01, -9.1966999999999999e-01, 3.3814000000000000e-01, -1.2495000000000001e-01, 1.2091000000000000e-01, 1.0467000000000000e-01, 1.8235000000000001e-01, -6.3819999999999999e-01, -3.7496000000000002e-01, 6.2517000000000003e-02, -7.4395000000000000e-01, -1.6480000000000000e-01, 3.2936000000000000e-02
3.7429000000000001e-01, 1.1771000000000000e-01, -7.7235000000000003e-03, -1.1731000000000000e-01, 9.3879999999999997e-01, 6.6476000000000002e-01, -9.9661000000000000e-01, 3.9302999999999999e-01, -1.1658000000000000e-01, -9.6499000000000001e-01, 3.4863000000000000e-01, -1.2435000000000000e-01, 1.2798000000000001e-01, 1.0552000000000000e-01, 1.5869000000000000e-01, -6.7805000000000004e-01, -3.6076999999999998e-01, 6.0970999999999997e-02, -7.8747000000000000e-01, -1.4545000000000000e-01, 3.2296999999999999e-02
3.7430000000000002e-01, 1.1772000000000001e-01, -7.5973999999999998e-03, -1.2353000000000000e-01, 9.3655999999999995e-01, 6.9755999999999996e-01, -1.0442000000000000e+00, 4.0780000000000000e-01, -1.1625000000000001e-01, -1.0107999999999999e+00, 3.6040000000000000e-01, -1.2456000000000000e-01, 1.3505000000000000e-01, 1.0632999999999999e-01, 1.3397000000000001e-01, -7.1928999999999998e-01, -3.4614000000000000e-01, 5.9220000000000002e-02, -8.3123999999999998e-01, -1.2856999999999999e-01, 3.2842000000000003e-02
3.7430999999999998e-01, 1.1774000000000000e-01, -7.4590999999999998e-03, -1.2958000000000000e-01, 9.3418000000000001e-01, 7.3014999999999997e-01, -1.0918000000000001e+00, 4.2325000000000002e-01, -1.1638999999999999e-01, -1.0569000000000000e+00, 3.7340000000000001e-01, -1.2554000000000001e-01, 1.4213000000000001e-01, 1.0728000000000000e-01, 1.0811000000000000e-01, -7.6185999999999998e-01, -3.3135999999999999e-01, 5.7231999999999998e-02, -8.7519000000000002e-01, -1.1425000000000000e-01, 3.4292000000000003e-02
3.7430999999999998e-01, 1.1776000000000000e-01, -7.3451999999999996e-03, -1.3542000000000001e-01, 9.3169000000000002e-01, 7.6232000000000000e-01, -1.1391000000000000e+00, 4.3915999999999999e-01, -1.1691000000000000e-01, -1.1028000000000000e+00, 3.8746999999999998e-01, -1.2719000000000000e-01, 1.4931000000000000e-01, 1.0849000000000000e-01, 8.1342999999999999e-02, -8.0567000000000000e-01, -3.1658999999999998e-01, 5.5016000000000002e-02, -9.1935000000000000e-01, -1.0224999999999999e-01, 3.6372000000000002e-02
3.7430000000000002e-01, 1.1778000000000000e-01, -7.2814999999999998e-03, -1.4102000000000001e-01, 9.2910000000000004e-01, 7.9395000000000004e-01, -1.1857000000000000e+00, 4.5535999999999999e-01, -1.1774999999999999e-01, -1.1484000000000001e+00, 4.0243000000000001e-01, -1.2939999999999999e-01, 1.5662999999999999e-01, 1.0990999999999999e-01, 5.4126000000000001e-02, -8.5058999999999996e-01, -3.0195000000000000e-01, 5.2629000000000002e-02, -9.6365999999999996e-01, -9.2271000000000006e-02, 3.8869000000000001e-02
3.7428000000000000e-01, 1.1778000000000000e-01, -7.2808999999999999e-03, -1.4635999999999999e-01, 9.2645999999999995e-01, 8.2508999999999999e-01, -1.2316000000000000e+00, 4.7173999999999999e-01, -1.1889000000000000e-01, -1.1935000000000000e+00, 4.1803000000000001e-01, -1.3203999999999999e-01, 1.6409000000000001e-01, 1.1128000000000000e-01, 2.7002999999999999e-02, -8.9629999999999999e-01, -2.8754999999999997e-01, 5.0180000000000002e-02, -1.0079000000000000e+00, -8.4034999999999999e-02, 4.1631000000000001e-02
3.7425999999999998e-01, 1.1778000000000000e-01, -7.3356000000000003e-03, -1.5140000000000001e-01, 9.2376000000000003e-01, 8.5589000000000004e-01, -1.2768999999999999e+00, 4.8821999999999999e-01, -1.2027000000000000e-01, -1.2382000000000000e+00, 4.3407000000000001e-01, -1.3500000000000001e-01, 1.7157000000000000e-01, 1.1225000000000000e-01, 3.7720000000000001e-04, -9.4238000000000000e-01, -2.7354000000000001e-01, 4.7808000000000003e-02, -1.0518000000000001e+00, -7.7335000000000001e-02, 4.4526999999999997e-02
3.7423000000000001e-01, 1.1777000000000000e-01, -7.4162999999999998e-03, -1.5614000000000000e-01, 9.2103000000000002e-01, 8.8651999999999997e-01, -1.3218000000000001e+00, 5.0473999999999997e-01, -1.2184000000000000e-01, -1.2825000000000000e+00, 4.5035999999999998e-01, -1.3822999999999999e-01, 1.7893000000000001e-01, 1.1250000000000000e-01, -2.5609000000000000e-02, -9.8834999999999995e-01, -2.6010000000000000e-01, 4.5644999999999998e-02, -1.0949000000000000e+00, -7.1985999999999994e-02, 4.7416000000000000e-02
3.7422000000000000e-01, 1.1776000000000000e-01, -7.4930999999999999e-03, -1.6059000000000001e-01, 9.1827999999999999e-01, 9.1707000000000005e-01, -1.3663000000000001e+00, 5.2122000000000002e-01, -1.2357000000000000e-01, -1.3264000000000000e+00, 4.6671000000000001e-01, -1.4165000000000000e-01, 1.8601000000000001e-01, 1.1187000000000000e-01, -5.1017000000000000e-02, -1.0338000000000001e+00, -2.4743000000000001e-01, 4.3770999999999997e-02, -1.1371000000000000e+00, -6.7842000000000000e-02, 5.0153999999999997e-02
3.7420999999999999e-01, 1.1774999999999999e-01, -7.5596999999999999e-03, -1.6472999999999999e-01, 9.1552000000000000e-01, 9.4747999999999999e-01, -1.4101999999999999e+00, 5.3756000000000004e-01, -1.2545000000000001e-01, -1.3698999999999999e+00, 4.8297000000000001e-01, -1.4521999999999999e-01, 1.9272000000000000e-01, 1.1040999999999999e-01, -7.5950000000000004e-02, -1.0786000000000000e+00, -2.3577000000000001e-01, 4.2197999999999999e-02, -1.1781999999999999e+00, -6.4824000000000007e-02, 5.2608000000000002e-02
3.7422000000000000e-01, 1.1774000000000000e-01, -7.6146000000000000e-03, -1.6857000000000000e-01, 9.1278000000000004e-01, 9.7762000000000004e-01, -1.4534000000000000e+00, 5.5367999999999995e-01, -1.2753000000000000e-01, -1.4126000000000001e+00, 4.9895000000000000e-01, -1.4892000000000000e-01, 1.9894000000000001e-01, 1.0832000000000000e-01, -1.0040000000000000e-01, -1.1224000000000001e+00, -2.2534000000000001e-01, 4.0906999999999999e-02, -1.2181000000000000e+00, -6.2919000000000003e-02, 5.4684000000000003e-02
3.7424000000000002e-01, 1.1774000000000000e-01, -7.6388999999999997e-03, -1.7212000000000000e-01, 9.1007000000000005e-01, 1.0074000000000001e+00, -1.4957000000000000e+00, 5.6945999999999997e-01, -1.2983000000000000e-01, -1.4543999999999999e+00, 5.1451000000000002e-01, -1.5275000000000000e-01, 2.0458999999999999e-01, 1.0580000000000001e-01, -1.2422999999999999e-01, -1.1650000000000000e+00, -2.1626999999999999e-01, 3.9909000000000000e-02, -1.2566999999999999e+00, -6.2153000000000000e-02, 5.6319000000000001e-02
3.7425999999999998e-01, 1.1774000000000000e-01, -7.6184000000000000e-03, -1.7535000000000001e-01, 9.0739999999999998e-01, 1.0366000000000000e+00, -1.5370999999999999e+00, 5.8484000000000003e-01, -1.3236999999999999e-01, -1.4951000000000001e+00, 5.2959999999999996e-01, -1.5673000000000001e-01, 2.0957000000000001e-01, 1.0292999999999999e-01, -1.4729000000000000e-01, -1.2063999999999999e+00, -2.0854000000000000e-01, 3.9286000000000001e-02, -1.2938000000000001e+00, -6.2567999999999999e-02, 5.7458000000000002e-02
3.7426999999999999e-01, 1.1774999999999999e-01, -7.5608000000000003e-03, -1.7829000000000000e-01, 9.0480000000000005e-01, 1.0652999999999999e+00, -1.5772999999999999e+00, 5.9970999999999997e-01, -1.3517000000000001e-01, -1.5347000000000000e+00, 5.4420000000000002e-01, -1.6089000000000001e-01, 2.1382000000000001e-01, 9.9677000000000002e-02, -1.6950999999999999e-01, -1.2462000000000000e+00, -2.0202000000000001e-01, 3.9169000000000002e-02, -1.3291999999999999e+00, -6.4212000000000005e-02, 5.8028999999999997e-02
3.7426999999999999e-01, 1.1777000000000000e-01, -7.4821999999999996e-03, -1.8092000000000000e-01, 9.0227999999999997e-01, 1.0934999999999999e+00, -1.6163000000000001e+00, 6.1402999999999996e-01, -1.3819000000000001e-01, -1.5730999999999999e+00, 5.5835999999999997e-01, -1.6521000000000000e-01, 2.1736000000000000e-01, 9.5870999999999998e-02, -1.9097000000000000e-01, -1.2842000000000000e+00, -1.9649000000000000e-01, 3.9664999999999999e-02, -1.3627000000000000e+00, -6.7116999999999996e-02, 5.7953999999999999e-02
3.7425999999999998e-01, 1.1778000000000000e-01, -7.4037000000000000e-03, -1.8325000000000000e-01, 8.9983999999999997e-01, 1.1211000000000000e+00, -1.6539999999999999e+00, 6.2773000000000001e-01, -1.4137000000000000e-01, -1.6104000000000001e+00, 5.7213999999999998e-01, -1.6966999999999999e-01, 2.2026999999999999e-01, 9.1358999999999996e-02, -2.1177000000000001e-01, -1.3205000000000000e+00, -1.9167999999999999e-01, 4.0783000000000000e-02, -1.3942000000000001e+00, -7.1254999999999999e-02, 5.7179000000000001e-02
3.7425000000000003e-01, 1.1779000000000001e-01, -7.3492000000000002e-03, -1.8529000000000001e-01, 8.9748000000000006e-01, 1.1479999999999999e+00, -1.6903999999999999e+00, 6.4078999999999997e-01, -1.4463000000000001e-01, -1.6466000000000001e+00, 5.8557999999999999e-01, -1.7419000000000001e-01, 2.2264000000000000e-01, 8.6086999999999997e-02, -2.3197000000000001e-01, -1.3548000000000000e+00, -1.8734000000000001e-01, 4.2419999999999999e-02, -1.4235000000000000e+00, -7.6465000000000005e-02, 5.5714000000000000e-02
3.7423000000000001e-01, 1.1779000000000001e-01, -7.3257000000000001e-03, -1.8706000000000000e-01, 8.9522999999999997e-01, 1.1739999999999999e+00, -1.7252000000000001e+00, 6.5322000000000002e-01, -1.4790000000000000e-01, -1.6815000000000000e+00, 5.9875999999999996e-01, -1.7871999999999999e-01, 2.2458000000000000e-01, 8.0112000000000003e-02, -2.5155000000000000e-01, -1.3873000000000000e+00, -1.8329999999999999e-01, 4.4391000000000000e-02, -1.4510000000000001e+00, -8.2451999999999998e-02, 5.3650000000000003e-02
3.7420999999999999e-01, 1.1779000000000001e-01, -7.3188000000000003e-03, -1.8858000000000000e-01, 8.9305999999999996e-01, 1.1991000000000001e+00, -1.7584000000000000e+00, 6.6501999999999994e-01, -1.5112999999999999e-01, -1.7150000000000001e+00, 6.1168999999999996e-01, -1.8318000000000001e-01, 2.2622999999999999e-01, 7.3549000000000003e-02, -2.7037000000000000e-01, -1.4178999999999999e+00, -1.7952000000000001e-01, 4.6486000000000000e-02, -1.4767999999999999e+00, -8.8847999999999996e-02, 5.1138999999999997e-02
3.7419000000000002e-01, 1.1779000000000001e-01, -7.3223999999999997e-03, -1.8986000000000000e-01, 8.9097999999999999e-01, 1.2229000000000001e+00, -1.7897000000000001e+00, 6.7623000000000000e-01, -1.5432000000000001e-01, -1.7470000000000001e+00, 6.2441000000000002e-01, -1.8754000000000001e-01, 2.2775000000000001e-01, 6.6518999999999995e-02, -2.8828999999999999e-01, -1.4467000000000001e+00, -1.7613000000000001e-01, 4.8489999999999998e-02, -1.5012000000000001e+00, -9.5309000000000005e-02, 4.8363000000000003e-02
3.7419999999999998e-01, 1.1779000000000001e-01, -7.3477000000000004e-03, -1.9094000000000000e-01, 8.8897999999999999e-01, 1.2452000000000001e+00, -1.8190000000000000e+00, 6.8686000000000003e-01, -1.5748999999999999e-01, -1.7770999999999999e+00, 6.3685000000000003e-01, -1.9178999999999999e-01, 2.2935000000000000e-01, 5.9139999999999998e-02, -3.0520999999999998e-01, -1.4734000000000000e+00, -1.7330999999999999e-01, 5.0181999999999997e-02, -1.5243000000000000e+00, -1.0156999999999999e-01, 4.5519999999999998e-02
3.7422000000000000e-01, 1.1778000000000000e-01, -7.3939000000000001e-03, -1.9181999999999999e-01, 8.8707000000000003e-01, 1.2660000000000000e+00, -1.8461000000000001e+00, 6.9688000000000005e-01, -1.6062000000000001e-01, -1.8050999999999999e+00, 6.4883999999999997e-01, -1.9589999999999999e-01, 2.3114000000000001e-01, 5.1551000000000000e-02, -3.2107999999999998e-01, -1.4981000000000000e+00, -1.7125000000000001e-01, 5.1353000000000003e-02, -1.5464000000000000e+00, -1.0743999999999999e-01, 4.2826999999999997e-02
3.7425999999999998e-01, 1.1778000000000000e-01, -7.4355999999999997e-03, -1.9253000000000001e-01, 8.8526000000000005e-01, 1.2849999999999999e+00, -1.8710000000000000e+00, 7.0623000000000002e-01, -1.6369000000000000e-01, -1.8310000000000000e+00, 6.6012999999999999e-01, -1.9986000000000001e-01, 2.3318000000000000e-01, 4.3913000000000001e-02, -3.3589000000000002e-01, -1.5207999999999999e+00, -1.7004000000000000e-01, 5.1841999999999999e-02, -1.5673999999999999e+00, -1.1276000000000000e-01, 4.0495000000000003e-02
3.7429000000000001e-01, 1.1777000000000000e-01, -7.4522000000000000e-03, -1.9308000000000000e-01, 8.8360000000000005e-01, 1.3024000000000000e+00, -1.8935000000000000e+00, 7.1480999999999995e-01, -1.6664999999999999e-01, -1.8545000000000000e+00, 6.7047999999999996e-01, -2.0363000000000001e-01, 2.3535000000000000e-01, 3.6422000000000003e-02, -3.4960999999999998e-01, -1.5415000000000001e+00, -1.6974000000000000e-01, 5.1590999999999998e-02, -1.5873999999999999e+00, -1.1747000000000000e-01, 3.8669000000000002e-02
3.7430000000000002e-01, 1.1777000000000000e-01, -7.4486999999999999e-03, -1.9349000000000000e-01, 8.8210000000000000e-01, 1.3182000000000000e+00, -1.9137999999999999e+00, 7.2252000000000005e-01, -1.6944000000000001e-01, -1.8755999999999999e+00, 6.7969999999999997e-01, -2.0716000000000001e-01, 2.3749000000000001e-01, 2.9326999999999999e-02, -3.6223000000000000e-01, -1.5603000000000000e+00, -1.7039000000000001e-01, 5.0639999999999998e-02, -1.6065000000000000e+00, -1.2161000000000000e-01, 3.7347999999999999e-02
3.7430000000000002e-01, 1.1777000000000000e-01, -7.4438999999999998e-03, -1.9375999999999999e-01, 8.8078999999999996e-01, 1.3326000000000000e+00, -1.9319000000000000e+00, 7.2929999999999995e-01, -1.7205999999999999e-01, -1.8944000000000001e+00, 6.8774999999999997e-01, -2.1043999999999999e-01, 2.3941999999999999e-01, 2.2880999999999999e-02, -3.7380000000000002e-01, -1.5772999999999999e+00, -1.7199999999999999e-01, 4.9099999999999998e-02, -1.6245000000000001e+00, -1.2537000000000001e-01, 3.6385000000000001e-02
3.7429000000000001e-01, 1.1777000000000000e-01, -7.4462000000000000e-03, -1.9391000000000000e-01, 8.7966999999999995e-01, 1.3453999999999999e+00, -1.9479000000000000e+00, 7.3512999999999995e-01, -1.7454000000000000e-01, -1.9111000000000000e+00, 6.9469999999999998e-01, -2.1346999999999999e-01, 2.4104000000000000e-01, 1.7222999999999999e-02, -3.8439000000000001e-01, -1.5925000000000000e+00, -1.7446000000000000e-01, 4.7119000000000001e-02, -1.6413000000000000e+00, -1.2898000000000001e-01, 3.5561000000000002e-02
3.7426999999999999e-01, 1.1777000000000000e-01, -7.4438000000000004e-03, -1.9394000000000000e-01, 8.7873000000000001e-01, 1.3568000000000000e+00, -1.9618000000000000e+00, 7.4004000000000003e-01, -1.7693000000000000e-01, -1.9256000000000000e+00, 7.0071000000000006e-01, -2.1626999999999999e-01, 2.4243000000000001e-01, 1.2286000000000000e-02, -3.9405000000000001e-01, -1.6060000000000001e+00, -1.7754000000000000e-01, 4.4885000000000001e-02, -1.6568000000000001e+00, -1.3261000000000001e-01, 3.4710999999999999e-02
3.7425000000000003e-01, 1.1778000000000000e-01, -7.4162000000000004e-03, -1.9384999999999999e-01, 8.7795000000000001e-01, 1.3667000000000000e+00, -1.9736000000000000e+00, 7.4414000000000002e-01, -1.7926000000000000e-01, -1.9379999999999999e+00, 7.0596000000000003e-01, -2.1883000000000000e-01, 2.4381000000000000e-01, 7.8431000000000004e-03, -4.0282000000000001e-01, -1.6180000000000001e+00, -1.8076999999999999e-01, 4.2638000000000002e-02, -1.6707000000000001e+00, -1.3619000000000001e-01, 3.3803000000000000e-02
3.7424000000000002e-01, 1.1779000000000001e-01, -7.3562999999999996e-03, -1.9366000000000000e-01, 8.7731000000000003e-01, 1.3750000000000000e+00, -1.9834000000000001e+00, 7.4756999999999996e-01, -1.8154999999999999e-01, -1.9486000000000001e+00, 7.1065999999999996e-01, -2.2116000000000000e-01, 2.4537000000000000e-01, 3.6646000000000001e-03, -4.1072999999999998e-01, -1.6287000000000000e+00, -1.8354000000000001e-01, 4.0649999999999999e-02, -1.6832000000000000e+00, -1.3940000000000000e-01, 3.2927999999999999e-02
3.7424000000000002e-01, 1.1780000000000000e-01, -7.2757000000000004e-03, -1.9338000000000000e-01, 8.7675999999999998e-01, 1.3818999999999999e+00, -1.9914000000000001e+00, 7.5051999999999996e-01, -1.8379000000000001e-01, -1.9574000000000000e+00, 7.1501999999999999e-01, -2.2327000000000000e-01, 2.4726000000000001e-01, -3.7015000000000003e-04, -4.1786000000000001e-01, -1.6385000000000001e+00, -1.8518999999999999e-01, 3.9177999999999998e-02, -1.6941999999999999e+00, -1.4177999999999999e-01, 3.2225999999999998e-02
3.7425000000000003e-01, 1.1781000000000000e-01, -7.1881999999999996e-03, -1.9303000000000001e-01, 8.7626999999999999e-01, 1.3873000000000000e+00, -1.9978000000000000e+00, 7.5319000000000003e-01, -1.8598999999999999e-01, -1.9645999999999999e+00, 7.1923999999999999e-01, -2.2520999999999999e-01, 2.4947000000000000e-01, -4.2724000000000000e-03, -4.2438999999999999e-01, -1.6476000000000000e+00, -1.8528000000000000e-01, 3.8408999999999999e-02, -1.7039000000000000e+00, -1.4285999999999999e-01, 3.1809999999999998e-02
3.7425000000000003e-01, 1.1781999999999999e-01, -7.0996000000000002e-03, -1.9262000000000001e-01, 8.7580999999999998e-01, 1.3915000000000000e+00, -2.0026999999999999e+00, 7.5578000000000001e-01, -1.8815000000000001e-01, -1.9704999999999999e+00, 7.2348999999999997e-01, -2.2705000000000000e-01, 2.5195000000000001e-01, -8.0014999999999999e-03, -4.3059999999999998e-01, -1.6560999999999999e+00, -1.8373999999999999e-01, 3.8408999999999999e-02, -1.7124999999999999e+00, -1.4238999999999999e-01, 3.1717000000000002e-02
3.7425999999999998e-01, 1.1783000000000000e-01, -7.0162000000000002e-03, -1.9217999999999999e-01, 8.7536000000000003e-01, 1.3945000000000001e+00, -2.0065000000000000e+00, 7.5839999999999996e-01, -1.9030000000000000e-01, -1.9754000000000000e+00, 7.2784000000000004e-01, -2.2886999999999999e-01, 2.5457000000000002e-01, -1.1518000000000000e-02, -4.3680999999999998e-01, -1.6641999999999999e+00, -1.8084000000000000e-01, 3.9127000000000002e-02, -1.7200000000000000e+00, -1.4040000000000000e-01, 3.1902000000000000e-02
3.7426999999999999e-01, 1.1784000000000000e-01, -6.9407999999999996e-03, -1.9170999999999999e-01, 8.7490999999999997e-01, 1.3967000000000001e+00, -2.0095000000000001e+00, 7.6109000000000004e-01, -1.9242999999999999e-01, -1.9795000000000000e+00, 7.3228000000000004e-01, -2.3071000000000000e-01, 2.5717000000000001e-01, -1.4820000000000000e-02, -4.4327000000000000e-01, -1.6718000000000000e+00, -1.7710000000000001e-01, 4.0426999999999998e-02, -1.7265999999999999e+00, -1.3724000000000000e-01, 3.2252000000000003e-02
3.7428000000000000e-01, 1.1785000000000000e-01, -6.8697000000000003e-03, -1.9123000000000001e-01, 8.7444999999999995e-01, 1.3984000000000001e+00, -2.0120000000000000e+00, 7.6387000000000005e-01, -1.9453999999999999e-01, -1.9830000000000001e+00, 7.3675000000000002e-01, -2.3261000000000001e-01, 2.5964999999999999e-01, -1.7940000000000001e-02, -4.5002999999999999e-01, -1.6788000000000001e+00, -1.7305000000000001e-01, 4.2166000000000002e-02, -1.7321000000000000e+00, -1.3345000000000001e-01, 3.2629999999999999e-02
3.7429000000000001e-01, 1.1786000000000001e-01, -6.8114999999999998e-03, -1.9076000000000001e-01, 8.7397999999999998e-01, 1.3996000000000000e+00, -2.0141000000000000e+00, 7.6668000000000003e-01, -1.9663000000000000e-01, -1.9861000000000000e+00, 7.4117999999999995e-01, -2.3455000000000001e-01, 2.6195000000000002e-01, -2.0902000000000000e-02, -4.5696999999999999e-01, -1.6851000000000000e+00, -1.6905999999999999e-01, 4.4228000000000003e-02, -1.7365999999999999e+00, -1.2958000000000000e-01, 3.2932999999999997e-02
3.7429000000000001e-01, 1.1786000000000001e-01, -6.7920000000000003e-03, -1.9028999999999999e-01, 8.7351000000000001e-01, 1.4006000000000001e+00, -2.0160000000000000e+00, 7.6949000000000001e-01, -1.9868000000000000e-01, -1.9888999999999999e+00, 7.4553000000000003e-01, -2.3652999999999999e-01, 2.6402999999999999e-01, -2.3677000000000000e-02, -4.6393000000000001e-01, -1.6909000000000001e+00, -1.6531000000000001e-01, 4.6524000000000003e-02, -1.7403000000000000e+00, -1.2601999999999999e-01, 3.3137000000000000e-02
3.7428000000000000e-01, 1.1785000000000000e-01, -6.8326000000000003e-03, -1.8984999999999999e-01, 8.7304000000000004e-01, 1.4015000000000000e+00, -2.0177999999999998e+00, 7.7227000000000001e-01, -2.0071000000000000e-01, -1.9915000000000000e+00, 7.4977000000000005e-01, -2.3852000000000001e-01, 2.6589000000000002e-01, -2.6193999999999999e-02, -4.7075000000000000e-01, -1.6962999999999999e+00, -1.6183000000000000e-01, 4.8966000000000003e-02, -1.7434000000000001e+00, -1.2286999999999999e-01, 3.3307999999999997e-02
3.7426999999999999e-01, 1.1783000000000000e-01, -6.9353000000000001e-03, -1.8942999999999999e-01, 8.7256000000000000e-01, 1.4023000000000001e+00, -2.0194999999999999e+00, 7.7497000000000005e-01, -2.0274000000000000e-01, -1.9940000000000000e+00, 7.5390000000000001e-01, -2.4051000000000000e-01, 2.6755000000000001e-01, -2.8431000000000001e-02, -4.7732000000000002e-01, -1.7013000000000000e+00, -1.5859000000000001e-01, 5.1452999999999999e-02, -1.7463000000000000e+00, -1.1994000000000000e-01, 3.3577999999999997e-02
3.7425000000000003e-01, 1.1781000000000000e-01, -7.0791999999999999e-03, -1.8905000000000000e-01, 8.7207000000000001e-01, 1.4031000000000000e+00, -2.0211999999999999e+00, 7.7759000000000000e-01, -2.0477999999999999e-01, -1.9964999999999999e+00, 7.5788999999999995e-01, -2.4248000000000000e-01, 2.6904000000000000e-01, -3.0477000000000001e-02, -4.8354999999999998e-01, -1.7059000000000000e+00, -1.5559999999999999e-01, 5.3891000000000001e-02, -1.7494000000000001e+00, -1.1688000000000000e-01, 3.4079999999999999e-02
3.7423000000000001e-01, 1.1779000000000001e-01, -7.2303000000000003e-03, -1.8870999999999999e-01, 8.7158999999999998e-01, 1.4039999999999999e+00, -2.0230000000000001e+00, 7.8012000000000004e-01, -2.0685999999999999e-01, -1.9990000000000001e+00, 7.6173999999999997e-01, -2.4439000000000000e-01, 2.7044000000000001e-01, -3.2507000000000001e-02, -4.8935000000000001e-01, -1.7101000000000000e+00, -1.5282999999999999e-01, 5.6197999999999998e-02, -1.7526999999999999e+00, -1.1335000000000001e-01, 3.4896999999999997e-02
3.7423000000000001e-01, 1.1777000000000000e-01, -7.3682000000000001e-03, -1.8840999999999999e-01, 8.7111000000000005e-01, 1.4050000000000000e+00, -2.0249999999999999e+00, 7.8254000000000001e-01, -2.0896000000000001e-01, -2.0015999999999998e+00, 7.6544000000000001e-01, -2.4623999999999999e-01, 2.7183000000000002e-01, -3.4673000000000002e-02, -4.9467000000000000e-01, -1.7140000000000000e+00, -1.5028000000000000e-01, 5.8311000000000002e-02, -1.7564000000000000e+00, -1.0911000000000000e-01, 3.6026000000000002e-02
3.7423000000000001e-01, 1.1774999999999999e-01, -7.4998000000000000e-03, -1.8814000000000000e-01, 8.7063999999999997e-01, 1.4063000000000001e+00, -2.0270999999999999e+00, 7.8488000000000002e-01, -2.1106000000000000e-01, -2.0043000000000002e+00, 7.6898999999999995e-01, -2.4800000000000000e-01, 2.7322999999999997e-01, -3.7009000000000000e-02, -4.9959999999999999e-01, -1.7175000000000000e+00, -1.4792000000000000e-01, 6.0193000000000003e-02, -1.7605000000000000e+00, -1.0417000000000000e-01, 3.7394999999999998e-02
3.7425000000000003e-01, 1.1773000000000000e-01, -7.6408999999999999e-03, -1.8792000000000000e-01, 8.7017999999999995e-01, 1.4077000000000000e+00, -2.0293999999999999e+00, 7.8715000000000002e-01, -2.1315000000000001e-01, -2.0072999999999999e+00, 7.7242999999999995e-01, -2.4968000000000001e-01, 2.7464000000000000e-01, -3.9447000000000003e-02, -5.0427999999999995e-01, -1.7205999999999999e+00, -1.4580000000000001e-01, 6.1821000000000001e-02, -1.7650999999999999e+00, -9.8681000000000005e-02, 3.8890000000000001e-02
3.7425000000000003e-01, 1.1770000000000000e-01, -7.7866000000000003e-03, -1.8773000000000001e-01, 8.6972000000000005e-01, 1.4092000000000000e+00, -2.0318000000000001e+00, 7.8939000000000004e-01, -2.1517000000000000e-01, -2.0104000000000002e+00, 7.7576999999999996e-01, -2.5130000000000002e-01, 2.7605000000000002e-01, -4.1915000000000001e-02, -5.0885000000000002e-01, -1.7235000000000000e+00, -1.4399000000000001e-01, 6.3172000000000006e-02, -1.7698000000000000e+00, -9.2967999999999995e-02, 4.0386999999999999e-02
3.7425000000000003e-01, 1.1768000000000001e-01, -7.9074999999999996e-03, -1.8756999999999999e-01, 8.6926000000000003e-01, 1.4109000000000000e+00, -2.0344000000000002e+00, 7.9161999999999999e-01, -2.1709999999999999e-01, -2.0135999999999998e+00, 7.7907000000000004e-01, -2.5285999999999997e-01, 2.7744999999999997e-01, -4.4388999999999998e-02, -5.1337999999999995e-01, -1.7260000000000000e+00, -1.4266999999999999e-01, 6.4204999999999998e-02, -1.7746999999999999e+00, -8.7379999999999999e-02, 4.1766999999999999e-02
3.7424000000000002e-01, 1.1767000000000000e-01, -7.9702000000000002e-03, -1.8742000000000000e-01, 8.6880000000000002e-01, 1.4127000000000001e+00, -2.0371000000000001e+00, 7.9388000000000003e-01, -2.1890000000000001e-01, -2.0167999999999999e+00, 7.8234000000000004e-01, -2.5436999999999999e-01, 2.7883999999999998e-01, -4.6850000000000003e-02, -5.1785000000000003e-01, -1.7281000000000000e+00, -1.4198000000000000e-01, 6.4867999999999995e-02, -1.7796000000000001e+00, -8.2206000000000001e-02, 4.2936000000000002e-02
3.7423000000000001e-01, 1.1768000000000001e-01, -7.9538999999999999e-03, -1.8728000000000000e-01, 8.6834000000000000e-01, 1.4145000000000001e+00, -2.0400000000000000e+00, 7.9618999999999995e-01, -2.2054000000000001e-01, -2.0202000000000000e+00, 7.8563000000000005e-01, -2.5585999999999998e-01, 2.8014000000000000e-01, -4.9209000000000003e-02, -5.2217000000000002e-01, -1.7299000000000000e+00, -1.4197000000000001e-01, 6.5124000000000001e-02, -1.7843000000000000e+00, -7.7609999999999998e-02, 4.3836000000000000e-02
3.7422000000000000e-01, 1.1769000000000000e-01, -7.8598999999999995e-03, -1.8715000000000001e-01, 8.6785999999999996e-01, 1.4162999999999999e+00, -2.0428000000000002e+00, 7.9854999999999998e-01, -2.2203999999999999e-01, -2.0236999999999998e+00, 7.8895000000000004e-01, -2.5731999999999999e-01, 2.8126000000000001e-01, -5.1324000000000002e-02, -5.2630999999999994e-01, -1.7314000000000001e+00, -1.4255999999999999e-01, 6.4984000000000000e-02, -1.7887999999999999e+00, -7.3649999999999993e-02, 4.4460000000000000e-02
3.7419999999999998e-01, 1.1771000000000000e-01, -7.7114000000000002e-03, -1.8704999999999999e-01, 8.6736999999999997e-01, 1.4180999999999999e+00, -2.0457000000000001e+00, 8.0093000000000003e-01, -2.2341000000000000e-01, -2.0270999999999999e+00, 7.9234000000000004e-01, -2.5872000000000001e-01, 2.8214000000000000e-01, -5.3111999999999999e-02, -5.3017999999999998e-01, -1.7326999999999999e+00, -1.4352000000000001e-01, 6.4532999999999993e-02, -1.7930999999999999e+00, -7.0288000000000003e-02, 4.4857000000000001e-02
3.7419000000000002e-01, 1.1774000000000000e-01, -7.5427999999999997e-03, -1.8697000000000000e-01, 8.6687000000000003e-01, 1.4198999999999999e+00, -2.0486000000000000e+00, 8.0330000000000001e-01, -2.2470000000000001e-01, -2.0306999999999999e+00, 7.9581999999999997e-01, -2.6001999999999997e-01, 2.8280000000000000e-01, -5.4637999999999999e-02, -5.3366999999999998e-01, -1.7339000000000000e+00, -1.4454000000000000e-01, 6.3918000000000003e-02, -1.7970999999999999e+00, -6.7391000000000006e-02, 4.5129000000000002e-02
3.7419000000000002e-01, 1.1776000000000000e-01, -7.3892999999999997e-03, -1.8692000000000000e-01, 8.6634999999999995e-01, 1.4217000000000000e+00, -2.0514999999999999e+00, 8.0564000000000002e-01, -2.2594000000000000e-01, -2.0343000000000000e+00, 7.9934000000000005e-01, -2.6119999999999999e-01, 2.8330000000000000e-01, -5.6093999999999998e-02, -5.3664999999999996e-01, -1.7351000000000001e+00, -1.4524999999999999e-01, 6.3302999999999998e-02, -1.8007000000000000e+00, -6.4734000000000000e-02, 4.5407000000000003e-02
3.7419000000000002e-01, 1.1777000000000000e-01, -7.2820000000000003e-03, -1.8690999999999999e-01, 8.6582999999999999e-01, 1.4235000000000000e+00, -2.0545000000000000e+00, 8.0793999999999999e-01, -2.2714999999999999e-01, -2.0379999999999998e+00, 8.0286999999999997e-01, -2.6222000000000001e-01, 2.8367999999999999e-01, -5.7706000000000000e-02, -5.3908999999999996e-01, -1.7361000000000000e+00, -1.4538000000000001e-01, 6.2825000000000006e-02, -1.8038000000000001e+00, -6.2074999999999998e-02, 4.5811999999999999e-02
3.7418000000000001e-01, 1.1778000000000000e-01, -7.2370000000000004e-03, -1.8690999999999999e-01, 8.6529999999999996e-01, 1.4255000000000000e+00, -2.0577000000000001e+00, 8.1020000000000003e-01, -2.2833000000000001e-01, -2.0419000000000000e+00, 8.0633999999999995e-01, -2.6311000000000001e-01, 2.8391000000000000e-01, -5.9665000000000003e-02, -5.4108999999999996e-01, -1.7369000000000001e+00, -1.4477000000000001e-01, 6.2562999999999994e-02, -1.8062000000000000e+00, -5.9256000000000003e-02, 4.6408999999999999e-02
3.7417000000000000e-01, 1.1778000000000000e-01, -7.2461000000000001e-03, -1.8690999999999999e-01, 8.6477999999999999e-01, 1.4277000000000000e+00, -2.0609999999999999e+00, 8.1245000000000001e-01, -2.2949000000000000e-01, -2.0459999999999998e+00, 8.0969999999999998e-01, -2.6388000000000000e-01, 2.8389999999999999e-01, -6.2114000000000003e-02, -5.4285000000000005e-01, -1.7375000000000000e+00, -1.4346999999999999e-01, 6.2536999999999995e-02, -1.8079000000000001e+00, -5.6257000000000001e-02, 4.7188000000000001e-02
3.7417000000000000e-01, 1.1778000000000000e-01, -7.2759000000000001e-03, -1.8693000000000001e-01, 8.6424999999999996e-01, 1.4301999999999999e+00, -2.0647000000000002e+00, 8.1476000000000004e-01, -2.3061999999999999e-01, -2.0503999999999998e+00, 8.1298000000000004e-01, -2.6457000000000003e-01, 2.8355999999999998e-01, -6.5129000000000006e-02, -5.4459999999999997e-01, -1.7375000000000000e+00, -1.4168000000000000e-01, 6.2713000000000005e-02, -1.8086000000000000e+00, -5.3161000000000000e-02, 4.8101999999999999e-02
3.7415999999999999e-01, 1.1778000000000000e-01, -7.2830000000000004e-03, -1.8694000000000000e-01, 8.6370999999999998e-01, 1.4329000000000001e+00, -2.0687000000000002e+00, 8.1718000000000002e-01, -2.3171000000000000e-01, -2.0548999999999999e+00, 8.1620999999999999e-01, -2.6521000000000000e-01, 2.8278999999999999e-01, -6.8698999999999996e-02, -5.4649000000000003e-01, -1.7369000000000001e+00, -1.3961999999999999e-01, 6.3025999999999999e-02, -1.8083000000000000e+00, -5.0061000000000001e-02, 4.9128999999999999e-02
3.7417000000000000e-01, 1.1779000000000001e-01, -7.2357999999999997e-03, -1.8695999999999999e-01, 8.6314999999999997e-01, 1.4357000000000000e+00, -2.0729000000000002e+00, 8.1979999999999997e-01, -2.3272000000000001e-01, -2.0596000000000001e+00, 8.1942999999999999e-01, -2.6583000000000001e-01, 2.8155000000000002e-01, -7.2714000000000001e-02, -5.4866000000000004e-01, -1.7358000000000000e+00, -1.3744999999999999e-01, 6.3421000000000005e-02, -1.8071999999999999e+00, -4.6966000000000001e-02, 5.0317000000000001e-02
3.7419000000000002e-01, 1.1780000000000000e-01, -7.1345999999999996e-03, -1.8698999999999999e-01, 8.6255999999999999e-01, 1.4383999999999999e+00, -2.0771999999999999e+00, 8.2264000000000004e-01, -2.3360000000000000e-01, -2.0644000000000000e+00, 8.2269000000000003e-01, -2.6644000000000001e-01, 2.7981000000000000e-01, -7.7013999999999999e-02, -5.5112000000000005e-01, -1.7342000000000000e+00, -1.3508000000000001e-01, 6.3889000000000001e-02, -1.8053999999999999e+00, -4.3781000000000000e-02, 5.1771999999999999e-02
3.7422000000000000e-01, 1.1781999999999999e-01, -7.0247000000000000e-03, -1.8704000000000001e-01, 8.6194999999999999e-01, 1.4410000000000001e+00, -2.0815999999999999e+00, 8.2571000000000006e-01, -2.3433000000000001e-01, -2.0690000000000000e+00, 8.2596000000000003e-01, -2.6701000000000003e-01, 2.7760000000000001e-01, -8.1486000000000003e-02, -5.5383000000000004e-01, -1.7322000000000000e+00, -1.3222999999999999e-01, 6.4491000000000007e-02, -1.8030999999999999e+00, -4.0337999999999999e-02, 5.3600000000000002e-02
3.7425000000000003e-01, 1.1783000000000000e-01, -6.9756000000000002e-03, -1.8709000000000001e-01, 8.6133000000000004e-01, 1.4434000000000000e+00, -2.0859000000000001e+00, 8.2894999999999996e-01, -2.3490000000000000e-01, -2.0735000000000001e+00, 8.2921999999999996e-01, -2.6749000000000001e-01, 2.7498000000000000e-01, -8.6138999999999993e-02, -5.5667999999999995e-01, -1.7302000000000000e+00, -1.2851000000000001e-01, 6.5355999999999997e-02, -1.8005000000000000e+00, -3.6469000000000001e-02, 5.5861000000000001e-02
3.7426999999999999e-01, 1.1781999999999999e-01, -7.0458999999999999e-03, -1.8715999999999999e-01, 8.6073000000000000e-01, 1.4456000000000000e+00, -2.0903000000000000e+00, 8.3228999999999997e-01, -2.3538000000000001e-01, -2.0779000000000001e+00, 8.3238999999999996e-01, -2.6778000000000002e-01, 2.7202999999999999e-01, -9.1128000000000001e-02, -5.5957999999999997e-01, -1.7282999999999999e+00, -1.2350999999999999e-01, 6.6637000000000002e-02, -1.7975000000000001e+00, -3.2070000000000001e-02, 5.8548999999999997e-02
3.7426999999999999e-01, 1.1779000000000001e-01, -7.2662999999999998e-03, -1.8723999999999999e-01, 8.6016000000000004e-01, 1.4478000000000000e+00, -2.0945999999999998e+00, 8.3562000000000003e-01, -2.3588000000000001e-01, -2.0821000000000001e+00, 8.3540999999999999e-01, -2.6778000000000002e-01, 2.6884999999999998e-01, -9.6685999999999994e-02, -5.6250999999999995e-01, -1.7264999999999999e+00, -1.1699000000000000e-01, 6.8472000000000005e-02, -1.7941000000000000e+00, -2.7109000000000001e-02, 6.1610999999999999e-02
3.7425999999999998e-01, 1.1773000000000000e-01, -7.6286000000000001e-03, -1.8734999999999999e-01, 8.5963000000000001e-01, 1.4500000000000000e+00, -2.0990000000000002e+00, 8.3884999999999998e-01, -2.3649999999999999e-01, -2.0863000000000000e+00, 8.3826000000000001e-01, -2.6743000000000000e-01, 2.6551999999999998e-01, -1.0303000000000000e-01, -5.6557000000000002e-01, -1.7248000000000001e+00, -1.0883000000000000e-01, 7.0954000000000003e-02, -1.7904000000000000e+00, -2.1606000000000000e-02, 6.4974000000000004e-02
3.7423000000000001e-01, 1.1766000000000000e-01, -8.0725999999999992e-03, -1.8748999999999999e-01, 8.5914999999999997e-01, 1.4523999999999999e+00, -2.1036000000000001e+00, 8.4191000000000005e-01, -2.3719000000000001e-01, -2.0905999999999998e+00, 8.4096000000000004e-01, -2.6678000000000002e-01, 2.6207000000000003e-01, -1.1025000000000000e-01, -5.6893000000000005e-01, -1.7232000000000001e+00, -9.9183999999999994e-02, 7.4090000000000003e-02, -1.7862000000000000e+00, -1.5620000000000000e-02, 6.8553000000000003e-02
3.7419999999999998e-01, 1.1758000000000000e-01, -8.4881999999999996e-03, -1.8767000000000000e-01, 8.5870000000000002e-01, 1.4550000000000001e+00, -2.1082999999999998e+00, 8.4477000000000002e-01, -2.3779000000000000e-01, -2.0951000000000000e+00, 8.4358999999999995e-01, -2.6595999999999997e-01, 2.5851000000000002e-01, -1.1829000000000001e-01, -5.7274999999999998e-01, -1.7215000000000000e+00, -8.8386999999999993e-02, 7.7780000000000002e-02, -1.7818000000000001e+00, -9.2639000000000003e-03, 7.2237999999999997e-02
3.7414999999999998e-01, 1.1751000000000000e-01, -8.7442000000000006e-03, -1.8787000000000001e-01, 8.5824000000000000e-01, 1.4579000000000000e+00, -2.1132000000000000e+00, 8.4746999999999995e-01, -2.3802999999999999e-01, -2.0998999999999999e+00, 8.4628000000000003e-01, -2.6516000000000001e-01, 2.5484000000000001e-01, -1.2690000000000001e-01, -5.7718000000000003e-01, -1.7196000000000000e+00, -7.6967999999999995e-02, 8.1825999999999996e-02, -1.7768999999999999e+00, -2.7292000000000002e-03, 7.5880000000000003e-02
3.7406000000000000e-01, 1.1748000000000000e-01, -8.7130000000000003e-03, -1.8809999999999999e-01, 8.5775000000000001e-01, 1.4607000000000001e+00, -2.1179999999999999e+00, 8.5009999999999997e-01, -2.3774999999999999e-01, -2.1049000000000002e+00, 8.4918000000000005e-01, -2.6454000000000000e-01, 2.5111000000000000e-01, -1.3572999999999999e-01, -5.8228999999999997e-01, -1.7173000000000000e+00, -6.5551999999999999e-02, 8.5988999999999996e-02, -1.7717000000000001e+00, 3.7174000000000000e-03, 7.9289999999999999e-02
3.7387999999999999e-01, 1.1755000000000000e-01, -8.2912999999999997e-03, -1.8834000000000001e-01, 8.5721000000000003e-01, 1.4634000000000000e+00, -2.1225999999999998e+00, 8.5277999999999998e-01, -2.3694999999999999e-01, -2.1099000000000001e+00, 8.5245000000000004e-01, -2.6423999999999997e-01, 2.4737999999999999e-01, -1.4443000000000000e-01, -5.8796000000000004e-01, -1.7141999999999999e+00, -5.4748999999999999e-02, 9.0042999999999998e-02, -1.7659000000000000e+00, 9.7847000000000003e-03, 8.2262000000000002e-02
3.7351000000000001e-01, 1.1778000000000000e-01, -7.4470999999999999e-03, -1.8856999999999999e-01, 8.5658999999999996e-01, 1.4656000000000000e+00, -2.1267000000000000e+00, 8.5558000000000001e-01, -2.3585999999999999e-01, -2.1147000000000000e+00, 8.5614999999999997e-01, -2.6425999999999999e-01, 2.4374999999999999e-01, -1.5267000000000000e-01, -5.9391000000000005e-01, -1.7101999999999999e+00, -4.5064000000000000e-02, 9.3788999999999997e-02, -1.7593000000000001e+00, 1.5228999999999999e-02, 8.4594000000000003e-02
3.7284000000000000e-01, 1.1824000000000000e-01, -6.2547999999999996e-03, -1.8880000000000000e-01, 8.5590999999999995e-01, 1.4670000000000001e+00, -2.1301000000000001e+00, 8.5851999999999995e-01, -2.3482000000000000e-01, -2.1189000000000000e+00, 8.6021999999999998e-01, -2.6456000000000002e-01, 2.4023000000000000e-01, -1.6016000000000000e-01, -5.9962000000000004e-01, -1.7047000000000001e+00, -3.6854999999999999e-02, 9.7015000000000004e-02, -1.7519000000000000e+00, 1.9910000000000001e-02, 8.6140999999999995e-02
3.7175000000000002e-01, 1.1904000000000001e-01, -4.8691000000000003e-03, -1.8901000000000001e-01, 8.5521999999999998e-01, 1.4674000000000000e+00, -2.1324999999999998e+00, 8.6148999999999998e-01, -2.3413000000000000e-01, -2.1221999999999999e+00, 8.6443999999999999e-01, -2.6501000000000002e-01, 2.3677999999999999e-01, -1.6664999999999999e-01, -6.0446000000000000e-01, -1.6976000000000000e+00, -3.0328000000000001e-02, 9.9506999999999998e-02, -1.7434000000000001e+00, 2.3809000000000000e-02, 8.6846000000000007e-02
3.7012000000000000e-01, 1.2028000000000000e-01, -3.5029000000000002e-03, -1.8919000000000000e-01, 8.5458000000000001e-01, 1.4668000000000001e+00, -2.1337999999999999e+00, 8.6428000000000005e-01, -2.3391000000000001e-01, -2.1242999999999999e+00, 8.6841000000000002e-01, -2.6545999999999997e-01, 2.3326000000000000e-01, -1.7193000000000000e-01, -6.0784000000000005e-01, -1.6886000000000001e+00, -2.5536000000000000e-02, 1.0110000000000000e-01, -1.7338000000000000e+00, 2.7022000000000001e-02, 8.6760000000000004e-02
3.6790000000000000e-01, 1.2207999999999999e-01, -2.3730000000000001e-03, -1.8933000000000000e-01, 8.5406000000000004e-01, 1.4651000000000001e+00, -2.1335999999999999e+00, 8.6653000000000002e-01, -2.3401000000000000e-01, -2.1248000000000000e+00, 8.7165999999999999e-01, -2.6572000000000001e-01, 2.2950000000000001e-01, -1.7584000000000000e-01, -6.0928000000000004e-01, -1.6777000000000000e+00, -2.2356999999999998e-02, 1.0173000000000000e-01, -1.7232000000000001e+00, 2.9721999999999998e-02, 8.6024000000000003e-02
3.6504999999999999e-01, 1.2456000000000000e-01, -1.5495000000000001e-03, -1.8942000000000001e-01, 8.5375999999999996e-01, 1.4621999999999999e+00, -2.1318000000000001e+00, 8.6783999999999994e-01, -2.3413999999999999e-01, -2.1234999999999999e+00, 8.7370999999999999e-01, -2.6561000000000001e-01, 2.2536000000000000e-01, -1.7834000000000000e-01, -6.0855000000000004e-01, -1.6651000000000000e+00, -2.0514999999999999e-02, 1.0145000000000000e-01, -1.7116000000000000e+00, 3.2093000000000003e-02, 8.4834000000000007e-02
3.6159000000000002e-01, 1.2781999999999999e-01, -9.7965000000000010e-04, -1.8944000000000000e-01, 8.5377000000000003e-01, 1.4582999999999999e+00, -2.1280000000000001e+00, 8.6782999999999999e-01, -2.3394000000000001e-01, -2.1200000000000001e+00, 8.7417000000000000e-01, -2.6493000000000000e-01, 2.2081999999999999e-01, -1.7948000000000000e-01, -6.0568999999999995e-01, -1.6509000000000000e+00, -1.9640999999999999e-02, 1.0041000000000000e-01, -1.6992000000000000e+00, 3.4275000000000000e-02, 8.3405000000000007e-02
3.5754999999999998e-01, 1.3189999999999999e-01, -6.5397999999999997e-04, -1.8937999999999999e-01, 8.5414999999999996e-01, 1.4532000000000000e+00, -2.1219999999999999e+00, 8.6617999999999995e-01, -2.3313000000000000e-01, -2.1143000000000001e+00, 8.7278000000000000e-01, -2.6354000000000000e-01, 2.1597000000000000e-01, -1.7945000000000000e-01, -6.0096000000000005e-01, -1.6355999999999999e+00, -1.9362000000000001e-02, 9.8768999999999996e-02, -1.6859999999999999e+00, 3.6346000000000003e-02, 8.1922999999999996e-02
3.5302000000000000e-01, 1.3685000000000000e-01, -4.8467999999999997e-04, -1.8922000000000000e-01, 8.5494999999999999e-01, 1.4468000000000001e+00, -2.1135999999999999e+00, 8.6268000000000000e-01, -2.3152000000000000e-01, -2.1061000000000001e+00, 8.6943000000000004e-01, -2.6135000000000003e-01, 2.1098000000000000e-01, -1.7854999999999999e-01, -5.9480000000000000e-01, -1.6192000000000000e+00, -1.9380000000000001e-02, 9.6726999999999994e-02, -1.6720999999999999e+00, 3.8346999999999999e-02, 8.0510999999999999e-02
3.4805000000000003e-01, 1.4269000000000001e-01, -1.8006000000000001e-04, -1.8892999999999999e-01, 8.5619000000000001e-01, 1.4392000000000000e+00, -2.1027999999999998e+00, 8.5721000000000003e-01, -2.2900000000000001e-01, -2.0954999999999999e+00, 8.6409000000000002e-01, -2.5835000000000002e-01, 2.0610000000000001e-01, -1.7713999999999999e-01, -5.8760999999999997e-01, -1.6017999999999999e+00, -1.9519000000000002e-02, 9.4496999999999998e-02, -1.6574000000000000e+00, 4.0313000000000002e-02, 7.9197000000000004e-02
3.4271000000000001e-01, 1.4940999999999999e-01, 4.8767000000000000e-04, -1.8851999999999999e-01, 8.5785000000000000e-01, 1.4303999999999999e+00, -2.0895000000000001e+00, 8.4975000000000001e-01, -2.2556999999999999e-01, -2.0823999999999998e+00, 8.5680999999999996e-01, -2.5457999999999997e-01, 2.0149000000000000e-01, -1.7555000000000001e-01, -5.7974999999999999e-01, -1.5833999999999999e+00, -1.9748000000000002e-02, 9.2267000000000002e-02, -1.6417999999999999e+00, 4.2270000000000002e-02, 7.7914999999999998e-02
3.3706999999999998e-01, 1.5697000000000000e-01, 1.4961000000000000e-03, -1.8797000000000000e-01, 8.5990999999999995e-01, 1.4204000000000001e+00, -2.0737000000000001e+00, 8.4030000000000005e-01, -2.2130000000000000e-01, -2.0670000000000002e+00, 8.4765000000000001e-01, -2.5013000000000002e-01, 1.9719000000000000e-01, -1.7399000000000001e-01, -5.7149000000000005e-01, -1.5638000000000001e+00, -2.0160000000000001e-02, 9.0158000000000002e-02, -1.6251000000000000e+00, 4.4206000000000002e-02, 7.6540999999999998e-02
3.3117999999999997e-01, 1.6531999999999999e-01, 2.7123999999999998e-03, -1.8729000000000001e-01, 8.6233000000000004e-01, 1.4093000000000000e+00, -2.0558000000000001e+00, 8.2892999999999994e-01, -2.1629000000000001e-01, -2.0493999999999999e+00, 8.3667000000000002e-01, -2.4507000000000001e-01, 1.9306000000000001e-01, -1.7249000000000000e-01, -5.6299999999999994e-01, -1.5429999999999999e+00, -2.0931999999999999e-02, 8.8197999999999999e-02, -1.6071000000000000e+00, 4.6036000000000001e-02, 7.4921000000000001e-02
3.2511000000000001e-01, 1.7437000000000000e-01, 3.9960000000000004e-03, -1.8648999999999999e-01, 8.6507999999999996e-01, 1.3973000000000000e+00, -2.0358000000000001e+00, 8.1572999999999996e-01, -2.1067000000000000e-01, -2.0297999999999998e+00, 8.2396000000000003e-01, -2.3946000000000001e-01, 1.8887000000000001e-01, -1.7091000000000001e-01, -5.5435000000000001e-01, -1.5207999999999999e+00, -2.2249999999999999e-02, 8.6331000000000005e-02, -1.5879000000000001e+00, 4.7595999999999999e-02, 7.2915999999999995e-02
3.1891999999999998e-01, 1.8407000000000001e-01, 5.2074000000000000e-03, -1.8557000000000001e-01, 8.6809999999999998e-01, 1.3846000000000001e+00, -2.0141000000000000e+00, 8.0084999999999995e-01, -2.0455000000000001e-01, -2.0084000000000000e+00, 8.0962000000000001e-01, -2.3336000000000001e-01, 1.8436000000000000e-01, -1.6908000000000001e-01, -5.4545999999999994e-01, -1.4974000000000001e+00, -2.4271000000000001e-02, 8.4457000000000004e-02, -1.5671999999999999e+00, 4.8673000000000001e-02, 7.0442000000000005e-02
3.1269000000000002e-01, 1.9434999999999999e-01, 6.2541000000000003e-03, -1.8454000000000001e-01, 8.7136000000000002e-01, 1.3713000000000000e+00, -1.9907999999999999e+00, 7.8447999999999996e-01, -1.9800000000000001e-01, -1.9855000000000000e+00, 7.9381000000000002e-01, -2.2678999999999999e-01, 1.7938000000000001e-01, -1.6686999999999999e-01, -5.3615999999999997e-01, -1.4725999999999999e+00, -2.7099000000000002e-02, 8.2470000000000002e-02, -1.5451999999999999e+00, 4.9077000000000003e-02, 6.7502000000000006e-02
3.0651000000000000e-01, 2.0518000000000000e-01, 7.0952000000000003e-03, -1.8340999999999999e-01, 8.7478999999999996e-01, 1.3572000000000000e+00, -1.9660000000000000e+00, 7.6678999999999997e-01, -1.9109000000000001e-01, -1.9611000000000001e+00, 7.7671000000000001e-01, -2.1980000000000000e-01, 1.7394000000000001e-01, -1.6422000000000000e-01, -5.2627999999999997e-01, -1.4467000000000001e+00, -3.0772999999999998e-02, 8.0296000000000006e-02, -1.5219000000000000e+00, 4.8717000000000003e-02, 6.4183000000000004e-02
3.0042999999999997e-01, 2.1651000000000001e-01, 7.7175000000000004e-03, -1.8220000000000000e-01, 8.7836000000000003e-01, 1.3424000000000000e+00, -1.9397000000000000e+00, 7.4802999999999997e-01, -1.8384000000000000e-01, -1.9352000000000000e+00, 7.5854999999999995e-01, -2.1249000000000001e-01, 1.6822000000000001e-01, -1.6113000000000000e-01, -5.1573000000000002e-01, -1.4197000000000000e+00, -3.5251999999999999e-02, 7.7925999999999995e-02, -1.4974000000000001e+00, 4.7656999999999998e-02, 6.0617999999999998e-02
2.9447000000000001e-01, 2.2833000000000001e-01, 8.1875000000000003e-03, -1.8088000000000001e-01, 8.8200000000000001e-01, 1.3265000000000000e+00, -1.9117999999999999e+00, 7.2838000000000003e-01, -1.7632000000000000e-01, -1.9077000000000000e+00, 7.3956000000000000e-01, -2.0497000000000001e-01, 1.6245999999999999e-01, -1.5765999999999999e-01, -5.0456999999999996e-01, -1.3918999999999999e+00, -4.0413999999999999e-02, 7.5410000000000005e-02, -1.4719000000000000e+00, 4.6105000000000000e-02, 5.6942000000000000e-02
2.8864000000000001e-01, 2.4062000000000000e-01, 8.6590999999999994e-03, -1.7946000000000001e-01, 8.8568000000000002e-01, 1.3095000000000001e+00, -1.8823000000000001e+00, 7.0806000000000002e-01, -1.6861000000000001e-01, -1.8786000000000000e+00, 7.1994999999999998e-01, -1.9739000000000001e-01, 1.5684999999999999e-01, -1.5390999999999999e-01, -4.9285000000000001e-01, -1.3633000000000000e+00, -4.6084000000000000e-02, 7.2832999999999995e-02, -1.4458000000000000e+00, 4.4338000000000002e-02, 5.3270999999999999e-02
2.8295999999999999e-01, 2.5335999999999997e-01, 9.2043000000000003e-03, -1.7791000000000001e-01, 8.8936999999999999e-01, 1.2911999999999999e+00, -1.8512000000000000e+00, 6.8723000000000001e-01, -1.6081999999999999e-01, -1.8479000000000001e+00, 6.9987999999999995e-01, -1.8984999999999999e-01, 1.5156000000000000e-01, -1.5007000000000001e-01, -4.8055999999999999e-01, -1.3342000000000001e+00, -5.2083999999999998e-02, 7.0269999999999999e-02, -1.4191000000000000e+00, 4.2619999999999998e-02, 4.9688999999999997e-02
2.7749000000000001e-01, 2.6647999999999999e-01, 9.7468999999999993e-03, -1.7621999999999999e-01, 8.9305000000000001e-01, 1.2717000000000001e+00, -1.8185000000000000e+00, 6.6603999999999997e-01, -1.5304999999999999e-01, -1.8156000000000001e+00, 6.7945999999999995e-01, -1.8240000000000001e-01, 1.4668000000000000e-01, -1.4635999999999999e-01, -4.6758000000000000e-01, -1.3046000000000000e+00, -5.8271999999999997e-02, 6.7770999999999998e-02, -1.3918999999999999e+00, 4.1144000000000000e-02, 4.6247000000000003e-02
2.7224999999999999e-01, 2.7994999999999998e-01, 1.0310000000000000e-02, -1.7435999999999999e-01, 8.9670000000000005e-01, 1.2508999999999999e+00, -1.7842000000000000e+00, 6.4461999999999997e-01, -1.4541000000000001e-01, -1.7817000000000001e+00, 6.5876000000000001e-01, -1.7507000000000000e-01, 1.4223000000000000e-01, -1.4291999999999999e-01, -4.5378000000000002e-01, -1.2744000000000000e+00, -6.4516000000000004e-02, 6.5386000000000000e-02, -1.3644000000000001e+00, 4.0039999999999999e-02, 4.2958999999999997e-02
2.6718999999999998e-01, 2.9376999999999998e-01, 1.1096000000000000e-02, -1.7230999999999999e-01, 9.0029999999999999e-01, 1.2287999999999999e+00, -1.7484000000000000e+00, 6.2311000000000005e-01, -1.3797000000000001e-01, -1.7462000000000000e+00, 6.3783999999999996e-01, -1.6789000000000001e-01, 1.3819000000000001e-01, -1.3975000000000001e-01, -4.3913000000000002e-01, -1.2439000000000000e+00, -7.0670999999999998e-02, 6.3181000000000001e-02, -1.3365000000000000e+00, 3.9382000000000000e-02, 3.9810999999999999e-02
2.6227000000000000e-01, 3.0791000000000002e-01, 1.2175999999999999e-02, -1.7007000000000000e-01, 9.0383999999999998e-01, 1.2055000000000000e+00, -1.7111000000000001e+00, 6.0163999999999995e-01, -1.3081999999999999e-01, -1.7092000000000001e+00, 6.1685999999999996e-01, -1.6089999999999999e-01, 1.3450999999999999e-01, -1.3671000000000000e-01, -4.2369000000000001e-01, -1.2132000000000001e+00, -7.6579999999999995e-02, 6.1228999999999999e-02, -1.3085000000000000e+00, 3.9204000000000003e-02, 3.6775000000000002e-02
2.5742999999999999e-01, 3.2229999999999998e-01, 1.3339000000000000e-02, -1.6760000000000000e-01, 9.0727000000000002e-01, 1.1806000000000001e+00, -1.6721999999999999e+00, 5.8035000000000003e-01, -1.2402000000000001e-01, -1.6705000000000001e+00, 5.9599000000000002e-01, -1.5423000000000001e-01, 1.3117999999999999e-01, -1.3363000000000000e-01, -4.0760999999999997e-01, -1.1822999999999999e+00, -8.2140000000000005e-02, 5.9569999999999998e-02, -1.2805000000000000e+00, 3.9498999999999999e-02, 3.3827999999999997e-02
2.5273000000000001e-01, 3.3685999999999999e-01, 1.4314000000000000e-02, -1.6491000000000000e-01, 9.1059000000000001e-01, 1.1543000000000001e+00, -1.6317999999999999e+00, 5.5942000000000003e-01, -1.1765000000000000e-01, -1.6302000000000001e+00, 5.7543999999999995e-01, -1.4799000000000001e-01, 1.2819000000000000e-01, -1.3045000000000001e-01, -3.9105000000000001e-01, -1.1514000000000000e+00, -8.7344000000000005e-02, 5.8179000000000002e-02, -1.2524000000000000e+00, 4.0231999999999997e-02, 3.0943999999999999e-02
2.4822000000000000e-01, 3.5154000000000002e-01, 1.4990000000000000e-02, -1.6197000000000000e-01, 9.1376000000000002e-01, 1.1265000000000001e+00, -1.5899000000000001e+00, 5.3900999999999999e-01, -1.1183000000000000e-01, -1.5886000000000000e+00, 5.5544000000000004e-01, -1.4230999999999999e-01, 1.2548000000000001e-01, -1.2726000000000001e-01, -3.7412000000000001e-01, -1.1203000000000001e+00, -9.2267000000000002e-02, 5.6965000000000002e-02, -1.2242000000000000e+00, 4.1336999999999999e-02, 2.8100000000000000e-02
2.4393000000000001e-01, 3.6631000000000002e-01, 1.5473000000000001e-02, -1.5876000000000001e-01, 9.1678999999999999e-01, 1.0974999999999999e+00, -1.5468999999999999e+00, 5.1932999999999996e-01, -1.0664999999999999e-01, -1.5458000000000001e+00, 5.3620000000000001e-01, -1.3730000000000001e-01, 1.2292000000000000e-01, -1.2421000000000000e-01, -3.5698000000000002e-01, -1.0888000000000000e+00, -9.7004999999999994e-02, 5.5810999999999999e-02, -1.1956000000000000e+00, 4.2715999999999997e-02, 2.5278999999999999e-02
2.3991999999999999e-01, 3.8117000000000001e-01, 1.5942999999999999e-02, -1.5528000000000000e-01, 9.1964000000000001e-01, 1.0674999999999999e+00, -1.5029999999999999e+00, 5.0056000000000000e-01, -1.0221000000000000e-01, -1.5022000000000000e+00, 5.1790000000000003e-01, -1.3305000000000000e-01, 1.2028999999999999e-01, -1.2138000000000000e-01, -3.3973999999999999e-01, -1.0568000000000000e+00, -1.0163000000000000e-01, 5.4602999999999999e-02, -1.1665000000000001e+00, 4.4236999999999999e-02, 2.2483000000000000e-02
2.3619999999999999e-01, 3.9607999999999999e-01, 1.6455999999999998e-02, -1.5150000000000000e-01, 9.2232999999999998e-01, 1.0367000000000000e+00, -1.4585999999999999e+00, 4.8287000000000002e-01, -9.8587999999999995e-02, -1.4580000000000000e+00, 5.0070000000000003e-01, -1.2963000000000000e-01, 1.1736000000000001e-01, -1.1872000000000001e-01, -3.2246999999999998e-01, -1.0242000000000000e+00, -1.0620000000000000e-01, 5.3256999999999999e-02, -1.1369000000000000e+00, 4.5783999999999998e-02, 1.9739000000000000e-02
2.3277000000000000e-01, 4.1097000000000000e-01, 1.6882999999999999e-02, -1.4742000000000000e-01, 9.2484999999999995e-01, 1.0052000000000001e+00, -1.4137000000000000e+00, 4.6633999999999998e-01, -9.5812999999999995e-02, -1.4134000000000000e+00, 4.8466999999999999e-01, -1.2706000000000001e-01, 1.1397000000000000e-01, -1.1606000000000000e-01, -3.0507000000000001e-01, -9.9109000000000003e-01, -1.1071000000000000e-01, 5.1730999999999999e-02, -1.1068000000000000e+00, 4.7306000000000001e-02, 1.7076000000000001e-02
2.2958000000000001e-01, 4.2576999999999998e-01, 1.7079000000000000e-02, -1.4304000000000000e-01, 9.2722000000000004e-01, 9.7301000000000004e-01, -1.3685000000000000e+00, 4.5096000000000003e-01, -9.3875000000000000e-02, -1.3684000000000001e+00, 4.6976000000000001e-01, -1.2534999999999999e-01, 1.1001000000000000e-01, -1.1325000000000000e-01, -2.8728999999999999e-01, -9.5762999999999998e-01, -1.1514000000000001e-01, 5.0043999999999998e-02, -1.0764000000000000e+00, 4.8848000000000003e-02, 1.4501999999999999e-02
2.2658000000000000e-01, 4.4044000000000000e-01, 1.7031000000000001e-02, -1.3836999999999999e-01, 9.2947000000000002e-01, 9.4030000000000002e-01, -1.3229000000000000e+00, 4.3654999999999999e-01, -9.2697000000000002e-02, -1.3230000000000000e+00, 4.5573000000000002e-01, -1.2440000000000000e-01, 1.0539000000000000e-01, -1.1015999999999999e-01, -2.6884000000000002e-01, -9.2398999999999998e-01, -1.1942000000000000e-01, 4.8258000000000002e-02, -1.0458000000000001e+00, 5.0497000000000000e-02, 1.1988000000000000e-02
2.2373000000000001e-01, 4.5494000000000001e-01, 1.6851999999999999e-02, -1.3342000000000001e-01, 9.3162000000000000e-01, 9.0720999999999996e-01, -1.2769999999999999e+00, 4.2280000000000001e-01, -9.2134999999999995e-02, -1.2770999999999999e+00, 4.4219999999999998e-01, -1.2404000000000000e-01, 1.0009000000000000e-01, -1.0679000000000000e-01, -2.4954999999999999e-01, -8.9032000000000000e-01, -1.2346000000000000e-01, 4.6446000000000001e-02, -1.0152000000000001e+00, 5.2319999999999998e-02, 9.4754000000000001e-03
2.2105000000000000e-01, 4.6923999999999999e-01, 1.6728000000000000e-02, -1.2820000000000001e-01, 9.3372999999999995e-01, 8.7402000000000002e-01, -1.2307999999999999e+00, 4.0928999999999999e-01, -9.1986999999999999e-02, -1.2307999999999999e+00, 4.2869000000000002e-01, -1.2401000000000000e-01, 9.4024999999999997e-02, -1.0324000000000000e-01, -2.2939999999999999e-01, -8.5680000000000001e-01, -1.2712999999999999e-01, 4.4656000000000001e-02, -9.8477999999999999e-01, 5.4342000000000001e-02, 6.8916999999999997e-03
2.1853000000000000e-01, 4.8331000000000002e-01, 1.6872000000000002e-02, -1.2275000000000000e-01, 9.3584000000000001e-01, 8.4104999999999996e-01, -1.1843999999999999e+00, 3.9550000000000002e-01, -9.2003000000000001e-02, -1.1841999999999999e+00, 4.1469000000000000e-01, -1.2404999999999999e-01, 8.7138999999999994e-02, -9.9642999999999995e-02, -2.0863000000000001e-01, -8.2359000000000004e-01, -1.3025000000000000e-01, 4.2885000000000000e-02, -9.5460000000000000e-01, 5.6571000000000003e-02, 4.1584999999999999e-03
2.1618999999999999e-01, 4.9713000000000002e-01, 1.7382999999999999e-02, -1.1708000000000000e-01, 9.3798999999999999e-01, 8.0864999999999998e-01, -1.1379999999999999e+00, 3.8090000000000002e-01, -9.1891000000000000e-02, -1.1374000000000000e+00, 3.9973999999999998e-01, -1.2388000000000000e-01, 7.9349000000000003e-02, -9.6098000000000003e-02, -1.8761000000000000e-01, -7.9091000000000000e-01, -1.3263000000000000e-01, 4.1086999999999999e-02, -9.2479999999999996e-01, 5.9036999999999999e-02, 1.1913000000000000e-03
2.1399000000000001e-01, 5.1063000000000003e-01, 1.8193000000000001e-02, -1.1123000000000000e-01, 9.4018999999999997e-01, 7.7710000000000001e-01, -1.0915999999999999e+00, 3.6503999999999998e-01, -9.1355000000000006e-02, -1.0907000000000000e+00, 3.8352999999999998e-01, -1.2329000000000000e-01, 7.0616999999999999e-02, -9.2628000000000002e-02, -1.6677000000000000e-01, -7.5905999999999996e-01, -1.3406999999999999e-01, 3.9180000000000000e-02, -8.9554999999999996e-01, 6.1788000000000003e-02, -2.1072000000000000e-03
2.1192000000000000e-01, 5.2376000000000000e-01, 1.9224000000000002e-02, -1.0525000000000000e-01, 9.4245999999999996e-01, 7.4655000000000005e-01, -1.0451999999999999e+00, 3.4760000000000002e-01, -9.0135999999999994e-02, -1.0442000000000000e+00, 3.6592999999999998e-01, -1.2214000000000000e-01, 6.1002000000000001e-02, -8.9194999999999997e-02, -1.4652999999999999e-01, -7.2833000000000003e-01, -1.3438000000000000e-01, 3.7073000000000002e-02, -8.6706000000000005e-01, 6.4859000000000000e-02, -5.8396000000000003e-03
2.0996999999999999e-01, 5.3649000000000002e-01, 2.0503000000000000e-02, -9.9168000000000006e-02, 9.4477999999999995e-01, 7.1702999999999995e-01, -9.9900999999999995e-01, 3.2844000000000001e-01, -8.8051000000000004e-02, -9.9804000000000004e-01, 3.4698000000000001e-01, -1.2034000000000000e-01, 5.0700000000000002e-02, -8.5759000000000002e-02, -1.2736000000000000e-01, -6.9903999999999999e-01, -1.3347000000000001e-01, 3.4688999999999998e-02, -8.3950999999999998e-01, 6.8232000000000001e-02, -1.0085000000000000e-02
2.0812000000000000e-01, 5.4876000000000003e-01, 2.2044999999999999e-02, -9.3021999999999994e-02, 9.4711000000000001e-01, 6.8845999999999996e-01, -9.5286999999999999e-01, 3.0758999999999997e-01, -8.5014000000000006e-02, -9.5221000000000000e-01, 3.2684000000000002e-01, -1.1786000000000001e-01, 4.0002000000000003e-02, -8.2326999999999997e-02, -1.0972000000000000e-01, -6.7134000000000005e-01, -1.3142999999999999e-01, 3.1986000000000001e-02, -8.1298999999999999e-01, 7.1792999999999996e-02, -1.4855000000000000e-02
2.0638999999999999e-01, 5.6050000000000000e-01, 2.3694000000000000e-02, -8.6858000000000005e-02, 9.4940999999999998e-01, 6.6080000000000005e-01, -9.0688999999999997e-01, 2.8521999999999997e-01, -8.1044000000000005e-02, -9.0686999999999995e-01, 3.0571999999999999e-01, -1.1472000000000000e-01, 2.9189000000000000e-02, -7.8967999999999997e-02, -9.4036999999999996e-02, -6.4524999999999999e-01, -1.2852000000000000e-01, 2.8983999999999999e-02, -7.8747999999999996e-01, 7.5300000000000006e-02, -2.0067999999999999e-02
2.0480999999999999e-01, 5.7160000000000000e-01, 2.5208999999999999e-02, -8.0723000000000003e-02, 9.5164000000000004e-01, 6.3409000000000004e-01, -8.6134999999999995e-01, 2.6161000000000001e-01, -7.6260999999999995e-02, -8.6219999999999997e-01, 2.8383999999999998e-01, -1.1099000000000001e-01, 1.8418000000000000e-02, -7.5790999999999997e-02, -8.0532999999999993e-02, -6.2065999999999999e-01, -1.2515999999999999e-01, 2.5791999999999999e-02, -7.6282000000000005e-01, 7.8377000000000002e-02, -2.5529000000000000e-02
2.0338000000000001e-01, 5.8198000000000005e-01, 2.6473000000000000e-02, -7.4674000000000004e-02, 9.5377000000000001e-01, 6.0848000000000002e-01, -8.1664000000000003e-01, 2.3716999999999999e-01, -7.0873000000000005e-02, -8.1849000000000005e-01, 2.6136999999999999e-01, -1.0678000000000000e-01, 7.7044000000000001e-03, -7.2928999999999994e-02, -6.9216000000000000e-02, -5.9733999999999998e-01, -1.2178000000000000e-01, 2.2596999999999999e-02, -7.3873999999999995e-01, 8.0551999999999999e-02, -3.0949000000000001e-02
2.0210000000000000e-01, 5.9162000000000003e-01, 2.7535000000000000e-02, -6.8765999999999994e-02, 9.5574000000000003e-01, 5.8414999999999995e-01, -7.7324999999999999e-01, 2.1232999999999999e-01, -6.5133999999999997e-02, -7.7605999999999997e-01, 2.3849000000000001e-01, -1.0223000000000000e-01, -3.0041000000000000e-03, -7.0533999999999999e-02, -5.9928000000000002e-02, -5.7509999999999994e-01, -1.1872000000000001e-01, 1.9621000000000000e-02, -7.1494999999999997e-01, 8.1375000000000003e-02, -3.5978999999999997e-02
2.0097000000000001e-01, 6.0048999999999997e-01, 2.8486999999999998e-02, -6.3048000000000007e-02, 9.5753999999999995e-01, 5.6125999999999998e-01, -7.3155000000000003e-01, 1.8750000000000000e-01, -5.9301000000000000e-02, -7.3519999999999996e-01, 2.1542000000000000e-01, -9.7471000000000002e-02, -1.3738999999999999e-02, -6.8727999999999997e-02, -5.2474000000000000e-02, -5.5379000000000000e-01, -1.1613000000000000e-01, 1.7047000000000000e-02, -6.9125000000000003e-01, 8.0611000000000002e-02, -4.0294000000000003e-02
1.9999000000000000e-01, 6.0858000000000001e-01, 2.9361000000000002e-02, -5.7551999999999999e-02, 9.5913000000000004e-01, 5.3983999999999999e-01, -6.9174999999999998e-01, 1.6299000000000000e-01, -5.3586000000000002e-02, -6.9613999999999998e-01, 1.9244000000000000e-01, -9.2679999999999998e-02, -2.4486000000000001e-02, -6.7561999999999997e-02, -4.6730000000000001e-02, -5.3334999999999999e-01, -1.1398999999999999e-01, 1.4976000000000000e-02, -6.6759999999999997e-01, 7.8381000000000006e-02, -4.3683000000000000e-02
1.9921000000000000e-01, 6.1587000000000003e-01, 3.0120000000000001e-02, -5.2292999999999999e-02, 9.6048999999999995e-01, 5.1985999999999999e-01, -6.5390999999999999e-01, 1.3893000000000000e-01, -4.8127000000000003e-02, -6.5903000000000000e-01, 1.6999000000000000e-01, -8.8053000000000006e-02, -3.5222999999999997e-02, -6.6975999999999994e-02, -4.2665000000000002e-02, -5.1373999999999997e-01, -1.1222000000000000e-01, 1.3443999999999999e-02, -6.4415999999999995e-01, 7.5143000000000001e-02, -4.6099000000000001e-02
1.9863000000000000e-01, 6.2236999999999998e-01, 3.0721999999999999e-02, -4.7266000000000002e-02, 9.6162000000000003e-01, 5.0124999999999997e-01, -6.1795000000000000e-01, 1.1539000000000001e-01, -4.2985000000000002e-02, -6.2402999999999997e-01, 1.4853000000000000e-01, -8.3828000000000000e-02, -4.5957999999999999e-02, -6.6792000000000004e-02, -4.0294999999999997e-02, -4.9491000000000002e-01, -1.1075000000000000e-01, 1.2463999999999999e-02, -6.2117000000000000e-01, 7.1473999999999996e-02, -4.7600000000000003e-02
1.9824000000000000e-01, 6.2809000000000004e-01, 3.1196000000000002e-02, -4.2458000000000003e-02, 9.6250000000000002e-01, 4.8387000000000002e-01, -5.8377000000000001e-01, 9.2464000000000005e-02, -3.8192999999999998e-02, -5.9123999999999999e-01, 1.2858000000000000e-01, -8.0256999999999995e-02, -5.6769000000000000e-02, -6.6683000000000006e-02, -3.9640000000000002e-02, -4.7685000000000000e-01, -1.0954999999999999e-01, 1.2052000000000000e-02, -5.9884999999999999e-01, 6.7791000000000004e-02, -4.8211999999999998e-02
1.9797000000000001e-01, 6.3307000000000002e-01, 3.1579999999999997e-02, -3.7851000000000003e-02, 9.6314999999999995e-01, 4.6760000000000002e-01, -5.5137999999999998e-01, 7.0451000000000000e-02, -3.3818000000000001e-02, -5.6074000000000002e-01, 1.1063000000000001e-01, -7.7572000000000002e-02, -6.7821999999999993e-02, -6.6139000000000003e-02, -4.0722000000000001e-02, -4.5961000000000002e-01, -1.0860000000000000e-01, 1.2222000000000000e-02, -5.7738000000000000e-01, 6.4161999999999997e-02, -4.7823999999999998e-02
1.9775999999999999e-01, 6.3732000000000000e-01, 3.1806000000000001e-02, -3.3434999999999999e-02, 9.6357999999999999e-01, 4.5232000000000000e-01, -5.2093000000000000e-01, 4.9944000000000002e-02, -3.0030000000000001e-02, -5.3259000000000001e-01, 9.5043000000000002e-02, -7.5941999999999996e-02, -7.9342999999999997e-02, -6.4535999999999996e-02, -4.3575999999999997e-02, -4.4335999999999998e-01, -1.0790000000000000e-01, 1.2965000000000001e-02, -5.5688000000000004e-01, 6.0290999999999997e-02, -4.6184999999999997e-02
1.9758999999999999e-01, 6.4085000000000003e-01, 3.1711000000000003e-02, -2.9210000000000000e-02, 9.6380999999999994e-01, 4.3791999999999998e-01, -4.9274000000000001e-01, 3.1787000000000003e-02, -2.7119000000000001e-02, -5.0678999999999996e-01, 8.2031000000000007e-02, -7.5441999999999995e-02, -9.1492000000000004e-02, -6.1397000000000000e-02, -4.8210000000000003e-02, -4.2820999999999998e-01, -1.0743999999999999e-01, 1.4262000000000000e-02, -5.3739000000000003e-01, 5.5655000000000003e-02, -4.2992000000000002e-02
1.9746000000000000e-01, 6.4368000000000003e-01, 3.1238999999999999e-02, -2.5184999999999999e-02, 9.6387000000000000e-01, 4.2433999999999999e-01, -4.6717999999999998e-01, 1.6892999999999998e-02, -2.5447999999999998e-02, -4.8329000000000000e-01, 7.1604000000000001e-02, -7.6037999999999994e-02, -1.0417000000000000e-01, -5.6723000000000003e-02, -5.4515000000000001e-02, -4.1415999999999997e-01, -1.0727000000000000e-01, 1.6136999999999999e-02, -5.1888000000000001e-01, 4.9714000000000001e-02, -3.8004000000000003e-02
1.9741000000000000e-01, 6.4585000000000004e-01, 3.0571000000000001e-02, -2.1374000000000001e-02, 9.6375999999999995e-01, 4.1153000000000001e-01, -4.4457000000000002e-01, 5.9714000000000000e-03, -2.5346000000000000e-02, -4.6196999999999999e-01, 6.3560000000000005e-02, -7.7613000000000001e-02, -1.1691000000000000e-01, -5.1131000000000003e-02, -6.2195000000000000e-02, -4.0095999999999998e-01, -1.0758000000000000e-01, 1.8721999999999999e-02, -5.0127999999999995e-01, 4.2148999999999999e-02, -3.1151000000000002e-02
1.9753000000000001e-01, 6.4744000000000002e-01, 3.0009000000000001e-02, -1.7797000000000000e-02, 9.6352000000000004e-01, 3.9939000000000002e-01, -4.2492999999999997e-01, -7.6387000000000004e-04, -2.6980000000000001e-02, -4.4259999999999999e-01, 5.7547000000000001e-02, -7.9999000000000001e-02, -1.2901000000000001e-01, -4.5558000000000001e-02, -7.0824999999999999e-02, -3.8834000000000002e-01, -1.0868999999999999e-01, 2.2253999999999999e-02, -4.8464000000000002e-01, 3.3043999999999997e-02, -2.2596000000000002e-02
1.9794000000000000e-01, 6.4853000000000005e-01, 2.9762000000000000e-02, -1.4468000000000000e-02, 9.6314000000000000e-01, 3.8779999999999998e-01, -4.0793000000000001e-01, -3.7523000000000001e-03, -3.0249000000000002e-02, -4.2487000000000003e-01, 5.3158999999999998e-02, -8.3016999999999994e-02, -1.3986999999999999e-01, -4.0724000000000003e-02, -8.0016000000000004e-02, -3.7622000000000000e-01, -1.1088000000000001e-01, 2.6976000000000000e-02, -4.6926000000000001e-01, 2.2928000000000000e-02, -1.2728000000000000e-02
1.9880000000000000e-01, 6.4919000000000004e-01, 2.9895999999999999e-02, -1.1390000000000001e-02, 9.6264000000000005e-01, 3.7658999999999998e-01, -3.9291999999999999e-01, -4.0026000000000003e-03, -3.4784000000000002e-02, -4.0844000000000003e-01, 5.0041000000000002e-02, -8.6510000000000004e-02, -1.4918000000000001e-01, -3.6817999999999997e-02, -8.9511999999999994e-02, -3.6487999999999998e-01, -1.1425000000000000e-01, 3.2989999999999998e-02, -4.5565000000000000e-01, 1.2617000000000000e-02, -2.1050000000000001e-03
2.0025000000000001e-01, 6.4949999999999997e-01, 3.0452000000000000e-02, -8.5544000000000002e-03, 9.6203000000000005e-01, 3.6559999999999998e-01, -3.7912000000000001e-01, -2.7659000000000000e-03, -4.0059999999999998e-02, -3.9302999999999999e-01, 4.7947999999999998e-02, -9.0350000000000000e-02, -1.5690000000000001e-01, -3.3675999999999998e-02, -9.9139000000000005e-02, -3.5475000000000001e-01, -1.1856000000000000e-01, 4.0154000000000002e-02, -4.4420999999999999e-01, 2.9451999999999998e-03, 8.6608999999999992e-03
2.0233999999999999e-01, 6.4954999999999996e-01, 3.1406999999999997e-02, -5.9306999999999997e-03, 9.6131999999999995e-01, 3.5471999999999998e-01, -3.6588999999999999e-01, -1.1023000000000001e-03, -4.5587000000000003e-02, -3.7842999999999999e-01, 4.6739000000000003e-02, -9.4439999999999996e-02, -1.6308000000000000e-01, -3.1202000000000001e-02, -1.0868999999999999e-01, -3.4615000000000001e-01, -1.2332000000000000e-01, 4.8085999999999997e-02, -4.3495000000000000e-01, -5.4993000000000004e-03, 1.9016999999999999e-02
2.0497000000000001e-01, 6.4942000000000000e-01, 3.2548000000000001e-02, -3.4762999999999999e-03, 9.6057000000000003e-01, 3.4388999999999997e-01, -3.5282999999999998e-01, 4.4969999999999998e-04, -5.1061000000000002e-02, -3.6446000000000001e-01, 4.6318999999999999e-02, -9.8698999999999995e-02, -1.6761999999999999e-01, -2.9572000000000001e-02, -1.1792000000000000e-01, -3.3901999999999999e-01, -1.2798000000000001e-01, 5.6259999999999998e-02, -4.2741000000000001e-01, -1.2508000000000000e-02, 2.8556000000000002e-02
2.0791999999999999e-01, 6.4917999999999998e-01, 3.3502999999999998e-02, -1.1436000000000000e-03, 9.5979000000000003e-01, 3.3302999999999999e-01, -3.3987000000000001e-01, 1.9364000000000000e-03, -5.6411000000000003e-02, -3.5097000000000000e-01, 4.6598000000000001e-02, -1.0304000000000001e-01, -1.7044000000000001e-01, -2.9003999999999999e-02, -1.2667000000000000e-01, -3.3306000000000002e-01, -1.3208000000000000e-01, 6.4128000000000004e-02, -4.2088999999999999e-01, -1.8239999999999999e-02, 3.7039999999999997e-02
2.1095000000000000e-01, 6.4888999999999997e-01, 3.3930000000000002e-02, 1.1138999999999999e-03, 9.5904000000000000e-01, 3.2212000000000002e-01, -3.2712999999999998e-01, 3.7588999999999999e-03, -6.1716000000000000e-02, -3.3783000000000002e-01, 4.7463999999999999e-02, -1.0739000000000000e-01, -1.7177000000000001e-01, -2.9236999999999999e-02, -1.3503000000000001e-01, -3.2793000000000000e-01, -1.3539000000000001e-01, 7.1235999999999994e-02, -4.1488999999999998e-01, -2.3092000000000001e-02, 4.4374999999999998e-02
2.1385999999999999e-01, 6.4861000000000002e-01, 3.3655999999999998e-02, 3.3424000000000001e-03, 9.5835999999999999e-01, 3.1118000000000001e-01, -3.1476999999999999e-01, 6.2947999999999997e-03, -6.7056000000000004e-02, -3.2493000000000000e-01, 4.8766999999999998e-02, -1.1166000000000000e-01, -1.7243000000000000e-01, -2.9207000000000000e-02, -1.4341000000000001e-01, -3.2357000000000002e-01, -1.3794000000000001e-01, 7.7284000000000005e-02, -4.0931000000000001e-01, -2.7526999999999999e-02, 5.0562999999999997e-02
2.1650000000000000e-01, 6.4839999999999998e-01, 3.2702000000000002e-02, 5.5878999999999998e-03, 9.5777999999999996e-01, 3.0032999999999999e-01, -3.0288999999999999e-01, 9.6056000000000006e-03, -7.2412000000000004e-02, -3.1223000000000001e-01, 5.0325000000000002e-02, -1.1579000000000000e-01, -1.7366000000000001e-01, -2.7368000000000000e-02, -1.5223000000000000e-01, -3.2017000000000001e-01, -1.3986000000000001e-01, 8.2156999999999994e-02, -4.0439000000000003e-01, -3.1926999999999997e-02, 5.5668000000000002e-02
2.1881000000000000e-01, 6.4827999999999997e-01, 3.1251000000000001e-02, 7.8881000000000003e-03, 9.5730000000000004e-01, 2.8970000000000001e-01, -2.9143000000000002e-01, 1.3382000000000000e-02, -7.7643000000000004e-02, -2.9973000000000000e-01, 5.1943000000000003e-02, -1.1975000000000000e-01, -1.7652999999999999e-01, -2.2501000000000000e-02, -1.6163000000000000e-01, -3.1794000000000000e-01, -1.4133000000000001e-01, 8.5924000000000000e-02, -4.0039999999999998e-01, -3.6471999999999997e-02, 5.9799999999999999e-02
2.2078999999999999e-01, 6.4822999999999997e-01, 2.9602000000000000e-02, 1.0259000000000001e-02, 9.5689999999999997e-01, 2.7943000000000001e-01, -2.8022000000000002e-01, 1.7097999999999999e-02, -8.2561999999999997e-02, -2.8744999999999998e-01, 5.3425000000000000e-02, -1.2352000000000000e-01, -1.8149999999999999e-01, -1.4319000000000000e-02, -1.7140000000000000e-01, -3.1696999999999997e-01, -1.4235000000000000e-01, 8.8799000000000003e-02, -3.9739999999999998e-01, -4.1091999999999997e-02, 6.3122999999999999e-02
2.2247000000000000e-01, 6.4822999999999997e-01, 2.8119000000000002e-02, 1.2690000000000000e-02, 9.5657000000000003e-01, 2.6962000000000003e-01, -2.6912000000000003e-01, 2.0219000000000001e-02, -8.7014999999999995e-02, -2.7539000000000002e-01, 5.4567999999999998e-02, -1.2706000000000001e-01, -1.8837999999999999e-01, -3.3898999999999999e-03, -1.8121999999999999e-01, -3.1719000000000003e-01, -1.4277999999999999e-01, 9.1073000000000001e-02, -3.9534000000000002e-01, -4.5497999999999997e-02, 6.5833000000000003e-02
2.2386000000000000e-01, 6.4822999999999997e-01, 2.7144999999999999e-02, 1.5153000000000000e-02, 9.5626999999999995e-01, 2.6035000000000003e-01, -2.5802999999999998e-01, 2.2346000000000001e-02, -9.0923000000000004e-02, -2.6357000000000003e-01, 5.5150999999999999e-02, -1.3033000000000000e-01, -1.9669000000000000e-01, 9.3959999999999998e-03, -1.9084999999999999e-01, -3.1852000000000003e-01, -1.4230999999999999e-01, 9.3031000000000003e-02, -3.9411000000000002e-01, -4.9322999999999999e-02, 6.8120000000000000e-02
2.2500000000000001e-01, 6.4820999999999995e-01, 2.6887000000000001e-02, 1.7611999999999999e-02, 9.5599999999999996e-01, 2.5169999999999998e-01, -2.4698000000000001e-01, 2.3274000000000000e-02, -9.4274999999999998e-02, -2.5197999999999998e-01, 5.4940000000000003e-02, -1.3322999999999999e-01, -2.0594999999999999e-01, 2.3282000000000001e-02, -2.0027000000000000e-01, -3.2088000000000000e-01, -1.4069999999999999e-01, 9.4897999999999996e-02, -3.9363999999999999e-01, -5.2306999999999999e-02, 7.0126999999999995e-02
2.2595000000000001e-01, 6.4810999999999996e-01, 2.7335000000000002e-02, 2.0032999999999999e-02, 9.5572999999999997e-01, 2.4374999999999999e-01, -2.3608999999999999e-01, 2.3011000000000000e-02, -9.7098000000000004e-02, -2.4065000000000000e-01, 5.3747000000000003e-02, -1.3567000000000001e-01, -2.1582000000000001e-01, 3.7719999999999997e-02, -2.0956000000000000e-01, -3.2414999999999999e-01, -1.3789000000000001e-01, 9.6798999999999996e-02, -3.9383000000000001e-01, -5.4406000000000003e-02, 7.1919999999999998e-02
2.2675999999999999e-01, 6.4790999999999999e-01, 2.8264999999999998e-02, 2.2374999999999999e-02, 9.5548999999999995e-01, 2.3660000000000000e-01, -2.2561000000000000e-01, 2.1788999999999999e-02, -9.9432000000000006e-02, -2.2971000000000000e-01, 5.1534000000000003e-02, -1.3757000000000000e-01, -2.2591000000000000e-01, 5.2160999999999999e-02, -2.1873999999999999e-01, -3.2800000000000001e-01, -1.3419000000000000e-01, 9.8747000000000001e-02, -3.9446999999999999e-01, -5.5788999999999998e-02, 7.3491000000000001e-02
2.2746000000000000e-01, 6.4761000000000002e-01, 2.9294000000000001e-02, 2.4587999999999999e-02, 9.5526999999999995e-01, 2.3033999999999999e-01, -2.1592000000000000e-01, 2.0022000000000002e-02, -1.0133000000000000e-01, -2.1940000000000001e-01, 4.8475999999999998e-02, -1.3893000000000000e-01, -2.3573000000000000e-01, 6.5904000000000004e-02, -2.2769000000000000e-01, -3.3189999999999997e-01, -1.3020999999999999e-01, 1.0067000000000000e-01, -3.9522000000000002e-01, -5.6723999999999997e-02, 7.4804999999999996e-02
2.2806000000000001e-01, 6.4720999999999995e-01, 3.0037000000000001e-02, 2.6630999999999998e-02, 9.5508000000000004e-01, 2.2500999999999999e-01, -2.0730000000000001e-01, 1.8138999999999999e-02, -1.0287000000000000e-01, -2.0996999999999999e-01, 4.4902999999999998e-02, -1.3979000000000000e-01, -2.4487999999999999e-01, 7.8368999999999994e-02, -2.3627000000000001e-01, -3.3537000000000000e-01, -1.2654000000000001e-01, 1.0249000000000000e-01, -3.9581000000000000e-01, -5.7453999999999998e-02, 7.5857999999999995e-02
2.2858999999999999e-01, 6.4676000000000000e-01, 3.0335000000000001e-02, 2.8537000000000000e-02, 9.5492999999999995e-01, 2.2034999999999999e-01, -1.9955000000000001e-01, 1.6337000000000001e-02, -1.0419000000000000e-01, -2.0127000000000000e-01, 4.1127999999999998e-02, -1.4036000000000001e-01, -2.5339000000000000e-01, 8.9713000000000001e-02, -2.4449000000000001e-01, -3.3835999999999999e-01, -1.2331000000000000e-01, 1.0419000000000000e-01, -3.9617999999999998e-01, -5.8111999999999997e-02, 7.6731999999999995e-02
