6.2499999999715535e-03, 5.4210108624275222e-18, -3.8875000000000041e-02, -2.3437500000000042e-02, 6.2499999999715535e-03, -3.7500000000002892e-02, -3.7500000000002982e-02, 7.5000000000006312e-02, -3.1250000000014252e-02, -6.2500000000062072e-03, 3.7500000000002892e-02, -3.1250000000013912e-02, 2.7499999999998082e-01, -2.9500000000000048e-01, 6.2211875000000028e+00, -3.7500000000002719e-02, -5.6875000000001297e-01, -8.9375000000002605e-02, 4.4374999999995807e-01, -8.8125000000001397e-01, 1.8812499999999732e-01
6.2499999999715535e-03, 5.4210108624275222e-18, -3.8875000000000041e-02, -2.3437500000000042e-02, 6.2499999999715535e-03, -3.7500000000002892e-02, -3.7500000000002982e-02, 7.5000000000006312e-02, -3.1250000000014252e-02, -6.2500000000062072e-03, 3.7500000000002892e-02, -3.1250000000013912e-02, 2.7499999999998082e-01, -2.9500000000000048e-01, 6.2211875000000028e+00, -3.7500000000002719e-02, -5.6875000000001297e-01, -8.9375000000002605e-02, 4.4374999999995807e-01, -8.8125000000001397e-01, 1.8812499999999732e-01
1.2499999999977808e-02, -1.8750000000001408e-02, -1.2843750000000054e-01, -7.6124999999999887e-02, 6.2499999999715570e-03, -8.7500000000000785e-02, -1.6249999999998907e-01, 2.8749999999999265e-01, -1.8750000000018755e-02, -1.3125000000002721e-01, 2.8124999999998640e-01, -1.1875000000001469e-01, 6.8749999999998479e-01, -4.5374999999999416e-01, 1.2921750000000007e+01, -1.3750000000001611e-01, -1.7249999999999908e+00, -2.0312500000000369e-01, 9.8749999999994686e-01, -2.4000000000000412e+00, 4.3187499999998963e-01
1.2500000000012506e-02, -3.7499999999994135e-02, -1.8125000000000019e-01, -1.4243749999999963e-01, -6.2499999999715509e-03, -1.0624999999998457e-01, -3.4999999999996784e-01, 5.4374999999998730e-01, 1.1874999999999802e-01, -4.1875000000000245e-01, 7.4374999999999758e-01, -2.3124999999998835e-01, 9.4375000000001397e-01, 6.1875000000010533e-02, 1.1721249999999984e+01, -3.0625000000001151e-01, -2.9624999999999799e+00, -2.3562500000000150e-01, 9.8750000000001592e-01, -3.5562500000000168e+00, 4.9624999999999314e-01
1.8750000000018748e-02, -1.8749999999992731e-02, -1.3799999999999957e-01, -2.1506250000000002e-01, -2.4999999999955613e-02, -9.9999999999996078e-02, -5.1249999999999241e-01, 6.8125000000000535e-01, 3.0625000000001096e-01, -7.3749999999997418e-01, 1.1875000000000082e+00, -2.9374999999998158e-01, 1.1500000000000064e+00, 9.2500000000000515e-01, 7.6075625000000020e+00, -6.0624999999999907e-01, -4.0812499999999865e+00, -2.5312499999999288e-01, 6.2500000000003531e-01, -4.2937499999999922e+00, 4.8812500000001113e-01
1.2500000000012501e-02, 6.2499999999975769e-03, -3.0062500000000353e-02, -2.7975000000000017e-01, -4.3750000000078441e-02, -3.1250000000013912e-02, -6.1875000000002911e-01, 5.9999999999999298e-01, 4.6875000000001782e-01, -9.9999999999999389e-01, 1.4062499999999840e+00, -2.3125000000000576e-01, 1.2749999999999917e+00, 1.8506249999999946e+00, 2.7293750000000121e+00, -1.0625000000000044e+00, -4.7312499999999780e+00, -2.7374999999999622e-01, 2.4999999999990311e-02, -4.3437500000000071e+00, 4.4000000000000633e-01
-2.7105054312137607e-18, 1.2499999999995154e-02, 7.7749999999999597e-02, -3.3156249999999987e-01, -3.7500000000037483e-02, 1.4999999999999419e-01, -7.3750000000000815e-01, 3.0624999999999258e-01, 5.8749999999999813e-01, -1.2062499999999914e+00, 1.3000000000000151e+00, -6.2500000000010283e-02, 1.3124999999999918e+00, 2.5474999999999888e+00, -1.8887500000000164e+00, -1.5625000000000007e+00, -4.7312500000000108e+00, -2.9000000000000364e-01, -6.6875000000000973e-01, -3.6874999999999729e+00, 3.5624999999999168e-01
4.0657581468206409e-18, 6.2499999999975743e-03, 1.2812500000000071e-01, -3.7300000000000066e-01, -6.2499999999022096e-03, 4.8124999999999513e-01, -9.3124999999999614e-01, -8.7499999999980635e-02, 6.8124999999998637e-01, -1.3999999999999790e+00, 9.3750000000002043e-01, 1.5000000000001096e-01, 1.3187500000000141e+00, 2.7606250000000032e+00, -5.7374999999999829e+00, -1.9499999999999909e+00, -4.0750000000000206e+00, -2.8750000000000153e-01, -1.2624999999999786e+00, -2.4937499999999662e+00, 2.1687500000000071e-01
-1.2500000000012505e-02, 6.2499999999975787e-03, 1.0031250000000061e-01, -4.1062500000000007e-01, 6.2499999999715596e-03, 9.5000000000001361e-01, -1.2500000000000013e+00, -4.6249999999999442e-01, 7.8749999999998999e-01, -1.6687500000000388e+00, 4.4374999999997561e-01, 3.7499999999999351e-01, 1.3718750000000106e+00, 2.3693750000000109e+00, -8.4437500000000156e+00, -2.1249999999999920e+00, -2.9687500000000213e+00, -2.5562500000000415e-01, -1.6187499999999888e+00, -9.6875000000003253e-01, 1.0625000000001958e-02
-1.2500000000012499e-02, 6.2499999999975743e-03, 2.5812499999999541e-02, -4.5224999999999860e-01, 1.2499999999943154e-02, 1.5250000000000157e+00, -1.7124999999999755e+00, -7.4375000000001790e-01, 9.4374999999999010e-01, -2.0500000000000353e+00, -6.2500000000013226e-02, 6.1249999999998805e-01, 1.4768749999999884e+00, 1.4862500000000007e+00, -9.9375000000000089e+00, -2.0999999999999988e+00, -1.6625000000000261e+00, -1.8312500000000054e-01, -1.7875000000000172e+00, 6.4999999999996161e-01, -2.3750000000000399e-01
-4.0657581468206409e-18, -6.2499999999975743e-03, -3.7437500000000436e-02, -5.0231250000000038e-01, 3.1250000000065913e-02, 2.1374999999999873e+00, -2.2999999999999785e+00, -8.7500000000000544e-01, 1.1250000000000151e+00, -2.5249999999999608e+00, -4.1249999999997672e-01, 8.3750000000000513e-01, 1.5562500000000004e+00, 4.2937499999999840e-01, -1.0449999999999969e+01, -2.0125000000000033e+00, -3.3749999999996139e-01, -6.7499999999998631e-02, -1.8624999999999903e+00, 2.1437500000000216e+00, -4.6749999999999853e-01
0.0000000000000000e+00, -6.2499999999975787e-03, -6.3250000000000070e-02, -5.5918750000000106e-01, 3.7500000000037510e-02, 2.7124999999999897e+00, -2.9562500000000083e+00, -8.5624999999998941e-01, 1.2625000000000142e+00, -3.0999999999999788e+00, -5.1874999999998128e-01, 9.6874999999999767e-01, 1.5331249999999985e+00, -4.4187500000000773e-01, -1.0318750000000021e+01, -1.9937499999999992e+00, 8.4375000000004630e-01, 6.6250000000005568e-02, -1.9624999999999857e+00, 3.3500000000000214e+00, -6.2437500000000001e-01
3.4702601035829777e-14, 0.0000000000000000e+00, -7.0499999999999785e-02, -6.1593749999999725e-01, 3.1249999999996576e-02, 3.2187500000000031e+00, -3.5937500000000089e+00, -6.9999999999999252e-01, 1.3062499999999857e+00, -3.7250000000000010e+00, -3.9375000000001587e-01, 9.6250000000000657e-01, 1.3756249999999870e+00, -9.1312500000000685e-01, -9.8625000000000060e+00, -2.0874999999999959e+00, 1.6687499999999797e+00, 1.6875000000000481e-01, -2.1812500000000239e+00, 4.1562499999999991e+00, -6.9687500000000313e-01
6.2500000000062436e-03, -6.2499999999975743e-03, -7.2562500000000002e-02, -6.6662500000000036e-01, -1.0842021724855035e-17, 3.6312500000000076e+00, -4.1750000000000149e+00, -4.5625000000000276e-01, 1.2312500000000002e+00, -4.3437500000000107e+00, -7.5000000000020814e-02, 8.3124999999999916e-01, 1.1037500000000038e+00, -9.9312499999999349e-01, -9.2312499999999833e+00, -2.2499999999999987e+00, 2.0437499999999562e+00, 1.9374999999999368e-01, -2.4874999999999909e+00, 4.5312500000000151e+00, -7.1250000000000091e-01
1.8749999999949373e-02, -1.8750000000001422e-02, -5.6375000000000314e-02, -7.0881250000000562e-01, -3.1250000000065982e-02, 3.9500000000000064e+00, -4.6562500000000266e+00, -2.0000000000002283e-01, 1.0750000000000033e+00, -4.9125000000000405e+00, 3.3125000000000565e-01, 6.3124999999999221e-01, 7.8750000000001363e-01, -8.4374999999999944e-01, -8.5187500000000327e+00, -2.3937500000000136e+00, 2.0187499999999980e+00, 1.3624999999999676e-01, -2.7937499999999940e+00, 4.5312499999999867e+00, -7.1437499999999532e-01
1.8750000000018745e-02, -1.2500000000003815e-02, -1.9624999999999903e-02, -7.3999999999999655e-01, -6.2500000000062450e-02, 4.1562499999999813e+00, -5.0187500000000060e+00, 4.3749999999987917e-02, 9.2499999999998461e-01, -5.3499999999999881e+00, 7.0625000000000793e-01, 4.3750000000000094e-01, 5.4124999999998780e-01, -6.6312499999999808e-01, -7.8375000000000155e+00, -2.4687499999999929e+00, 1.6937500000000363e+00, 3.8125000000004149e-02, -3.0687500000000063e+00, 4.2687499999999670e+00, -7.3062499999999253e-01
1.2500000000047190e-02, 6.2499999999975743e-03, 1.4562500000000251e-02, -7.6249999999999762e-01, -1.0624999999993273e-01, 4.2437499999999924e+00, -5.2624999999999877e+00, 2.6875000000002569e-01, 8.3125000000001592e-01, -5.5999999999999774e+00, 9.7500000000000342e-01, 3.3125000000000171e-01, 4.6625000000000100e-01, -5.8937499999999077e-01, -7.2124999999999595e+00, -2.4687500000000036e+00, 1.2687499999999847e+00, -4.3124999999999719e-02, -3.2812500000000187e+00, 3.8562500000000388e+00, -7.6375000000000026e-01
-3.4670074970655237e-14, 6.2499999999975587e-03, 2.7562499999999931e-02, -7.7937500000000548e-01, -1.3749999999992962e-01, 4.2187500000000249e+00, -5.3812499999999988e+00, 4.9375000000001212e-01, 7.8125000000002331e-01, -5.6562500000000320e+00, 1.0999999999999959e+00, 3.3750000000001157e-01, 5.5625000000001812e-01, -6.3625000000001020e-01, -6.6124999999999829e+00, -2.4125000000000378e+00, 8.6249999999998939e-01, -7.3750000000005103e-02, -3.4062500000000222e+00, 3.3125000000000240e+00, -7.8500000000000691e-01
-1.2500000000047223e-02, 8.6898804124713228e-15, 2.6750000000000062e-02, -7.8937499999999672e-01, -1.6875000000006443e-01, 4.1437499999999785e+00, -5.4687499999999885e+00, 7.6875000000000104e-01, 7.1874999999998435e-01, -5.5937499999999778e+00, 1.0812499999999994e+00, 4.1249999999999226e-01, 6.7349999999998422e-01, -7.0125000000000892e-01, -6.0125000000000144e+00, -2.3749999999999645e+00, 4.5000000000003948e-01, -7.4374999999995570e-02, -3.4624999999999755e+00, 2.5687499999999583e+00, -7.2999999999999909e-01
-6.2499999999715535e-03, 6.2500000000062480e-03, 3.1375000000000139e-02, -7.9249999999999876e-01, -1.9999999999999171e-01, 4.1374999999999904e+00, -5.6562499999999964e+00, 1.1125000000000020e+00, 5.6249999999998956e-01, -5.5250000000000083e+00, 9.1874999999999929e-01, 5.1874999999999793e-01, 6.3849999999999818e-01, -6.5812499999999008e-01, -5.5000000000000169e+00, -2.3874999999999904e+00, 1.8749999999984040e-02, -1.0124999999999718e-01, -3.4437500000000090e+00, 1.6000000000000041e+00, -5.5250000000000599e-01
3.4710732552123443e-14, 1.2499999999995149e-02, 5.5124999999999494e-02, -7.8750000000000320e-01, -2.1874999999997655e-01, 4.2500000000000444e+00, -5.9687500000000089e+00, 1.5062499999999868e+00, 2.8749999999999903e-01, -5.5062500000000316e+00, 6.4374999999999261e-01, 6.0625000000002160e-01, 3.6362500000001757e-01, -4.4999999999999873e-01, -5.1937499999999970e+00, -2.4437500000000374e+00, -4.3125000000005542e-01, -1.8062500000000814e-01, -3.3999999999999910e+00, 4.9999999999999095e-01, -2.8500000000001108e-01
-1.6263032587282576e-17, 1.2499999999995157e-02, 9.8375000000000157e-02, -7.7812499999999241e-01, -2.3125000000005713e-01, 4.4499999999999789e+00, -6.3374999999999488e+00, 1.8999999999999853e+00, -1.8750000000007660e-02, -5.5374999999999428e+00, 3.4375000000002337e-01, 6.3749999999999118e-01, -9.4500000000016834e-02, -1.0687500000000309e-01, -5.0999999999999579e+00, -2.5812499999999559e+00, -8.2499999999998652e-01, -2.7812499999999951e-01, -3.4312499999999373e+00, -4.9375000000001940e-01, -4.4374999999988542e-02
-1.2500000000012496e-02, 1.8750000000001397e-02, 1.2975000000000025e-01, -7.7000000000000268e-01, -2.4374999999993138e-01, 4.6187499999999702e+00, -6.6312500000000378e+00, 2.2000000000000139e+00, -2.4374999999998334e-01, -5.5687499999999783e+00, 1.1250000000000833e-01, 5.8749999999997993e-01, -5.8712500000000167e-01, 2.9625000000000123e-01, -5.1187499999999826e+00, -2.8437499999999978e+00, -9.8124999999994034e-01, -3.3125000000000154e-01, -3.6187500000000425e+00, -1.1124999999999681e+00, 3.1250000000005204e-02
-3.1250000000031267e-02, 1.8750000000001429e-02, 9.6749999999999711e-02, -7.5500000000001366e-01, -2.6249999999998624e-01, 4.6250000000000480e+00, -6.6687500000000988e+00, 2.3062500000000274e+00, -3.3750000000000185e-01, -5.4937500000000670e+00, -1.2500000000038876e-02, 4.8750000000000759e-01, -9.5399999999998453e-01, 6.8125000000000557e-01, -5.1125000000000664e+00, -3.2625000000000308e+00, -7.6250000000000662e-01, -3.0250000000000066e-01, -4.0250000000000670e+00, -1.1749999999999863e+00, -1.2125000000000370e-01
-2.4999999999990297e-02, -2.4394548880923862e-17, -8.3124999999995997e-03, -7.2187499999998883e-01, -2.8750000000007830e-01, 4.3937499999999821e+00, -6.3124999999999076e+00, 2.1437499999999816e+00, -2.9375000000002260e-01, -5.2062499999999874e+00, -3.1250000000004899e-02, 3.9375000000000610e-01, -1.0818750000000132e+00, 9.7250000000000025e-01, -4.9875000000000096e+00, -3.8124999999999680e+00, -1.1875000000004249e-01, -2.1687499999998974e-01, -4.6437499999999297e+00, -5.8125000000000016e-01, -4.5937499999998710e-01
3.4718864068417034e-14, -1.8749999999992731e-02, -1.1849999999999938e-01, -6.6374999999998185e-01, -2.8750000000000814e-01, 3.9187499999999176e+00, -5.5562499999999018e+00, 1.7374999999999543e+00, -1.7499999999998958e-01, -4.6999999999999167e+00, 4.3750000000035386e-02, 2.9374999999999235e-01, -9.5625000000000904e-01, 1.1162499999999858e+00, -4.7624999999999460e+00, -4.4562499999999803e+00, 9.5000000000001872e-01, -1.3999999999999921e-01, -5.4437499999999561e+00, 6.9374999999998954e-01, -8.8749999999999341e-01
6.2499999999715448e-03, -1.8750000000001373e-02, -1.6300000000000042e-01, -5.8000000000000640e-01, -2.7499999999999686e-01, 3.2999999999999998e+00, -4.5812499999999607e+00, 1.2312500000000146e+00, -9.3749999999988898e-02, -4.0562499999999906e+00, 1.6874999999999515e-01, 1.7500000000000138e-01, -6.9687500000000169e-01, 1.0993750000000047e+00, -4.5124999999999931e+00, -5.1499999999999693e+00, 2.4000000000000372e+00, -1.1375000000000091e-01, -6.3875000000000295e+00, 2.6187499999999773e+00, -1.2943750000000089e+00
6.2499999999715101e-03, -1.8750000000010082e-02, -1.4306250000000040e-01, -4.8125000000002843e-01, -2.8124999999997258e-01, 2.7312500000001214e+00, -3.6875000000000737e+00, 8.1250000000007772e-01, -8.7499999999989586e-02, -3.4562500000000798e+00, 3.4999999999998610e-01, 1.2500000000008327e-02, -5.0374999999997461e-01, 9.2562500000001247e-01, -4.2250000000000503e+00, -5.7812500000000657e+00, 4.0562499999999897e+00, -1.2250000000000497e-01, -7.3312500000000655e+00, 4.9750000000000041e+00, -1.5375000000000139e+00
1.2500000000012498e-02, -2.5000000000007752e-02, -1.0675000000000023e-01, -3.8125000000001286e-01, -2.8749999999994547e-01, 2.3625000000001108e+00, -3.1375000000002378e+00, 6.9374999999999709e-01, -1.5624999999998934e-01, -3.1000000000001142e+00, 6.1875000000001357e-01, -2.1874999999999853e-01, -5.1062499999997113e-01, 5.9374999999999578e-01, -3.7750000000000661e+00, -6.2125000000001434e+00, 5.6187499999999773e+00, -1.2312500000000610e-01, -8.0250000000000981e+00, 7.2000000000000366e+00, -1.4525000000000170e+00
1.2500000000012550e-02, -1.2499999999995131e-02, -7.5062499999999630e-02, -2.8812499999997160e-01, -2.9374999999997758e-01, 2.1999999999998838e+00, -3.0062499999999162e+00, 9.5624999999992011e-01, -3.3125000000002175e-01, -3.0124999999999735e+00, 1.0000000000000111e+00, -4.9375000000000413e-01, -6.7125000000003421e-01, 1.1687499999999637e-01, -3.0687499999999370e+00, -6.3437499999999103e+00, 6.7562499999999988e+00, -9.3749999999994366e-02, -8.1937499999999091e+00, 8.4937499999999861e+00, -9.1749999999998877e-01
1.8750000000018734e-02, 8.7440905210955854e-15, -3.0562499999999659e-02, -2.0187499999998038e-01, -3.1875000000007075e-01, 2.1062499999998798e+00, -3.0937499999997815e+00, 1.4812499999999911e+00, -6.0625000000001805e-01, -3.0687499999998451e+00, 1.4999999999999876e+00, -8.1875000000001452e-01, -8.0125000000003044e-01, -4.1312499999999613e-01, -2.2187499999999285e+00, -6.1437499999998257e+00, 7.1562499999999893e+00, -5.1250000000003501e-02, -7.6062499999998803e+00, 8.1437499999999474e+00, 5.3125000000021162e-02
1.8750000000018720e-02, 0.0000000000000000e+00, 3.8499999999999500e-02, -1.1125000000000708e-01, -3.5000000000007214e-01, 1.9062500000000298e+00, -3.1000000000000445e+00, 2.0687500000000201e+00, -9.2499999999999549e-01, -3.0562499999999577e+00, 2.0499999999999652e+00, -1.1750000000000111e+00, -7.4312499999999526e-01, -8.3625000000000183e-01, -1.4937499999999979e+00, -5.6625000000000316e+00, 6.6874999999999796e+00, -3.9374999999995976e-02, -6.2875000000000290e+00, 5.9687500000000089e+00, 1.2612500000000015e+00
1.2499999999977784e-02, 1.2500000000003805e-02, 1.1687500000000012e-01, -9.3750000000003466e-03, -3.6874999999998648e-01, 1.5375000000000125e+00, -2.8562500000000464e+00, 2.5187499999999812e+00, -1.2187499999999938e+00, -2.8125000000000262e+00, 2.5499999999999776e+00, -1.5124999999999833e+00, -5.0437499999999114e-01, -1.0250000000000083e+00, -1.1749999999999916e+00, -5.0312500000000604e+00, 5.4812499999999913e+00, -9.2499999999988342e-02, -4.5624999999999760e+00, 2.5125000000000095e+00, 2.3818749999999929e+00
6.2499999999716159e-03, 3.7499999999994101e-02, 1.7406249999999990e-01, 9.4999999999985291e-02, -3.9374999999994897e-01, 1.0500000000001166e+00, -2.3625000000000984e+00, 2.7062500000000411e+00, -1.4249999999999963e+00, -2.3875000000001179e+00, 2.9250000000000402e+00, -1.8062499999999868e+00, -2.5187499999996649e-01, -9.1874999999999463e-01, -1.3875000000000957e+00, -4.4125000000001044e+00, 3.9125000000000680e+00, -2.0812500000001333e-01, -2.8500000000000831e+00, -1.1999999999999500e+00, 3.0974999999999868e+00
-6.2499999999715110e-03, 3.1249999999996638e-02, 1.7925000000000016e-01, 1.9812499999997715e-01, -3.9999999999999175e-01, 5.3125000000005074e-01, -1.6687500000001330e+00, 2.5812500000000673e+00, -1.4812500000000062e+00, -1.8562500000001072e+00, 3.1375000000000575e+00, -1.9812500000000051e+00, -9.9999999999980854e-02, -5.6249999999999656e-01, -1.9687500000000950e+00, -3.8937500000001144e+00, 2.4062500000000644e+00, -3.5687500000001166e-01, -1.5250000000001569e+00, -4.1624999999999384e+00, 3.2462500000000052e+00
-1.2500000000012584e-02, 6.2500000000062219e-03, 1.2350000000000055e-01, 3.0625000000001679e-01, -3.6874999999998054e-01, 1.2499999999832114e-02, -8.4999999999991904e-01, 2.1999999999999700e+00, -1.3687499999999952e+00, -1.2687499999998211e+00, 3.1687499999999815e+00, -2.0000000000000107e+00, -1.8750000000035440e-02, -1.0625000000000567e-01, -2.5312499999999121e+00, -3.5312499999998206e+00, 1.2249999999999313e+00, -4.9374999999999064e-01, -7.6874999999989735e-01, -5.8187500000000725e+00, 2.8918750000000109e+00
-1.2500000000047225e-02, 6.2499999999975145e-03, 3.3187499999999835e-02, 4.1875000000001456e-01, -3.3124999999994137e-01, -5.1875000000003957e-01, -3.1249999999827222e-02, 1.6937499999999397e+00, -1.1687499999999893e+00, -5.4374999999993134e-01, 3.0062499999999437e+00, -1.8874999999999942e+00, 7.4999999999972242e-02, 3.1250000000000555e-01, -2.6543749999999120e+00, -3.3062499999998631e+00, 4.5624999999995491e-01, -5.6687499999999191e-01, -5.1249999999987095e-01, -6.1937500000000618e+00, 2.2649999999999930e+00
-1.8749999999949332e-02, 6.2499999999975657e-03, -5.4250000000000277e-02, 5.1874999999999793e-01, -2.8750000000000936e-01, -9.9374999999991465e-01, 8.0625000000014091e-01, 1.1812499999999659e+00, -9.6875000000000433e-01, 2.5624999999986886e-01, 2.6624999999999845e+00, -1.6687499999999746e+00, 2.1874999999999375e-01, 5.4374999999999651e-01, -2.1274999999999968e+00, -3.0750000000000250e+00, 0.0000000000000000e+00, -5.3999999999999693e-01, -4.6874999999993966e-01, -5.7631249999999863e+00, 1.6137499999999936e+00
-2.4999999999955568e-02, -1.2500000000003805e-02, -1.1743750000000006e-01, 5.9375000000002010e-01, -2.2500000000008605e-01, -1.2437500000000257e+00, 1.4999999999999667e+00, 7.6249999999999862e-01, -8.2499999999999962e-01, 8.1250000000004852e-01, 2.1812500000000270e+00, -1.3874999999999973e+00, 3.2500000000001250e-01, 3.9374999999999427e-01, -1.0706249999999908e+00, -2.6562499999999800e+00, -3.1875000000000625e-01, -3.9499999999999985e-01, -2.7499999999999170e-01, -5.0656249999999927e+00, 1.0806249999999986e+00
-1.8750000000053484e-02, -2.4999999999998936e-02, -1.4481250000000012e-01, 6.6249999999998332e-01, -1.6250000000003262e-01, -1.1624999999999430e+00, 1.6874999999997959e+00, 4.6875000000007283e-01, -7.2500000000000830e-01, 1.0624999999999987e+00, 1.6312500000000520e+00, -1.0875000000000374e+00, 2.7500000000004027e-01, -1.8124999999998612e-01, 1.4699999999990818e-01, -1.9125000000001928e+00, -6.2499999999995004e-01, -1.3625000000000986e-01, 2.0624999999974117e-01, -4.4018749999999622e+00, 6.7562500000000791e-01
-1.2500000000012600e-02, -1.8749999999992766e-02, -1.2481250000000019e-01, 7.2499999999996245e-01, -1.2499999999992610e-01, -8.3749999999989821e-01, 1.4374999999998277e+00, 2.6250000000004375e-01, -6.0625000000001350e-01, 1.0624999999998683e+00, 1.1062500000000191e+00, -8.3750000000001690e-01, 3.7500000000011205e-02, -9.8125000000000029e-01, 1.0799999999999108e+00, -8.8750000000015372e-01, -9.9374999999997571e-01, 1.8812499999998969e-01, 9.6874999999987566e-01, -3.8537499999999771e+00, 3.2875000000000953e-01
3.4764942660747763e-14, -1.2499999999995166e-02, -6.4624999999999447e-02, 7.4375000000001668e-01, -8.7500000000009265e-02, -4.7500000000009845e-01, 1.1250000000000338e+00, 8.7499999999959999e-02, -4.8749999999998922e-01, 1.0000000000000473e+00, 6.2499999999994627e-01, -6.5624999999997058e-01, -3.1250000000002726e-01, -1.7000000000000144e+00, 1.4716250000000903e+00, 2.3125000000014984e-01, -1.4375000000000497e+00, 4.9000000000000454e-01, 1.7750000000002630e+00, -3.4018750000000320e+00, -1.9375000000007619e-02
1.8749999999984113e-02, -6.2500000000062219e-03, -4.9999999999998787e-03, 7.4375000000003122e-01, -5.0000000000040942e-02, -2.9375000000009227e-01, 1.1250000000003080e+00, -1.1249999999999861e-01, -4.1249999999999026e-01, 1.0000000000001776e+00, 1.7499999999997778e-01, -4.9999999999998473e-01, -6.5625000000002154e-01, -2.0687500000000032e+00, 1.4193750000000824e+00, 1.1250000000001081e+00, -1.9500000000000361e+00, 6.8000000000001015e-01, 2.3125000000001705e+00, -3.0543750000000260e+00, -3.7062500000000675e-01
2.4999999999990263e-02, -8.6736173798840276e-15, 2.2499999999999690e-02, 7.5625000000000897e-01, -1.2499999999943102e-02, -3.9375000000001459e-01, 1.4375000000001124e+00, -3.3750000000005692e-01, -4.1250000000000414e-01, 1.2500000000000056e+00, -2.5000000000000555e-01, -3.8750000000000484e-01, -9.4375000000000486e-01, -1.9812499999999917e+00, 1.2569999999999959e+00, 1.7625000000000208e+00, -2.5124999999999931e+00, 7.3312500000000325e-01, 2.6874999999999738e+00, -2.8562499999999975e+00, -6.8562499999999504e-01
3.1250000000031197e-02, 6.2500000000062393e-03, 4.0125000000000161e-02, 7.4999999999998546e-01, 3.7500000000037469e-02, -6.4999999999995006e-01, 1.8124999999997933e+00, -5.7500000000008600e-01, -4.8124999999999479e-01, 1.8124999999999376e+00, -6.6875000000000628e-01, -3.3750000000000763e-01, -1.2000000000000013e+00, -1.5749999999999855e+00, 1.2881250000000055e+00, 2.4062500000000075e+00, -3.0187499999999772e+00, 7.2374999999999823e-01, 2.9999999999999445e+00, -2.8068749999999834e+00, -9.2562500000000025e-01
2.4999999999990336e-02, 1.2500000000003805e-02, 7.3562499999999933e-02, 7.4999999999997369e-01, 7.4999999999927139e-02, -9.8124999999993823e-01, 2.1249999999998974e+00, -8.1249999999985711e-01, -5.4999999999999338e-01, 2.3124999999998708e+00, -9.9374999999996738e-01, -3.3750000000002084e-01, -1.4374999999999765e+00, -1.1500000000000126e+00, 1.5581249999999200e+00, 2.8749999999999583e+00, -3.3062499999999577e+00, 7.7687499999999654e-01, 3.3124999999997766e+00, -2.8574999999999897e+00, -1.0974999999999981e+00
-3.4642969916343144e-14, 1.2499999999995183e-02, 9.8312499999999664e-02, 7.6249999999998963e-01, 1.1249999999996492e-01, -1.2625000000000577e+00, 2.4375000000000080e+00, -1.0312499999999050e+00, -6.0000000000002007e-01, 2.6249999999998490e+00, -1.1562499999999609e+00, -3.8125000000001424e-01, -1.6499999999999699e+00, -9.4562500000002048e-01, 1.8749999999999192e+00, 3.2499999999999147e+00, -3.2812499999999987e+00, 9.6812500000000090e-01, 3.7499999999998828e+00, -2.9562500000000140e+00, -1.2506250000000001e+00
-1.8749999999984147e-02, 1.8750000000001425e-02, 8.7500000000000314e-02, 7.5625000000002296e-01, 1.6250000000003306e-01, -1.3000000000000869e+00, 2.8124999999999787e+00, -1.2312500000001414e+00, -6.1250000000001492e-01, 2.8125000000002562e+00, -1.1812500000000221e+00, -4.1874999999997203e-01, -1.7750000000000263e+00, -1.0431249999999856e+00, 2.0062500000000854e+00, 3.8749999999999969e+00, -2.9687500000000351e+00, 1.2500000000000009e+00, 4.2500000000002229e+00, -3.0625000000000049e+00, -1.4237500000000076e+00
-2.4999999999990318e-02, 1.2500000000003789e-02, 4.9375000000000370e-02, 7.5625000000001941e-01, 1.9374999999995976e-01, -1.3124999999999543e+00, 3.0625000000000817e+00, -1.3937500000000229e+00, -5.3749999999997222e-01, 2.8750000000000973e+00, -1.0937500000000702e+00, -3.9999999999996877e-01, -1.7375000000000334e+00, -1.3718749999999886e+00, 1.8875000000000624e+00, 4.3125000000000764e+00, -2.4437500000000005e+00, 1.4712499999999955e+00, 4.6875000000000178e+00, -3.1149999999999833e+00, -1.5999999999999959e+00
-1.8749999999984026e-02, -6.2499999999975657e-03, -2.0000000000005890e-03, 7.4999999999998579e-01, 2.0000000000006107e-01, -1.4999999999999667e+00, 3.1875000000001958e+00, -1.5187499999999534e+00, -3.8749999999998819e-01, 2.8124999999998210e+00, -9.6249999999998748e-01, -3.1250000000001732e-01, -1.5687499999999874e+00, -1.7031250000000004e+00, 1.6749999999999916e+00, 4.5000000000000497e+00, -1.8125000000000049e+00, 1.4849999999999992e+00, 5.0624999999999876e+00, -2.9993750000000019e+00, -1.7099999999999940e+00
-1.2499999999977784e-02, -1.2499999999995131e-02, -4.9437500000000134e-02, 7.1874999999998890e-01, 2.1875000000004474e-01, -1.8125000000000708e+00, 3.4374999999998903e+00, -1.5812500000000160e+00, -2.0625000000001525e-01, 2.8750000000000915e+00, -8.2499999999998885e-01, -1.6875000000001250e-01, -1.3374999999999824e+00, -1.8306249999999882e+00, 1.5500000000000194e+00, 4.6875000000000346e+00, -1.2250000000000090e+00, 1.2462499999999994e+00, 5.1250000000001190e+00, -2.5962499999999982e+00, -1.6743749999999977e+00
-1.2500000000047173e-02, -1.2500000000003805e-02, -6.4124999999999613e-02, 6.7500000000001459e-01, 2.3749999999989002e-01, -2.1249999999999027e+00, 3.8124999999998543e+00, -1.5812500000000187e+00, -3.7499999999985427e-02, 3.1875000000000626e+00, -6.9375000000003395e-01, -6.2499999999888981e-03, -1.0562500000000139e+00, -1.7212499999999922e+00, 1.6250000000000082e+00, 4.6875000000000293e+00, -8.3124999999999727e-01, 8.1937499999999819e-01, 4.6875000000000293e+00, -1.8968749999999850e+00, -1.4593749999999996e+00
-6.2500000000062393e-03, -6.2500000000062393e-03, -4.6687499999999660e-02, 6.3125000000000553e-01, 2.2500000000001666e-01, -2.4999999999998614e+00, 4.1875000000000844e+00, -1.5500000000000222e+00, 6.8749999999999312e-02, 3.4999999999998890e+00, -6.0624999999994655e-01, 1.4374999999998750e-01, -7.1250000000000002e-01, -1.4662500000000065e+00, 1.8999999999999888e+00, 4.6249999999998970e+00, -7.5625000000000897e-01, 3.0687499999999857e-01, 4.1249999999999529e+00, -1.0375000000000041e+00, -1.0987499999999994e+00
1.8750000000018720e-02, 0.0000000000000000e+00, -3.7062499999999922e-02, 5.8124999999999061e-01, 2.1250000000007355e-01, -3.1250000000000693e+00, 4.6250000000000364e+00, -1.4937499999999286e+00, 8.7499999999983341e-02, 3.9375000000001124e+00, -5.9374999999993405e-01, 2.3750000000001179e-01, -2.9374999999998092e-01, -1.1693750000000047e+00, 2.2250000000000001e+00, 4.7499999999998890e+00, -1.0062499999999812e+00, -2.3125000000000070e-01, 3.6249999999998752e+00, -2.1187500000000423e-01, -6.5249999999999664e-01
4.3749999999974289e-02, -6.2500000000062393e-03, -4.6750000000000382e-02, 5.2500000000000380e-01, 2.1250000000000382e-01, -3.6250000000001470e+00, 5.0624999999999929e+00, -1.4749999999999446e+00, 7.5000000000005548e-02, 4.6250000000001750e+00, -7.6250000000006801e-01, 2.8750000000002707e-01, 1.3749999999999862e-01, -8.5937499999999067e-01, 2.4687500000000036e+00, 5.0000000000001332e+00, -1.4312499999999888e+00, -7.7249999999999508e-01, 3.1250000000000693e+00, 4.5375000000001070e-01, -1.5562500000000354e-01
4.3750000000009191e-02, -6.2500000000062748e-03, -3.6874999999999714e-02, 4.8124999999998908e-01, 2.2500000000000347e-01, -3.9374999999999738e+00, 5.3749999999997753e+00, -1.5437499999999826e+00, 9.9999999999974332e-02, 5.1249999999996589e+00, -1.1749999999999834e+00, 3.3749999999994451e-01, 4.4375000000000520e-01, -5.1125000000004728e-01, 2.5999999999998531e+00, 5.0624999999999600e+00, -1.8375000000000017e+00, -1.2724999999999898e+00, 2.7499999999999556e+00, 9.5749999999995472e-01, 3.7124999999998448e-01
2.5000000000025342e-02, 8.6383808092782976e-15, 8.2500000000001687e-03, 4.3749999999998385e-01, 2.7499999999998659e-01, -4.1874999999998472e+00, 5.6249999999999289e+00, -1.7000000000000484e+00, 1.6874999999999260e-01, 5.4374999999996652e+00, -1.7437499999999049e+00, 3.9374999999995225e-01, 5.1250000000000839e-01, -1.0062500000005462e-01, 2.6624999999999024e+00, 4.9999999999997335e+00, -2.1062499999999931e+00, -1.6406250000000109e+00, 2.6249999999998508e+00, 1.3131249999999559e+00, 8.6124999999999552e-01
-1.2499999999978060e-02, 8.7088539504898554e-15, 4.6749999999999861e-02, 3.9375000000001920e-01, 3.4999999999994780e-01, -4.1249999999999787e+00, 5.7500000000002593e+00, -1.9250000000000578e+00, 2.8125000000002653e-01, 5.8125000000002585e+00, -2.3187500000000831e+00, 4.8125000000004292e-01, 2.9999999999999299e-01, 4.0062500000005213e-01, 2.7125000000001580e+00, 4.9375000000000568e+00, -2.2625000000000273e+00, -1.7887500000000147e+00, 2.5000000000000249e+00, 1.4625000000000496e+00, 1.1737500000000163e+00
-3.7500000000002989e-02, 6.2499999999976012e-03, 4.1625000000000120e-02, 3.6250000000001925e-01, 4.1249999999993792e-01, -3.8750000000001084e+00, 5.6250000000000915e+00, -2.1499999999999888e+00, 3.8750000000000834e-01, 5.9375000000002016e+00, -2.7312500000000619e+00, 5.7500000000004514e-01, -8.7500000000015260e-02, 9.9250000000004668e-01, 2.7125000000000652e+00, 4.7500000000003135e+00, -2.3562499999999984e+00, -1.7056249999999948e+00, 2.4375000000000098e+00, 1.3312500000000376e+00, 1.1712500000000083e+00
-3.1250000000031197e-02, 6.2499999999975657e-03, 9.7500000000000850e-03, 3.3749999999998997e-01, 4.5625000000000449e-01, -3.7500000000001332e+00, 5.4374999999999485e+00, -2.3000000000000749e+00, 4.0625000000000622e-01, 5.6874999999999210e+00, -2.8562499999999718e+00, 6.1875000000001046e-01, -4.7500000000000592e-01, 1.5512499999999971e+00, 2.6124999999999710e+00, 4.5625000000000426e+00, -2.3249999999999793e+00, -1.4493749999999941e+00, 2.6875000000001150e+00, 9.2499999999998683e-01, 8.5000000000000275e-01
-2.5000000000024957e-02, 0.0000000000000000e+00, -5.1250000000004538e-03, 3.1249999999998240e-01, 4.6875000000008654e-01, -3.7499999999999973e+00, 5.3124999999999600e+00, -2.3437499999999454e+00, 3.3749999999999031e-01, 5.4375000000000844e+00, -2.6937499999999481e+00, 6.1249999999998750e-01, -6.6249999999998477e-01, 1.8412499999999996e+00, 2.4625000000000292e+00, 4.4374999999997824e+00, -2.0500000000000171e+00, -1.0774999999999957e+00, 3.0000000000000804e+00, 4.1250000000000414e-01, 3.8124999999999898e-01
-1.8749999999984026e-02, 6.2499999999975657e-03, 1.7187499999999811e-02, 3.0000000000000460e-01, 4.4375000000006143e-01, -3.6874999999998654e+00, 5.2499999999999671e+00, -2.2499999999998868e+00, 2.3749999999999444e-01, 5.3750000000000915e+00, -2.3374999999999750e+00, 5.9374999999998546e-01, -4.8750000000000071e-01, 1.7025624999999986e+00, 2.3312500000000020e+00, 4.1874999999999485e+00, -1.3999999999999928e+00, -6.0000000000000064e-01, 3.3749999999999001e+00, 1.0000000000001319e-01, 1.8124999999996425e-02
3.4694469519536110e-14, 1.2500000000003805e-02, 5.4625000000000763e-02, 2.8750000000000947e-01, 3.9999999999998298e-01, -3.7499999999999960e+00, 5.1874999999999734e+00, -2.0062500000000951e+00, 1.5625000000001699e-01, 5.1249999999998446e+00, -1.8812500000001089e+00, 5.8749999999999658e-01, -4.3750000000009018e-02, 1.2334999999999974e+00, 2.2312500000000077e+00, 3.7500000000001359e+00, -2.8749999999999165e-01, -1.2500000000003817e-02, 3.6875000000000040e+00, 2.8125000000000278e-01, -6.8124999999998506e-02
1.8749999999984026e-02, 6.2500000000062393e-03, 6.9062500000000096e-02, 2.5624999999999559e-01, 3.3124999999994897e-01, -3.8125000000001292e+00, 4.9375000000000027e+00, -1.6437500000000798e+00, 1.1874999999999687e-01, 4.6874999999998934e+00, -1.3750000000000535e+00, 5.7500000000000173e-01, 4.2500000000000765e-01, 7.2915624999999740e-01, 2.1187499999999995e+00, 3.1250000000000666e+00, 1.1812499999999824e+00, 6.3812499999999539e-01, 3.6875000000001430e+00, 1.0125000000000042e+00, 1.1312500000000010e-01
2.4999999999990263e-02, -8.6736173798840276e-15, 5.0374999999999441e-02, 2.1874999999999289e-01, 2.3749999999995949e-01, -3.6875000000000040e+00, 4.5000000000000524e+00, -1.1937499999999077e+00, 1.1249999999999098e-01, 4.3750000000002025e+00, -8.5624999999991813e-01, 5.2500000000000346e-01, 7.2499999999999509e-01, 4.2774999999999930e-01, 1.8874999999999751e+00, 2.3750000000000111e+00, 2.6625000000000036e+00, 1.2462499999999994e+00, 3.5625000000000182e+00, 2.0812499999999967e+00, 4.1562499999999852e-01
1.2500000000012479e-02, -8.6736173798840276e-15, 2.2250000000000082e-02, 1.8124999999999011e-01, 1.5000000000001093e-01, -3.4999999999998863e+00, 4.0625000000001013e+00, -6.9999999999993545e-01, 1.0625000000000208e-01, 3.9375000000001137e+00, -3.6874999999998681e-01, 4.1249999999999548e-01, 7.7499999999999303e-01, 3.6368749999999944e-01, 1.4375000000000124e+00, 1.8125000000000748e+00, 3.6687500000000020e+00, 1.6818750000000007e+00, 3.2499999999999125e+00, 3.1124999999999852e+00, 6.6750000000000287e-01
-3.4694469519536110e-14, 8.6736173798840276e-15, 2.4374999999996166e-03, 1.3750000000001586e-01, 8.1250000000046410e-02, -3.1874999999999210e+00, 3.5625000000000173e+00, -2.5625000000008258e-01, 8.1249999999994452e-02, 3.2499999999997753e+00, 1.2500000000012491e-02, 2.4375000000000069e-01, 6.2500000000001699e-01, 4.3212499999999882e-01, 7.7500000000001112e-01, 1.4374999999999778e+00, 3.8624999999999874e+00, 1.8493749999999987e+00, 2.8749999999999556e+00, 3.6999999999999811e+00, 7.5625000000000031e-01
6.2499999999716159e-03, 8.7440905210955854e-15, -1.0812499999999180e-02, 9.3750000000027409e-02, 3.1249999999993408e-02, -2.7499999999999516e+00, 2.8124999999997993e+00, 3.1250000000014572e-02, 5.0000000000000350e-02, 2.5624999999998210e+00, 2.0000000000009160e-01, 7.4999999999992711e-02, 3.3125000000001942e-01, 5.0803124999997562e-01, 4.3749999999929914e-02, 1.1874999999998126e+00, 3.2437499999999999e+00, 1.7418750000000027e+00, 2.6249999999999347e+00, 3.6000000000000041e+00, 6.5249999999999830e-01
6.2500000000410396e-03, -8.6031442386725171e-15, -1.5937499999999240e-02, 6.2499999999979267e-02, -7.2598177469629718e-14, -2.0625000000000444e+00, 1.9999999999999070e+00, 1.6250000000011261e-01, 4.3749999999994342e-02, 2.0000000000000391e+00, 1.9374999999998235e-01, -5.0000000000028383e-02, -1.2500000000012560e-02, 5.1474999999997939e-01, -5.0000000000006251e-01, 1.2499999999998155e+00, 2.0937500000000302e+00, 1.4506250000000143e+00, 2.4999999999999707e+00, 2.8062500000000310e+00, 3.9750000000000257e-01
3.4623996378324748e-14, -7.0473141211558121e-17, -1.8437500000001168e-02, 2.4999999999969869e-02, -1.8749999999981021e-02, -1.4375000000001430e+00, 1.3750000000001550e+00, 1.7499999999994961e-01, 4.9999999999995770e-02, 1.5000000000001492e+00, 6.8749999999865072e-02, -1.1249999999999612e-01, -2.7500000000001679e-01, 4.6031250000002499e-01, -6.4374999999994320e-01, 1.5000000000000333e+00, 8.7500000000000555e-01, 1.1143750000000012e+00, 2.5625000000000546e+00, 1.5687499999999954e+00, 9.1249999999994363e-02
-6.2500000000063104e-03, -6.2499999999889632e-03, -4.3000000000000392e-02, -6.2499999999748469e-03, -1.8749999999911442e-02, -1.0625000000000335e+00, 9.3750000000005274e-01, 9.3749999999901468e-02, 6.2500000000007980e-02, 1.0625000000001852e+00, -8.1250000000007636e-02, -1.1249999999996080e-01, -4.3750000000000311e-01, 4.2812500000002257e-01, -4.2499999999996113e-01, 1.5625000000001541e+00, -3.1250000000023592e-02, 8.2437499999998831e-01, 2.4375000000000466e+00, 2.9999999999999793e-01, -1.3812500000000158e-01
-1.8750000000018720e-02, -1.8750000000010047e-02, -9.3999999999999945e-02, -2.4999999999972940e-02, -6.2499999999715509e-03, -6.2499999999992994e-01, 5.6250000000007594e-01, 0.0000000000000000e+00, 7.5000000000005548e-02, 7.4999999999991607e-01, -1.9374999999988135e-01, -8.1249999999994452e-02, -5.2500000000000346e-01, 4.9375000000000069e-01, -5.0000000000013881e-02, 1.3125000000001303e+00, -5.0625000000002007e-01, 5.8562499999999496e-01, 1.9999999999999147e+00, -5.9374999999999445e-01, -1.9124999999999581e-01
-1.8750000000018720e-02, -2.5000000000007610e-02, -1.3812499999999966e-01, -5.0000000000015268e-02, -6.2500000000409398e-03, -3.1249999999996497e-01, 3.1250000000010408e-01, -8.7499999999948647e-02, 4.9999999999997574e-02, 4.9999999999980504e-01, -2.5625000000001319e-01, -3.7500000000020121e-02, -5.3749999999998166e-01, 6.1437499999999767e-01, 3.1875000000000486e-01, 1.0625000000000193e+00, -6.3749999999999440e-01, 3.5687499999999645e-01, 1.3749999999999847e+00, -8.4375000000001799e-01, -4.1250000000002188e-02
-1.2499999999977784e-02, -1.8749999999992700e-02, -1.4093749999999922e-01, -6.8750000000016562e-02, -1.8750000000053429e-02, -1.8749999999997902e-01, 1.8749999999984007e-01, -1.6874999999999515e-01, 6.2500000000062454e-03, 2.5000000000011102e-01, -2.9375000000011936e-01, 6.2500000000062454e-03, -4.9375000000000729e-01, 6.3062499999999622e-01, 6.1250000000002081e-01, 9.9999999999988898e-01, -6.2499999999998201e-01, 1.1687499999999952e-01, 5.0000000000008327e-01, -4.5000000000000695e-01, 2.4812500000000051e-01
-1.2499999999977784e-02, -6.2499999999975657e-03, -9.4812499999999994e-02, -8.7500000000000605e-02, -1.2500000000012491e-02, -1.3877787807814444e-13, -2.7755575615628888e-13, -2.0625000000003260e-01, -3.7499999999985080e-02, 6.2499999999993061e-02, -3.3125000000001803e-01, 6.2500000000010408e-02, -3.9375000000001142e-01, 4.2375000000000013e-01, 8.5000000000001663e-01, 1.0000000000000271e+00, -5.9999999999999232e-01, -1.1499999999999799e-01, -2.4999999999997224e-01, 3.1875000000000553e-01, 5.4875000000000140e-01
6.2499999999715448e-03, 0.0000000000000000e+00, -2.6500000000000329e-02, -9.9999999999995745e-02, 6.2500000000409398e-03, 1.8749999999997902e-01, -2.4999999999997191e-01, -2.3124999999998821e-01, -6.8750000000016659e-02, -6.2499999999993061e-02, -3.5624999999990492e-01, 1.2500000000000347e-01, -2.2499999999998160e-01, 5.4375000000000208e-02, 1.0499999999999723e+00, 9.3750000000003331e-01, -5.6875000000001252e-01, -3.1562499999999860e-01, -6.2499999999992994e-01, 1.1125000000000007e+00, 7.3374999999999968e-01
2.4999999999990263e-02, -8.6736173798840276e-15, 1.5937500000000181e-02, -9.3750000000006814e-02, 1.2500000000012491e-02, 3.7500000000023559e-01, -3.7499999999968048e-01, -2.4375000000000069e-01, -5.0000000000015268e-02, -1.8749999999997918e-01, -3.6874999999998681e-01, 1.6874999999999515e-01, -6.2500000000027409e-02, -2.6624999999999888e-01, 1.1125000000000000e+00, 8.7499999999990219e-01, -5.3125000000000966e-01, -4.6874999999999517e-01, -8.7500000000004097e-01, 1.6187500000000028e+00, 7.3687499999999828e-01
2.5000000000024957e-02, 0.0000000000000000e+00, 1.0187500000000205e-02, -9.3750000000006856e-02, 1.8749999999914651e-02, 4.9999999999994416e-01, -3.7499999999995803e-01, -2.1250000000000382e-01, -6.2499999999888981e-03, -3.7500000000009642e-01, -3.5000000000007214e-01, 1.9999999999997434e-01, 1.2499999999977796e-02, -3.6124999999999841e-01, 9.4375000000004095e-01, 9.3750000000003397e-01, -5.2500000000000380e-01, -5.6874999999999964e-01, -1.0625000000000202e+00, 1.6618749999999931e+00, 5.7374999999999599e-01
1.2500000000012479e-02, -6.2499999999888920e-03, -1.0812500000000287e-02, -9.9999999999995745e-02, 1.8750000000053429e-02, 3.7499999999981909e-01, -3.7500000000023559e-01, -1.5624999999998232e-01, 5.6250000000004165e-02, -4.9999999999994382e-01, -2.9374999999998058e-01, 1.9374999999998507e-01, 1.8750000000053082e-02, -2.5250000000000078e-01, 6.2499999999996458e-01, 8.7500000000004097e-01, -6.1250000000000415e-01, -6.3500000000000068e-01, -9.3750000000003397e-01, 1.2637499999999957e+00, 3.0875000000000041e-01
-1.2500000000012479e-02, -6.2499999999975657e-03, 3.8125000000001231e-03, -8.7499999999983258e-02, 6.2500000001103288e-03, 3.1250000000010375e-01, -3.7500000000023559e-01, -8.7500000000018036e-02, 1.5000000000001076e-01, -3.7499999999995837e-01, -2.1874999999990563e-01, 1.6250000000004058e-01, 0.0000000000000000e+00, -1.0499999999999667e-01, 3.1874999999997083e-01, 7.4999999999991607e-01, -8.4374999999997502e-01, -7.0374999999999988e-01, -5.6250000000007561e-01, 5.4500000000000615e-01, 8.1249999999994452e-03
-1.8750000000018755e-02, 1.2499999999995029e-02, 6.4499999999999461e-02, -6.2499999999991937e-02, -7.2598177469629314e-14, 3.7500000000010891e-01, -3.7499999999997641e-01, -1.2499999999996878e-02, 2.3749999999998125e-01, -1.8749999999986261e-01, -1.3124999999993478e-01, 1.4375000000002880e-01, -1.8750000000043714e-02, -1.8125000000017762e-02, 1.5624999999998612e-01, 8.7500000000002465e-01, -1.1999999999999769e+00, -8.0187500000000123e-01, -3.1249999999999861e-01, -2.7499999999996810e-01, -2.7687499999999010e-01
-1.2500000000012619e-02, 3.1249999999996676e-02, 1.3762499999999997e-01, -3.7500000000019310e-02, -7.2598177469629718e-14, 2.4999999999998576e-01, -3.7499999999970229e-01, 6.2500000000009021e-02, 3.1874999999996118e-01, -1.8750000000014191e-01, -5.0000000000027342e-02, 1.1249999999996385e-01, -7.4999999999961903e-02, 7.6249999999977738e-02, 1.9374999999992129e-01, 9.3750000000002565e-01, -1.5187500000000302e+00, -9.1562499999999636e-01, -3.3306690738754854e-14, -9.5687499999997194e-01, -5.0499999999999234e-01
-6.2500000000062393e-03, 3.1250000000005454e-02, 1.8368750000000170e-01, -2.5000000000008835e-02, -1.2500000000009351e-02, 6.2499999999842487e-02, -2.4999999999995490e-01, 1.1249999999995865e-01, 3.6875000000003605e-01, -3.1250000000008293e-01, 2.4999999999932833e-02, 7.4999999999982025e-02, -2.3124999999996415e-01, 2.8812500000002028e-01, 3.3750000000009278e-01, 8.1249999999992961e-01, -1.6187500000000188e+00, -9.8749999999999960e-01, 3.7500000000013256e-01, -1.3787500000000343e+00, -6.4062500000001443e-01
-6.2500000000061690e-03, 1.8749999999992700e-02, 1.8056249999999979e-01, -3.7499999999986405e-02, -3.1249999999993321e-02, -1.5126788710517745e-13, -6.2500000000111716e-02, 1.0625000000005551e-01, 3.5625000000003815e-01, -1.8749999999981681e-01, 9.3749999999966693e-02, 8.7499999999993749e-02, -4.3125000000002361e-01, 5.7312500000002065e-01, 4.8750000000010063e-01, 6.8750000000007527e-01, -1.4062499999999838e+00, -9.4375000000000864e-01, 5.0000000000011591e-01, -1.5300000000000349e+00, -6.5500000000000624e-01
-6.2499999999715448e-03, 1.8749999999992700e-02, 1.2924999999999923e-01, -5.6249999999986776e-02, -3.1249999999927142e-02, 1.3877787807814444e-13, -6.2499999999854283e-02, 5.0000000000049616e-02, 2.9999999999996979e-01, -6.2500000000131839e-02, 1.6249999999995421e-01, 1.5625000000001699e-01, -5.5000000000002858e-01, 7.2499999999999931e-01, 6.8749999999992295e-01, 5.0000000000008293e-01, -8.7500000000000622e-01, -7.3875000000000024e-01, 5.6249999999993761e-01, -1.4356250000000106e+00, -5.3437499999999571e-01
1.2500000000047173e-02, 1.2500000000012479e-02, 4.9750000000000447e-02, -6.2500000000010353e-02, -3.1249999999996444e-02, 1.3877787807814444e-13, -6.2499999999854283e-02, -1.8750000000053429e-02, 2.1249999999998648e-01, -1.8750000000011796e-01, 1.8125000000000693e-01, 2.3750000000002880e-01, -5.2500000000000369e-01, 5.7562499999999783e-01, 9.6249999999998959e-01, 2.4999999999983347e-01, -1.1249999999999080e-01, -3.9937499999999104e-01, 7.4999999999991607e-01, -1.1049999999999924e+00, -2.9437499999999894e-01
1.8749999999984026e-02, -1.2499999999995131e-02, -3.5187500000000205e-02, -7.5000000000005479e-02, -3.1250000000065829e-02, 0.0000000000000000e+00, -6.2500000000131839e-02, -6.8750000000033659e-02, 1.3125000000002707e-01, -1.8749999999984041e-01, 1.1250000000004233e-01, 3.1249999999996514e-01, -4.1249999999999548e-01, 1.5374999999999750e-01, 1.2125000000000306e+00, 1.8749999999997902e-01, 7.1250000000000013e-01, -1.6874999999999515e-02, 9.9999999999988765e-01, -5.8937499999998588e-01, 8.7499999999957334e-03
-3.4694469519536110e-14, -1.8750000000010047e-02, -1.0612500000000057e-01, -7.4999999999988146e-02, -1.8749999999984040e-02, 1.2499999999998612e-01, -2.5000000000024980e-01, -9.3749999999989245e-02, 8.7500000000000688e-02, -2.4999999999997224e-01, -6.9388939039072221e-14, 3.5624999999997398e-01, -3.4374999999999628e-01, -3.6812500000000320e-01, 1.2687499999999829e+00, 3.7500000000009681e-01, 1.3812499999999737e+00, 3.0624999999999347e-01, 1.3124999999999918e+00, -4.7500000000004441e-02, 2.8249999999999581e-01
-1.2500000000012479e-02, -1.2500000000003805e-02, -1.4056249999999926e-01, -3.7500000000002746e-02, -6.2499999999715509e-03, 3.7499999999995803e-01, -3.7499999999995837e-01, -8.1249999999977104e-02, 6.8749999999981784e-02, -4.3750000000009021e-01, -1.3749999999999793e-01, 3.3750000000002461e-01, -4.1249999999999548e-01, -8.3749999999999891e-01, 1.0374999999999257e+00, 4.9999999999994399e-01, 1.7187500000000160e+00, 5.0312499999999050e-01, 1.6250000000000961e+00, 3.1374999999999292e-01, 4.3312500000000309e-01
0.0000000000000000e+00, -1.2499999999995131e-02, -1.1949999999999916e-01, -1.8750000000018720e-02, 0.0000000000000000e+00, 5.6249999999993683e-01, -4.9999999999994382e-01, 0.0000000000000000e+00, 6.2500000000010228e-02, -5.6249999999979805e-01, -2.2499999999987719e-01, 2.8125000000000328e-01, -6.0000000000000919e-01, -1.1831249999999973e+00, 5.8124999999999061e-01, 7.5000000000005485e-01, 1.6312500000000152e+00, 5.5625000000000879e-01, 1.9375000000000611e+00, 3.8562500000000366e-01, 4.3187500000000184e-01
6.2500000000062393e-03, -6.2499999999975657e-03, -4.5500000000000207e-02, -1.8750000000001373e-02, -1.2500000000012491e-02, 6.2500000000006906e-01, -7.5000000000019362e-01, 1.3749999999999826e-01, 7.5000000000005548e-02, -5.6250000000007561e-01, -1.9999999999999168e-01, 2.0624999999999774e-01, -8.3124999999999727e-01, -1.3606249999999922e+00, 7.5000000000074937e-02, 1.2499999999999989e+00, 1.2124999999999788e+00, 4.8562500000000774e-01, 2.3125000000000187e+00, 2.3625000000000151e-01, 3.5312499999999686e-01
6.2500000000062393e-03, 6.2500000000062393e-03, 4.9374999999999961e-02, -6.2499999999715448e-03, -3.1249999999996531e-02, 5.0000000000008327e-01, -7.4999999999991607e-01, 2.9999999999995247e-01, 1.1874999999997987e-01, -4.3750000000036776e-01, -1.1875000000008396e-01, 1.2500000000002065e-01, -1.0374999999999603e+00, -1.3256249999999916e+00, -3.4375000000003120e-01, 1.4374999999999780e+00, 7.1250000000000002e-01, 3.4874999999999251e-01, 2.3750000000000120e+00, 6.2499999999997224e-02, 3.2625000000000037e-01
2.5000000000025061e-02, 1.2500000000003876e-02, 1.1581250000000098e-01, -1.2499999999995305e-02, -4.9999999999984564e-02, 1.8749999999985914e-01, -4.9999999999969608e-01, 4.5625000000002358e-01, 2.0624999999999116e-01, -3.7499999999999101e-01, -1.8749999999961835e-02, 6.2499999999988815e-02, -1.1687499999999975e+00, -1.0812500000000327e+00, -6.1875000000004410e-01, 1.3125000000001401e+00, 4.3125000000001251e-01, 2.3375000000000215e-01, 2.0625000000000564e+00, 5.2500000000021925e-02, 4.3875000000000924e-01
3.1249999999996850e-02, 1.2499999999986631e-02, 1.0687500000000068e-01, -3.1250000000031655e-02, -6.2499999999997481e-02, -1.2499999999996877e-01, -3.1249999999985878e-01, 5.4375000000011542e-01, 3.0625000000000691e-01, -1.2499999999974118e-01, 5.0000000000072445e-02, 4.9999999999976688e-02, -1.2125000000000512e+00, -7.4187500000003836e-01, -6.9374999999998577e-01, 1.1875000000000249e+00, 6.1875000000001490e-01, 2.2625000000000536e-01, 1.6874999999999734e+00, 2.7062500000002560e-01, 6.6750000000001353e-01
1.8749999999984026e-02, 6.2499999999975301e-03, 6.6249999999986554e-03, -3.1250000000013850e-02, -4.9999999999976771e-02, -3.1249999999984701e-01, -1.2500000000023453e-01, 5.3124999999992450e-01, 3.6875000000001246e-01, 2.5000000000000627e-01, 3.1249999999905111e-02, 1.1250000000001312e-01, -1.1562500000000053e+00, -5.0624999999996811e-01, -5.8124999999990856e-01, 8.1249999999990419e-01, 1.2687499999999918e+00, 3.7749999999999428e-01, 1.2499999999998570e+00, 6.4499999999997981e-01, 9.0374999999999595e-01
-1.7347234759768056e-16, -1.8749999999992800e-02, -1.4518750000000019e-01, -2.4999999999972634e-02, -1.2500000000008327e-02, -4.3750000000010791e-01, -2.4702462297909713e-13, 4.1874999999987716e-01, 3.5000000000000808e-01, 3.1249999999985845e-01, -6.2500000000084655e-02, 2.5625000000001708e-01, -1.0124999999999913e+00, -5.4374999999996598e-01, -3.6249999999992716e-01, 1.8749999999996669e-01, 2.1874999999999716e+00, 6.7249999999999110e-01, 9.3749999999988132e-01, 1.0249999999999722e+00, 1.0412499999999829e+00
-2.5000000000024957e-02, -4.3750000000000309e-02, -2.8106249999999894e-01, -3.1249999999979152e-02, 3.7499999999967996e-02, -3.7500000000009681e-01, 2.7755575615628888e-13, 2.2500000000008605e-01, 1.9999999999999149e-01, 3.1250000000010408e-01, -2.1249999999993477e-01, 4.7499999999998849e-01, -8.1250000000001321e-01, -8.8875000000000193e-01, -1.6875000000006385e-01, -1.8749999999997918e-01, 3.0937500000000089e+00, 1.0306250000000055e+00, 9.3750000000003397e-01, 1.2799999999999980e+00, 1.0381249999999955e+00
-3.7500000000002746e-02, -5.6249999999995436e-02, -3.5093749999999962e-01, -4.3750000000008976e-02, 7.5000000000005465e-02, -1.2499999999998612e-01, 0.0000000000000000e+00, -1.2499999999943102e-02, -4.3749999999991671e-02, 3.1250000000010408e-01, -3.4999999999993336e-01, 7.0000000000000495e-01, -5.8749999999999658e-01, -1.4124999999999965e+00, -1.5000000000008049e-01, -2.5000000000011102e-01, 3.7249999999999979e+00, 1.3568750000000014e+00, 9.3750000000017208e-01, 1.3724999999999996e+00, 9.2250000000000620e-01
-3.7499999999968052e-02, -5.6250000000004109e-02, -3.2224999999999926e-01, -6.2500000000010367e-02, 9.9999999999961051e-02, 1.2499999999998612e-01, -1.8750000000039552e-01, -2.3750000000002913e-01, -2.0624999999999774e-01, 6.2500000000131839e-02, -3.9999999999998265e-01, 8.0625000000000691e-01, -4.0624999999995492e-01, -1.8856250000000001e+00, -3.6875000000005620e-01, -2.5000000000011069e-01, 3.9287499999999844e+00, 1.5637499999999911e+00, 9.3750000000003397e-01, 1.3306249999999986e+00, 7.4500000000000199e-01
-3.1249999999996503e-02, -3.7500000000002746e-02, -1.7306249999999920e-01, -8.1250000000011730e-02, 1.0625000000000200e-01, 3.7500000000009681e-01, -3.7499999999968081e-01, -3.9999999999998337e-01, -1.0625000000001934e-01, -2.4999999999997224e-01, -3.3750000000005898e-01, 7.0000000000000484e-01, -3.1249999999996464e-01, -2.0987500000000043e+00, -7.4374999999994451e-01, -1.2499999999984700e-01, 3.6018749999999957e+00, 1.5681249999999960e+00, 9.3749999999989519e-01, 1.1738124999999977e+00, 5.2437499999998971e-01
-2.5000000000024957e-02, -1.2499999999995131e-02, 8.4187499999998597e-02, -8.1250000000011716e-02, 6.2500000000062450e-02, 5.6250000000007594e-01, -3.7499999999968014e-01, -4.5625000000007354e-01, 2.9375000000001572e-01, -5.0000000000022204e-01, -1.4375000000003954e-01, 3.8750000000000523e-01, -2.8125000000003747e-01, -1.9287500000000011e+00, -1.1437499999999272e+00, 1.8750000000011760e-01, 2.7562499999999925e+00, 1.3237499999999947e+00, 8.7500000000004097e-01, 8.7612499999999760e-01, 2.4062499999999756e-01
-4.9999999999980525e-02, 3.1249999999996499e-02, 3.9674999999999849e-01, -6.8749999999981867e-02, -1.2500000000012491e-02, 4.3749999999995076e-01, -2.5000000000024908e-01, -3.6875000000005553e-01, 8.3125000000001459e-01, -6.2500000000020750e-01, 1.6250000000009299e-01, -3.1250000000031225e-02, -2.4375000000003538e-01, -1.3624999999999821e+00, -1.4750000000000152e+00, 5.6249999999993683e-01, 1.4949999999999923e+00, 8.6437499999999490e-01, 9.3750000000003397e-01, 3.9949999999999952e-01, -1.3249999999999362e-01
-1.1874999999997977e-01, 1.1874999999999712e-01, 7.0281250000000017e-01, -5.6249999999986776e-02, -7.5000000000005465e-02, 0.0000000000000000e+00, 1.2499999999998612e-01, -1.5624999999991326e-01, 1.1999999999999837e+00, -4.3750000000008948e-01, 5.3125000000000966e-01, -4.3749999999998579e-01, -1.4375000000000485e-01, -5.4999999999998472e-01, -1.5812500000000180e+00, 1.1250000000000131e+00, 1.8749999999984040e-03, 3.0062500000000481e-01, 1.0624999999998814e+00, -2.3556249999999840e-01, -5.9062499999999962e-01
-2.5625000000001297e-01, 2.4999999999999806e-01, 9.3168749999999900e-01, -2.5000000000007634e-02, -1.3125000000002698e-01, -5.0000000000008260e-01, 6.2499999999992994e-01, 9.3750000000058981e-02, 1.1562499999999920e+00, 2.7755575615628888e-13, 8.6249999999988902e-01, -7.1249999999998270e-01, 2.5000000000007634e-02, 3.1249999999998335e-01, -1.3000000000000487e+00, 1.8125000000000746e+00, -1.4668749999999939e+00, -2.5562499999999450e-01, 1.4374999999999778e+00, -9.1856249999999806e-01, -1.0924999999999974e+00
-4.8124999999999468e-01, 4.0624999999999795e-01, 9.8974999999999769e-01, 6.2500000000062454e-03, -1.6875000000006443e-01, -1.1875000000000062e+00, 1.1874999999997280e+00, 2.6874999999995558e-01, 6.5624999999999589e-01, 6.2500000000020750e-01, 9.9999999999995770e-01, -7.7500000000004510e-01, 1.9375000000002013e-01, 1.1249999999999958e+00, -5.4999999999999305e-01, 2.5624999999998517e+00, -2.7031249999999929e+00, -7.7812499999999618e-01, 1.8750000000000666e+00, -1.4928749999999991e+00, -1.5643750000000005e+00
-7.5624999999999165e-01, 6.0000000000000919e-01, 8.2006249999999814e-01, 1.8749999999984040e-02, -1.3124999999995760e-01, -1.9374999999999218e+00, 1.8125000000002136e+00, 2.6874999999995558e-01, -1.0000000000001319e-01, 1.4374999999999778e+00, 8.2500000000006035e-01, -6.4375000000001814e-01, 2.4375000000000069e-01, 1.8500000000000083e+00, 6.6875000000007701e-01, 3.4374999999998930e+00, -3.5949999999999935e+00, -1.3012499999999985e+00, 2.1875000000000333e+00, -1.8322499999999968e+00, -1.9074999999999964e+00
-1.0500000000000076e+00, 8.4375000000000089e-01, 4.4712499999999888e-01, 4.3749999999991629e-02, -1.8749999999914651e-02, -2.3750000000000120e+00, 2.3750000000002895e+00, 1.2500000000081880e-02, -7.6249999999999796e-01, 2.2500000000000258e+00, 2.6250000000005341e-01, -3.6249999999994553e-01, 1.1249999999999098e-01, 2.4749999999999903e+00, 2.1499999999999950e+00, 4.1250000000000941e+00, -4.1093749999999920e+00, -1.8043750000000058e+00, 2.5624999999999916e+00, -1.8833124999999962e+00, -2.0374999999999872e+00
-1.3062500000000206e+00, 1.1124999999999829e+00, -5.1187499999999622e-02, 7.5000000000022812e-02, 1.3125000000002698e-01, -2.5624999999999911e+00, 2.9374999999998099e+00, -5.4374999999995277e-01, -1.0062499999999810e+00, 3.0624999999997962e+00, -6.6875000000000828e-01, 2.5000000000024981e-02, -1.9374999999998543e-01, 2.9937499999999870e+00, 3.5812499999999328e+00, 4.5625000000000444e+00, -4.2281249999999915e+00, -2.1843749999999948e+00, 2.6874999999999765e+00, -1.6668749999999988e+00, -1.9212500000000010e+00
-1.4687500000000091e+00, 1.4000000000000012e+00, -4.9906249999999874e-01, 9.9999999999995745e-02, 3.1874999999993658e-01, -2.7500000000001088e+00, 3.5624999999997407e+00, -1.3750000000001235e+00, -7.1249999999998270e-01, 3.8749999999998437e+00, -1.8062500000000332e+00, 4.6874999999994754e-01, -5.8124999999999094e-01, 3.3499999999999956e+00, 4.6937500000000023e+00, 4.6250000000000364e+00, -3.9362499999999927e+00, -2.3343749999999885e+00, 2.5624999999999916e+00, -1.2756249999999965e+00, -1.5906250000000006e+00
-1.5374999999999737e+00, 1.6875000000000018e+00, -6.8921874999999899e-01, 1.3124999999999226e-01, 5.4374999999995310e-01, -2.8125000000001021e+00, 4.1874999999999476e+00, -2.3375000000000439e+00, -3.1250000000013850e-02, 4.6250000000000373e+00, -2.9437499999999894e+00, 9.3749999999999911e-01, -8.7500000000002354e-01, 3.4687499999999938e+00, 5.2562500000000778e+00, 4.3124999999999352e+00, -3.2843749999999954e+00, -2.2143749999999991e+00, 2.3750000000000111e+00, -8.4999999999999620e-01, -1.1231249999999937e+00
-1.5187499999999896e+00, 1.9124999999999837e+00, -6.6117499999999885e-01, 1.6875000000001233e-01, 7.5625000000002640e-01, -2.7499999999998312e+00, 4.8750000000002869e+00, -3.2624999999999265e+00, 7.7499999999997571e-01, 5.2499999999999680e+00, -3.8937499999999665e+00, 1.3875000000000319e+00, -9.3125000000000968e-01, 3.3124999999999938e+00, 5.1874999999999742e+00, 3.7499999999999973e+00, -2.4174999999999978e+00, -1.8943750000000006e+00, 2.1250000000000386e+00, -5.1125000000000054e-01, -6.1562500000000731e-01
-1.4125000000000818e+00, 2.0562500000000687e+00, -5.6148749999999548e-01, 2.0624999999999927e-01, 9.1874999999998874e-01, -2.9374999999998899e+00, 5.5000000000003162e+00, -4.0312500000000009e+00, 1.4687500000000258e+00, 5.6875000000001537e+00, -4.5312500000000115e+00, 1.7437499999999961e+00, -7.2500000000004650e-01, 2.8562500000000131e+00, 4.5624999999999813e+00, 3.0625000000002927e+00, -1.5343749999999969e+00, -1.4768750000000255e+00, 1.9375000000002485e+00, -3.0062499999997289e-01, -1.7187500000002670e-01
-1.2500000000000437e+00, 2.1562500000001181e+00, -2.6349999999999929e-01, 2.5625000000000153e-01, 1.0312500000000488e+00, -3.1250000000001976e+00, 5.8750000000000959e+00, -4.5687500000000600e+00, 1.9500000000000544e+00, 6.0000000000003570e+00, -4.8500000000000991e+00, 1.9500000000000273e+00, -3.0000000000005955e-01, 2.1375000000000401e+00, 3.6000000000001871e+00, 2.6875000000002420e+00, -8.1875000000000786e-01, -9.9437500000003598e-01, 1.8750000000001485e+00, -1.7874999999997521e-01, 1.1562499999999365e-01
-1.0874999999999282e+00, 2.2062499999999434e+00, 2.9836249999999920e-01, 3.0000000000000643e-01, 1.0750000000000359e+00, -3.0625000000001656e+00, 6.0624999999997051e+00, -4.8625000000000158e+00, 2.2062500000000069e+00, 6.1250000000001181e+00, -4.9250000000000806e+00, 1.9937500000000450e+00, 2.1875000000006420e-01, 1.2937499999999811e+00, 2.5999999999999819e+00, 2.5624999999997993e+00, -3.9312500000000400e-01, -4.8562499999997022e-01, 1.9999999999997502e+00, -9.3125000000026784e-02, 1.8625000000002581e-01
-9.2499999999999094e-01, 2.1812499999998995e+00, 7.5139999999999529e-01, 3.1874999999998549e-01, 1.0499999999999239e+00, -2.9999999999998446e+00, 6.1874999999995905e+00, -4.9624999999999648e+00, 2.2312499999999784e+00, 6.0624999999996074e+00, -4.8437499999999520e+00, 1.8937499999999805e+00, 6.0000000000006037e-01, 5.2499999999997038e-01, 1.7312499999997981e+00, 2.6249999999996088e+00, -3.0249999999999733e-01, -4.1874999999968639e-02, 2.3124999999998210e+00, -4.6250000000026090e-02, 4.3750000000010406e-02
-7.6250000000003193e-01, 2.0937500000000089e+00, 7.8273749999999853e-01, 3.3124999999998367e-01, 9.8750000000001459e-01, -2.9374999999998113e+00, 6.0000000000001608e+00, -4.9312500000000314e+00, 2.0812499999999794e+00, 5.8124999999997655e+00, -4.6999999999999043e+00, 1.7124999999999397e+00, 6.6250000000000209e-01, 3.7500000000020121e-02, 1.0625000000000193e+00, 2.8749999999999556e+00, -5.0999999999999734e-01, 2.4437499999999265e-01, 2.7499999999999694e+00, -9.8125000000002641e-02, -2.4874999999999667e-01
-6.1249999999995142e-01, 1.9500000000000042e+00, 5.1483749999999917e-01, 3.2500000000001217e-01, 9.0625000000003741e-01, -2.6875000000001150e+00, 5.5000000000002167e+00, -4.7875000000000609e+00, 1.8312499999999889e+00, 5.4375000000003650e+00, -4.5312499999999787e+00, 1.5312500000000027e+00, 3.6875000000000419e-01, -4.3749999999991671e-02, 6.3750000000008045e-01, 3.1250000000002083e+00, -9.0562499999999768e-01, 3.1999999999999845e-01, 3.0624999999999347e+00, -3.1437500000000151e-01, -6.0562499999999730e-01
-4.5624999999997018e-01, 1.7750000000000028e+00, 1.6891875000000001e-01, 3.0625000000001074e-01, 8.0624999999993718e-01, -2.2500000000000249e+00, 4.9999999999999973e+00, -4.5374999999999490e+00, 1.5375000000000083e+00, 4.9999999999999973e+00, -4.3187500000000449e+00, 1.3750000000000193e+00, -1.6875000000001250e-01, 2.1874999999999306e-01, 4.9374999999997293e-01, 3.2499999999999112e+00, -1.3468750000000003e+00, 2.0500000000000498e-01, 3.2500000000000528e+00, -7.0562499999999728e-01, -9.2812499999999865e-01
-2.8750000000000969e-01, 1.6124999999999958e+00, -1.5112499999999990e-01, 2.9374999999998108e-01, 6.9375000000003328e-01, -1.8124999999999376e+00, 4.4375000000000568e+00, -4.1749999999999359e+00, 1.2749999999999888e+00, 4.4374999999996430e+00, -4.0375000000000068e+00, 1.2499999999999987e+00, -7.3125000000000140e-01, 6.0000000000000941e-01, 6.5624999999999656e-01, 3.2499999999999112e+00, -1.7243749999999998e+00, -2.1250000000003887e-02, 3.4375000000001705e+00, -1.1931249999999942e+00, -1.1181249999999887e+00
-9.3749999999989592e-02, 1.4749999999999805e+00, -3.7949999999999928e-01, 2.7500000000001440e-01, 5.7500000000001938e-01, -1.6875000000000902e+00, 3.9999999999999667e+00, -3.7374999999999847e+00, 1.0749999999999973e+00, 3.9374999999999738e+00, -3.6624999999999766e+00, 1.1562500000000104e+00, -1.0749999999999806e+00, 9.0625000000000244e-01, 1.0249999999999819e+00, 3.1875000000000626e+00, -1.9768749999999935e+00, -2.6250000000000173e-01, 3.3749999999998974e+00, -1.6206249999999960e+00, -1.1125000000000000e+00
9.9999999999961148e-02, 1.3625000000000069e+00, -4.9668749999999895e-01, 2.4375000000001787e-01, 4.4999999999996321e-01, -1.8124999999999347e+00, 3.8124999999998543e+00, -3.2499999999999836e+00, 9.3125000000001046e-01, 3.7500000000001332e+00, -3.1937500000000312e+00, 1.0187499999999756e+00, -1.0437500000000022e+00, 1.0624999999999847e+00, 1.3999999999999404e+00, 2.9374999999999516e+00, -2.0649999999999933e+00, -4.2687500000000117e-01, 3.1874999999997793e+00, -1.8131250000000012e+00, -9.1875000000001106e-01
2.3124999999998821e-01, 1.2750000000000055e+00, -4.9718749999999928e-01, 2.3124999999997067e-01, 3.2500000000004647e-01, -2.0624999999999072e+00, 3.8124999999999929e+00, -2.7187499999999729e+00, 8.1875000000000209e-01, 3.8125000000001319e+00, -2.6500000000000110e+00, 7.9374999999997708e-01, -6.6250000000001941e-01, 1.0625000000000027e+00, 1.5812500000000187e+00, 2.5625000000001319e+00, -1.9618749999999987e+00, -4.5312500000000139e-01, 2.9375000000000902e+00, -1.6600000000000006e+00, -6.1375000000000124e-01
2.9375000000005064e-01, 1.2187499999999840e+00, -3.2612500000000016e-01, 2.4999999999998943e-01, 1.9999999999999168e-01, -2.4999999999999973e+00, 3.9374999999999738e+00, -2.1999999999999749e+00, 6.6874999999999096e-01, 3.9374999999999738e+00, -2.0874999999999320e+00, 5.0000000000001388e-01, -1.3125000000000903e-01, 9.2500000000000415e-01, 1.5312500000000353e+00, 2.1875000000000293e+00, -1.6743750000000002e+00, -3.4312499999999524e-01, 2.3750000000001528e+00, -1.1868749999999924e+00, -2.8937499999999355e-01
3.3124999999998406e-01, 1.1749999999999778e+00, -4.7187499999999966e-02, 2.7500000000001423e-01, 9.9999999999961148e-02, -2.8750000000000941e+00, 3.9999999999999667e+00, -1.7125000000000459e+00, 4.5625000000000487e-01, 3.9999999999998281e+00, -1.5812500000000160e+00, 1.8125000000002428e-01, 3.6250000000001525e-01, 6.4374999999998339e-01, 1.4374999999999765e+00, 1.8124999999997933e+00, -1.2681249999999973e+00, -1.5875000000000250e-01, 1.7499999999999445e+00, -5.4562499999999803e-01, -7.4999999999991671e-03
3.9999999999998198e-01, 1.0937500000000007e+00, 9.1375000000000400e-02, 3.1250000000001699e-01, 3.1249999999996531e-02, -3.0625000000000737e+00, 4.0000000000001110e+00, -1.2812500000000631e+00, 2.0625000000001595e-01, 3.9999999999999725e+00, -1.1812500000000326e+00, -6.8749999999999312e-02, 7.5000000000002076e-01, 2.0624999999999791e-01, 1.4937500000000008e+00, 1.4374999999999791e+00, -8.4749999999999470e-01, 1.9375000000002012e-02, 1.4374999999999791e+00, 7.8124999999995490e-02, 2.0187500000000189e-01
5.0000000000001243e-01, 9.7500000000001941e-01, 5.5562499999999487e-02, 3.6250000000001492e-01, -2.4999999999955592e-02, -3.1249999999999281e+00, 3.9999999999999667e+00, -9.1250000000000975e-01, -5.6250000000021512e-02, 4.0000000000001057e+00, -8.9999999999992508e-01, -2.1250000000002081e-01, 9.8124999999999030e-01, -2.7499999999997987e-01, 1.7312499999999937e+00, 1.3125000000001319e+00, -4.7625000000000262e-01, 1.6000000000000375e-01, 1.1875000000000069e+00, 5.6562500000000071e-01, 3.2687500000000119e-01
5.3124999999997569e-01, 8.9374999999998961e-01, 1.6331250000000019e-01, 4.1874999999998441e-01, -7.5000000000005548e-02, -3.1875000000000626e+00, 3.9374999999999738e+00, -5.6874999999991183e-01, -3.0000000000002219e-01, 4.0000000000001057e+00, -7.0624999999997984e-01, -3.0000000000000415e-01, 1.0499999999999896e+00, -5.8750000000001390e-01, 1.9874999999999710e+00, 1.2500000000000000e+00, -1.3187500000000202e-01, 2.9499999999999915e-01, 9.3749999999989042e-01, 8.9500000000000024e-01, 3.6749999999999389e-01
4.5625000000000487e-01, 8.5625000000002149e-01, 4.7518749999999932e-01, 4.6249999999997604e-01, -1.1875000000008396e-01, -3.1874999999999183e+00, 3.8124999999999929e+00, -2.3124999999998821e-01, -5.1249999999997364e-01, 3.9374999999999791e+00, -4.8750000000007354e-01, -3.8124999999998266e-01, 1.0062499999999985e+00, -5.8750000000001390e-01, 2.0687500000000174e+00, 8.7499999999990286e-01, 2.3000000000000778e-01, 4.5437499999999814e-01, 7.5000000000004996e-01, 1.0899999999999996e+00, 3.4125000000000238e-01
3.3750000000002500e-01, 7.7500000000001112e-01, 5.5868749999999878e-01, 4.9999999999999584e-01, -1.7499999999996668e-01, -3.3124999999997655e+00, 3.8124999999999876e+00, 1.0624999999993547e-01, -7.0624999999998539e-01, 3.9374999999998348e+00, -1.4374999999997015e-01, -5.3124999999999234e-01, 9.2499999999998683e-01, -3.0624999999997643e-01, 1.9187500000000424e+00, 5.6250000000007627e-01, 5.8124999999999516e-01, 6.1187499999999517e-01, 3.7500000000009714e-01, 1.1743749999999971e+00, 2.8312500000000046e-01
2.7499999999999725e-01, 6.1874999999995905e-01, 1.7000000000000057e-01, 5.4375000000000517e-01, -2.4374999999993061e-01, -3.6250000000000138e+00, 3.8750000000001195e+00, 4.7500000000005826e-01, -8.8750000000001938e-01, 4.0624999999999600e+00, 3.0000000000002219e-01, -7.8750000000002218e-01, 8.7500000000000622e-01, 3.1249999999996531e-02, 1.5937499999999951e+00, 3.7500000000009714e-01, 8.1249999999998757e-01, 6.9187500000000124e-01, 1.2499999999998612e-01, 1.1649999999999920e+00, 2.2062499999999494e-01
3.4374999999999584e-01, 4.4375000000002568e-01, -3.6999999999999966e-01, 5.7500000000000140e-01, -3.0000000000002153e-01, -3.6875000000001457e+00, 3.8124999999998486e+00, 8.8749999999998475e-01, -1.0999999999999959e+00, 3.8750000000001248e+00, 8.1249999999998201e-01, -1.0874999999999930e+00, 8.1875000000001941e-01, 1.5624999999998265e-01, 1.2312499999999467e+00, 2.4999999999983347e-01, 8.3875000000000399e-01, 6.2875000000000303e-01, 1.8749999999997918e-01, 1.0756249999999983e+00, 1.5937500000000313e-01
4.6249999999999308e-01, 3.1250000000003469e-01, -6.1187499999999928e-01, 6.1874999999999303e-01, -3.4375000000003120e-01, -3.5000000000001608e+00, 3.4999999999998836e+00, 1.3312499999999106e+00, -1.3562499999999826e+00, 3.3750000000000417e+00, 1.3625000000000431e+00, -1.3874999999999806e+00, 6.5624999999999589e-01, -1.2499999999986123e-02, 8.9374999999999238e-01, 4.9999999999994449e-01, 6.8937500000001162e-01, 4.2624999999999624e-01, 4.3749999999995143e-01, 9.1000000000000203e-01, 1.0375000000000166e-01
5.6874999999999587e-01, 2.4374999999996738e-01, -4.3624999999999969e-01, 6.6250000000000275e-01, -3.8124999999999931e-01, -3.0625000000000706e+00, 2.8750000000002358e+00, 1.8062500000000326e+00, -1.6062499999999993e+00, 2.8124999999999596e+00, 1.8812499999999688e+00, -1.6625000000000119e+00, 3.1874999999997988e-01, -3.0624999999998476e-01, 5.5625000000003544e-01, 9.3750000000017342e-01, 4.7749999999999970e-01, 1.5187499999999562e-01, 8.7499999999990286e-01, 6.6374999999999895e-01, 6.9374999999997855e-02
6.6874999999999096e-01, 1.9999999999995560e-01, -1.1000000000000140e-01, 6.9375000000001597e-01, -4.1249999999999515e-01, -2.4999999999998614e+00, 2.1250000000000417e+00, 2.2687500000000758e+00, -1.8362500000000037e+00, 2.1250000000000417e+00, 2.3374999999999737e+00, -1.8874999999999931e+00, -1.8124999999999861e-01, -4.6875000000000833e-01, 2.7500000000003055e-01, 1.2500000000000000e+00, 2.9124999999998707e-01, -1.1624999999999906e-01, 1.1875000000000069e+00, 3.6500000000000005e-01, 7.8124999999999653e-02
7.1875000000000622e-01, 1.0625000000000208e-01, -8.1249999999994452e-03, 7.3125000000000140e-01, -4.1875000000003609e-01, -2.0624999999997708e+00, 1.4999999999998335e+00, 2.6437499999999674e+00, -2.0143749999999989e+00, 1.4999999999999778e+00, 2.6937499999999814e+00, -2.0437499999999940e+00, -7.0624999999998539e-01, -3.5000000000000275e-01, 1.8124999999997154e-01, 1.3812499999998826e+00, 1.7687499999999423e-01, -3.1874999999999720e-01, 1.2500000000001388e+00, 1.0562500000000145e-01, 1.3125000000000070e-01
6.9375000000001597e-01, -4.9999999999980574e-02, -2.2499999999999695e-01, 7.4999999999998546e-01, -4.0624999999995492e-01, -1.8062499999999633e+00, 1.1249999999998752e+00, 2.8437499999999591e+00, -2.0931249999999992e+00, 1.1249999999998752e+00, 2.8499999999999668e+00, -2.1187499999999990e+00, -1.1187500000000070e+00, -1.2499999999995143e-02, 4.1874999999996737e-01, 1.2312500000000104e+00, 1.5937500000000313e-01, -4.1187499999999905e-01, 1.1250000000000138e+00, -2.4999999999979878e-03, 1.8937499999999910e-01
5.9999999999994869e-01, -2.0624999999979390e-01, -4.9499999999999655e-01, 7.4375000000005898e-01, -3.6874999999988517e-01, -1.6250000000006133e+00, 9.3750000000066747e-01, 2.7687499999998146e+00, -2.0506249999999784e+00, 1.0000000000006439e+00, 2.6812499999998383e+00, -2.0812499999999687e+00, -1.4125000000000645e+00, 3.6250000000003885e-01, 9.7500000000025255e-01, 8.6875000000053915e-01, 2.3124999999994519e-01, -3.7562500000002180e-01, 8.1250000000033162e-01, 7.6250000000020329e-02, 1.9937499999996330e-01
4.8124999999995954e-01, -3.2499999999977880e-01, -5.3125000000000877e-01, 7.2500000000007048e-01, -3.0625000000003566e-01, -1.3187500000005761e+00, 8.7500000000082301e-01, 2.3437499999998130e+00, -1.8581249999999985e+00, 1.0625000000007987e+00, 2.1124999999998249e+00, -1.8562500000000171e+00, -1.6062500000000768e+00, 6.1875000000005331e-01, 1.6000000000002814e+00, 4.6250000000044783e-01, 3.8749999999995155e-01, -2.4062500000002524e-01, 4.3750000000037820e-01, 2.5500000000002099e-01, 1.3149999999996770e-01
4.1250000000004272e-01, -4.1875000000021073e-01, -2.8187500000000582e-01, 6.9999999999993212e-01, -2.2500000000012046e-01, -8.6249999999951965e-01, 8.1249999999942479e-01, 1.5812500000002083e+00, -1.5037500000000301e+00, 1.1249999999993991e+00, 1.1875000000001867e+00, -1.4187500000000368e+00, -1.7406249999999537e+00, 6.3749999999996054e-01, 2.0062499999997967e+00, 5.6249999999486454e-02, 6.2500000000006661e-01, -8.0624999999979449e-02, 1.2499999999660134e-02, 4.0874999999998274e-01, -5.1874999999646483e-03
4.0625000000002981e-01, -5.0000000000021649e-01, 1.5437500000000390e-01, 6.5624999999994660e-01, -1.1250000000000417e-01, -2.2499999999948653e-01, 6.8749999999928535e-01, 5.3750000000020959e-01, -1.0050000000000179e+00, 9.9999999999925615e-01, 3.1250000000221351e-02, -8.2499999999999996e-01, -1.8943749999999313e+00, 4.2937499999995027e-01, 1.9874999999997294e+00, -3.6250000000048155e-01, 9.5625000000005000e-01, 2.3125000000022065e-02, -3.7500000000031364e-01, 4.8687499999998063e-01, -1.8143749999996583e-01
4.1875000000000207e-01, -5.6874999999997844e-01, 5.9874999999999923e-01, 5.9375000000001177e-01, 6.9388939039072221e-14, 5.6874999999997844e-01, 4.3749999999994588e-01, -7.0624999999997706e-01, -3.8375000000000142e-01, 7.4999999999991673e-01, -1.1937500000000119e+00, -1.6250000000000611e-01, -2.0693749999999937e+00, 1.3874999999999987e-01, 1.4687499999999758e+00, -8.1249999999998201e-01, 1.3812499999999910e+00, 2.0624999999999099e-02, -6.5000000000002223e-01, 5.3124999999999689e-01, -3.7756249999999875e-01
4.1250000000001286e-01, -6.5624999999999378e-01, 8.1312499999999643e-01, 5.3124999999999234e-01, 8.1249999999977104e-02, 1.3812500000000214e+00, 1.2499999999998612e-01, -1.9750000000000278e+00, 3.2250000000000106e-01, 3.7499999999995837e-01, -2.2812500000000213e+00, 4.8124999999999468e-01, -2.2318749999999907e+00, -8.2500000000004722e-02, 5.8750000000001246e-01, -1.3749999999999141e+00, 1.8562500000000055e+00, -8.9999999999998678e-02, -9.6875000000002842e-01, 6.0374999999999579e-01, -5.9299999999999853e-01
3.6875000000000380e-01, -7.8750000000002363e-01, 7.4125000000000052e-01, 4.4375000000000070e-01, 1.3124999999995768e-01, 2.0437500000000646e+00, 0.0000000000000000e+00, -3.0687500000000090e+00, 1.0368750000000029e+00, -1.2499999999998612e-01, -3.0374999999999792e+00, 1.0062500000000070e+00, -2.2943750000000005e+00, -1.4937499999999312e-01, -4.4374999999999237e-01, -2.0687500000000174e+00, 2.3437499999999982e+00, -2.7812499999999585e-01, -1.4000000000000832e+00, 7.0437500000000086e-01, -8.3156249999999932e-01
3.2499999999997747e-01, -9.1250000000000975e-01, 6.1812499999999915e-01, 3.3874999999999156e-01, 1.5000000000001110e-01, 2.4249999999999252e+00, -1.3125000000002707e-01, -3.8374999999999457e+00, 1.6600000000000006e+00, -5.2499999999997504e-01, -3.3687499999999648e+00, 1.3687499999999959e+00, -2.1218749999999975e+00, -9.1249999999995418e-02, -1.5312500000000020e+00, -2.8187500000000729e+00, 2.7624999999999824e+00, -4.9125000000000030e-01, -1.8812500000000381e+00, 7.6687499999999809e-01, -1.0700624999999981e+00
2.9374999999999829e-01, -1.0187499999999756e+00, 6.1249999999999571e-01, 2.4874999999999736e-01, 1.1250000000004302e-01, 2.5062499999998966e+00, -2.9375000000004786e-01, -4.1937500000000254e+00, 2.1043749999999846e+00, -7.5624999999995768e-01, -3.2999999999999639e+00, 1.5874999999999888e+00, -1.6581249999999936e+00, -2.1875000000004509e-02, -2.6687500000000006e+00, -3.4937499999999813e+00, 2.9375000000000009e+00, -6.7062500000000191e-01, -2.2937499999998923e+00, 6.9499999999999496e-01, -1.2403124999999977e+00
2.7500000000001457e-01, -1.1562500000000104e+00, 5.5062499999999892e-01, 1.5500000000000638e-01, 2.5000000000024981e-02, 2.4000000000001056e+00, -2.9374999999998125e-01, -4.1375000000000375e+00, 2.3143749999999947e+00, -9.3124999999991609e-01, -2.9437500000000258e+00, 1.6687500000000006e+00, -9.9625000000000041e-01, -4.8749999999996671e-02, -3.8043749999999927e+00, -3.8937499999999647e+00, 2.7187500000000080e+00, -7.5874999999999659e-01, -2.5062499999999686e+00, 3.9000000000000318e-01, -1.2532499999999971e+00
3.0624999999999342e-01, -1.3500000000000305e+00, 2.1437500000000154e-01, 4.4374999999992296e-02, -7.5000000000005548e-02, 2.3250000000001028e+00, -5.0624999999991882e-01, -3.7312499999999438e+00, 2.2693750000000104e+00, -1.2374999999999792e+00, -2.4437500000000449e+00, 1.6187500000000028e+00, -3.6500000000000388e-01, -2.0749999999999916e-01, -4.7643749999999860e+00, -3.9437499999999481e+00, 2.0749999999999900e+00, -6.9187499999999880e-01, -2.4375000000000790e+00, -2.1874999999999237e-01, -1.0366249999999977e+00
3.5625000000000867e-01, -1.5812499999999465e+00, -2.5749999999999917e-01, -7.8749999999999584e-02, -1.6874999999999515e-01, 2.4437499999999091e+00, -1.1687500000000173e+00, -3.0187499999999563e+00, 1.9774999999999963e+00, -1.7437500000001089e+00, -1.9312499999999826e+00, 1.4499999999999993e+00, 1.6499999999999834e-02, -4.7000000000000053e-01, -5.3137499999999953e+00, -3.6749999999999918e+00, 1.1187499999999897e+00, -4.2625000000000057e-01, -2.0562500000000075e+00, -1.1350000000000058e+00, -5.6125000000000080e-01
3.7500000000001005e-01, -1.7624999999999542e+00, -5.2374999999999805e-01, -2.1374999999998875e-01, -2.6875000000002569e-01, 2.7687499999998839e+00, -2.1375000000000459e+00, -2.0625000000000262e+00, 1.4837499999999899e+00, -2.4187500000000228e+00, -1.4687499999999563e+00, 1.1812499999999992e+00, 1.0118750000000223e-01, -7.9937500000000006e-01, -5.3637500000000014e+00, -3.2000000000000055e+00, 1.0624999999999306e-01, 1.4375000000001180e-02, -1.4374999999999070e+00, -2.2412500000000000e+00, 1.4000000000000112e-01
3.7499999999999273e-01, -1.8562500000000839e+00, -4.7812500000000019e-01, -3.4875000000000150e-01, -3.6875000000005587e-01, 3.1874999999999902e+00, -3.2249999999999641e+00, -1.0125000000000097e+00, 8.7562500000000265e-01, -3.1812499999998884e+00, -9.9999999999999445e-01, 8.5562499999999519e-01, 2.5749999999999360e-02, -1.1487500000000022e+00, -5.0493749999999880e+00, -2.7250000000000139e+00, -6.8124999999999514e-01, 5.2312499999999951e-01, -7.8125000000004929e-01, -3.2456249999999871e+00, 9.5999999999999752e-01
3.7499999999999289e-01, -1.9125000000000361e+00, -3.1249999999999983e-01, -4.6437500000000814e-01, -4.4374999999999165e-01, 3.5187500000000784e+00, -4.1249999999999529e+00, -3.7499999999984733e-02, 2.6312499999999717e-01, -3.8874999999999957e+00, -4.3750000000002359e-01, 4.9374999999999863e-01, -3.7375000000000567e-02, -1.4281249999999945e+00, -4.6293749999999845e+00, -2.3812500000000494e+00, -1.0687499999999825e+00, 9.5374999999999821e-01, -3.2500000000004720e-01, -3.7449999999999917e+00, 1.7162499999999941e+00
4.0624999999998923e-01, -1.9562499999999063e+00, -2.3812499999999698e-01, -5.4437499999999228e-01, -5.1249999999995666e-01, 3.6375000000000237e+00, -4.6562499999999574e+00, 6.8749999999999589e-01, -2.4875000000000569e-01, -4.4500000000000668e+00, 3.2499999999999724e-01, 6.8124999999998687e-02, -2.5374999999996907e-02, -1.5306249999999928e+00, -4.3331249999999937e+00, -2.1874999999999680e+00, -1.0875000000000015e+00, 1.2168749999999975e+00, -2.4999999999990563e-01, -3.4543749999999966e+00, 2.2124999999999995e+00
4.6874999999999950e-01, -1.9812500000000006e+00, -2.9062500000000174e-01, -5.7999999999999663e-01, -5.6250000000000655e-01, 3.5749999999999611e+00, -4.8125000000000204e+00, 1.0875000000000015e+00, -5.9187499999999671e-01, -4.8812499999999828e+00, 1.3375000000000015e+00, -4.3625000000000153e-01, 6.1875000000016726e-03, -1.3762500000000033e+00, -4.2268749999999917e+00, -2.0687499999999841e+00, -9.3125000000001001e-01, 1.3331249999999975e+00, -5.7500000000001938e-01, -2.4456250000000042e+00, 2.3668749999999945e+00
4.9375000000000713e-01, -1.9750000000000292e+00, -3.4812500000000063e-01, -5.7500000000000628e-01, -5.8749999999996183e-01, 3.3812500000000076e+00, -4.6875000000000346e+00, 1.3150000000000039e+00, -7.7499999999999303e-01, -5.2374999999999572e+00, 2.5124999999999931e+00, -1.0137499999999888e+00, -3.8750000000004024e-02, -9.1187500000000821e-01, -4.2399999999999913e+00, -1.9750000000000250e+00, -7.7499999999999303e-01, 1.3818749999999984e+00, -1.1125000000000709e+00, -1.1774999999999956e+00, 2.3074999999999966e+00
4.3750000000000311e-01, -1.9312499999999493e+00, -3.1437499999999935e-01, -5.4437499999999783e-01, -6.0000000000004394e-01, 3.0875000000000292e+00, -4.5187499999999670e+00, 1.6631249999999860e+00, -8.9624999999999699e-01, -5.5125000000000206e+00, 3.7562500000000019e+00, -1.6224999999999983e+00, -2.4499999999999778e-01, -7.3124999999994916e-02, -4.2887499999999967e+00, -1.9624999999999819e+00, -6.8124999999999492e-01, 1.4187499999999982e+00, -1.6499999999999777e+00, -2.5312499999999272e-01, 2.3081250000000013e+00
3.0624999999999347e-01, -1.8687500000000263e+00, -2.9125000000000018e-01, -5.0749999999999496e-01, -5.8125000000005989e-01, 2.7749999999999613e+00, -4.5624999999999707e+00, 2.4662499999999898e+00, -1.1068750000000034e+00, -5.7125000000000101e+00, 4.9206249999999931e+00, -2.1756250000000033e+00, -6.4249999999999530e-01, 1.1587500000000119e+00, -4.3506249999999884e+00, -2.1249999999999725e+00, -6.3750000000000329e-01, 1.4406249999999972e+00, -2.0875000000000012e+00, -9.2500000000005689e-02, 2.5874999999999941e+00
1.7499999999998392e-01, -1.8250000000000179e+00, -4.5437499999999398e-01, -4.8374999999999696e-01, -5.4374999999995299e-01, 2.4812499999999438e+00, -4.9562500000000185e+00, 3.9218749999999991e+00, -1.5424999999999980e+00, -5.8374999999999293e+00, 5.8131249999999834e+00, -2.5787499999999892e+00, -1.1287500000000079e+00, 2.5556249999999969e+00, -4.4131249999999911e+00, -2.4374999999999707e+00, -6.1874999999999314e-01, 1.4262499999999969e+00, -2.3750000000000138e+00, -7.4687499999999485e-01, 3.1599999999999890e+00
1.1250000000000825e-01, -1.7937499999999522e+00, -7.3562499999999931e-01, -4.8312500000000119e-01, -4.9374999999997249e-01, 2.2312500000000077e+00, -5.6812499999999826e+00, 5.9181249999999883e+00, -2.2381249999999921e+00, -5.8437499999999698e+00, 6.3112499999999878e+00, -2.7568749999999942e+00, -1.4081250000000005e+00, 3.5412499999999838e+00, -4.3768749999999974e+00, -2.6812500000000048e+00, -6.3750000000000329e-01, 1.4118749999999956e+00, -2.4812499999999438e+00, -1.9231249999999904e+00, 3.8462499999999880e+00
1.2500000000002071e-01, -1.7375000000000000e+00, -7.9437500000000372e-01, -5.0312500000000171e-01, -4.4374999999999204e-01, 2.0562500000000408e+00, -6.5437499999999753e+00, 8.0302499999999810e+00, -3.0787499999999941e+00, -5.7062500000000407e+00, 6.3299999999999885e+00, -2.6881250000000034e+00, -1.0924999999999869e+00, 3.4524999999999899e+00, -4.0606249999999902e+00, -2.5937500000000200e+00, -8.1250000000000455e-01, 1.5124999999999964e+00, -2.4249999999999221e+00, -3.1243750000000006e+00, 4.3806249999999949e+00
2.3125000000000534e-01, -1.6250000000000264e+00, -4.1437499999999738e-01, -5.3874999999999984e-01, -3.9999999999998298e-01, 1.8937500000000145e+00, -7.1874999999999956e+00, 9.6213312499999848e+00, -3.8212499999999960e+00, -5.3812499999999996e+00, 5.8637499999999889e+00, -2.4156250000000004e+00, -8.1250000000060371e-03, 2.0950000000000011e+00, -3.3568749999999907e+00, -2.1125000000000265e+00, -1.2812499999999867e+00, 1.8406249999999991e+00, -2.3500000000000196e+00, -3.8081249999999978e+00, 4.5168749999999971e+00
4.4374999999999193e-01, -1.4499999999999902e+00, 2.0687500000000053e-01, -5.8124999999999793e-01, -3.5624999999997403e-01, 1.6624999999999597e+00, -7.2062499999999767e+00, 1.0057437499999983e+01, -4.1724999999999932e+00, -4.8249999999999948e+00, 5.0437499999999869e+00, -2.0206249999999879e+00, 1.5362499999999959e+00, 8.8125000000001313e-02, -2.3974999999999991e+00, -1.5687500000000063e+00, -1.9750000000000028e+00, 2.3712499999999972e+00, -2.5562500000000883e+00, -3.5718749999999906e+00, 4.1137499999999934e+00
7.4999999999999423e-01, -1.2562499999999583e+00, 6.9812499999999578e-01, -6.1312499999995418e-01, -3.3125000000002452e-01, 1.3437499999997982e+00, -6.3999999999997810e+00, 9.0113374999999589e+00, -3.9200000000000470e+00, -4.0812499999997742e+00, 4.0943749999999417e+00, -1.5937500000000400e+00, 2.9187499999998674e+00, -1.5156249999999345e+00, -1.4856250000001252e+00, -1.4749999999997836e+00, -2.5875000000000457e+00, 2.8868750000000674e+00, -3.2812499999997802e+00, -2.3481250000001319e+00, 3.1768750000001358e+00
1.1125000000000289e+00, -1.0687500000000660e+00, 9.3687500000001378e-01, -6.2024999999996533e-01, -3.0625000000000463e-01, 9.5624999999987392e-01, -4.8937499999998497e+00, 6.6938125000000701e+00, -3.0675000000000940e+00, -3.2874999999997661e+00, 3.2437499999999986e+00, -1.2056250000000703e+00, 3.7062499999999030e+00, -2.0993749999999674e+00, -8.1375000000013931e-01, -2.0437499999998678e+00, -2.7375000000000673e+00, 3.0775000000001205e+00, -4.3562499999998172e+00, -4.7612500000014590e-01, 1.8536875000001640e+00
1.4187500000000006e+00, -8.6875000000009095e-01, 1.0150000000000106e+00, -5.9231250000004920e-01, -2.7500000000006336e-01, 5.8125000000018889e-01, -3.1125000000002414e+00, 3.8368937500000593e+00, -1.8743749999999626e+00, -2.5937500000002212e+00, 2.6275000000000763e+00, -8.8687499999995723e-01, 3.9187500000001747e+00, -1.9525000000000845e+00, -3.0687499999987633e-01, -2.9562500000002321e+00, -2.1937499999999730e+00, 2.7249999999999512e+00, -5.1812500000002624e+00, 1.4441875000001514e+00, 3.9437499999985931e-01
1.5062499999999783e+00, -6.5624999999993316e-01, 8.7874999999999426e-01, -5.2218750000003988e-01, -2.1875000000003711e-01, 3.0625000000014641e-01, -1.5750000000001749e+00, 1.3932499999999906e+00, -7.4374999999993474e-01, -2.0437500000002506e+00, 2.2387500000000333e+00, -6.3499999999994128e-01, 3.9437500000001351e+00, -1.8400000000000514e+00, 2.1375000000013863e-01, -3.5875000000001207e+00, -1.0874999999999564e+00, 1.8299999999999008e+00, -5.1562500000001883e+00, 2.8310000000001350e+00, -9.3362500000014392e-01
1.2750000000000070e+00, -4.5624999999993504e-01, 3.6562500000000070e-01, -4.2012499999999964e-01, -1.3124999999988812e-01, 1.1250000000000694e-01, -6.3125000000000764e-01, 8.6499999999999688e-02, -1.3124999999999930e-02, -1.5937500000000284e+00, 1.9756249999999946e+00, -4.1875000000001039e-01, 4.0874999999999870e+00, -2.1362499999999924e+00, 7.4874999999999325e-01, -3.5249999999999804e+00, 1.9374999999999445e-01, 5.9125000000000516e-01, -4.1499999999999790e+00, 3.3597499999999960e+00, -1.9368749999999959e+00
7.8749999999998821e-01, -2.8125000000003791e-01, -4.4624999999999870e-01, -3.0493749999999936e-01, -4.3750000000009018e-02, -3.7499999999968080e-02, -3.6875000000002289e-01, 5.8500000000000170e-02, 2.1625000000000374e-01, -1.2124999999999959e+00, 1.7337499999999963e+00, -2.1375000000000541e-01, 4.1062499999999700e+00, -2.3556249999999923e+00, 1.0443749999999841e+00, -2.9000000000000155e+00, 1.2562500000000048e+00, -7.0624999999999793e-01, -2.6749999999999639e+00, 3.0432499999999947e+00, -2.5475624999999993e+00
2.2499999999999862e-01, -1.2499999999998604e-01, -1.2143749999999980e+00, -1.8818749999999929e-01, 6.2499999999923672e-02, -9.9999999999994454e-02, -5.7499999999998330e-01, 8.2481249999999839e-01, 1.1187500000000007e-01, -8.8749999999998475e-01, 1.4437499999999972e+00, -1.2499999999986123e-02, 3.3562500000000020e+00, -1.5006249999999997e+00, 7.7500000000000135e-01, -2.2499999999999916e+00, 1.8124999999999964e+00, -1.8037500000000011e+00, -1.5500000000000209e+00, 2.1585624999999951e+00, -2.8124999999999947e+00
-2.6874999999999027e-01, 2.5000000000024936e-02, -1.6312499999999979e+00, -7.2625000000000051e-02, 1.6874999999999496e-01, -1.2500000000045797e-02, -9.1250000000000697e-01, 1.5859374999999978e+00, -2.5625000000004092e-02, -6.4374999999998406e-01, 1.0724999999999993e+00, 1.8187499999999923e-01, 1.4125000000000048e+00, 9.5874999999999655e-01, -5.6249999999986817e-02, -2.0812499999999967e+00, 1.8374999999999955e+00, -2.5343749999999936e+00, -1.2625000000000457e+00, 1.0931250000000015e+00, -2.8287499999999897e+00
-6.1874999999999303e-01, 1.4999999999994160e-01, -1.5987499999999957e+00, 3.7312499999999464e-02, 2.3125000000005733e-01, 2.3124999999998821e-01, -1.1000000000000223e+00, 1.7054999999999969e+00, 3.6250000000000136e-02, -5.2500000000000280e-01, 6.2937500000000368e-01, 3.3124999999999238e-01, -1.3187499999999979e+00, 4.3181249999999940e+00, -9.2499999999998617e-01, -2.4124999999999797e+00, 1.5437499999999968e+00, -2.8224999999999989e+00, -1.6687499999999653e+00, 2.1375000000000124e-01, -2.6787499999999933e+00
-7.8750000000000586e-01, 1.9999999999999149e-01, -1.1699999999999993e+00, 1.2318750000000062e-01, 2.3750000000002897e-01, 5.5625000000003544e-01, -9.8125000000001039e-01, 1.0285624999999963e+00, 3.4125000000000655e-01, -5.1249999999999030e-01, 1.4937499999999765e-01, 4.1875000000000207e-01, -3.7187499999999827e+00, 6.9874999999999874e+00, -1.2312499999999980e+00, -2.8499999999999654e+00, 1.2375000000000038e+00, -2.6743749999999888e+00, -2.1937499999999353e+00, -2.0625000000000207e-01, -2.3987500000000015e+00
-8.0625000000000691e-01, 1.7500000000003593e-01, -4.5437500000000036e-01, 1.6012499999999935e-01, 2.0624999999996305e-01, 8.7500000000000555e-01, -6.4374999999998406e-01, -1.5637499999999874e-01, 7.5937500000000380e-01, -5.3750000000001530e-01, -3.4437500000000548e-01, 4.8749999999999238e-01, -4.8437499999999964e+00, 7.7531874999999850e+00, -8.5625000000000484e-01, -3.0500000000000260e+00, 1.2125000000000137e+00, -2.1818749999999931e+00, -2.4062500000000431e+00, -5.0625000000001322e-02, -2.0024999999999955e+00
-7.6249999999998053e-01, 1.0625000000000200e-01, 4.0187500000000015e-01, 1.3931249999999834e-01, 1.5624999999998249e-01, 1.1374999999999902e+00, -2.9999999999995003e-01, -1.4027499999999944e+00, 1.1181249999999889e+00, -5.6250000000004019e-01, -8.5874999999999890e-01, 5.7500000000000140e-01, -4.5937500000000053e+00, 6.6662499999999882e+00, -1.7500000000000138e-01, -2.9687500000000493e+00, 1.5812500000000000e+00, -1.5062500000000034e+00, -2.3125000000000533e+00, 5.8374999999999699e-01, -1.5362499999999939e+00
-7.0624999999999372e-01, 1.8749999999984026e-02, 1.1874999999999973e+00, 7.5062499999999713e-02, 9.9999999999961009e-02, 1.3499999999999597e+00, -1.0624999999998543e-01, -2.3637499999999974e+00, 1.3199999999999907e+00, -5.8124999999995763e-01, -1.4081249999999919e+00, 7.1250000000001734e-01, -3.5749999999999944e+00, 4.7254999999999949e+00, 3.3749999999999031e-01, -2.7749999999999599e+00, 2.2062499999999821e+00, -8.2750000000000179e-01, -2.0999999999999450e+00, 1.3856249999999961e+00, -1.0868750000000054e+00
-6.1250000000000437e-01, -7.5000000000005493e-02, 1.6543749999999993e+00, -8.7500000000000702e-03, 5.6250000000021470e-02, 1.5499999999999681e+00, -1.5625000000003539e-01, -2.8643749999999972e+00, 1.3662500000000017e+00, -5.9999999999995834e-01, -1.9562499999999927e+00, 9.1874999999998885e-01, -2.4624999999999959e+00, 2.8806249999999922e+00, 4.6249999999999308e-01, -2.5499999999999430e+00, 2.7374999999999745e+00, -2.9000000000000320e-01, -1.8812499999999699e+00, 1.9674999999999954e+00, -7.4812500000000093e-01
-4.8125000000001217e-01, -1.7499999999996652e-01, 1.6312499999999959e+00, -9.9374999999999380e-02, 3.7500000000037469e-02, 1.7625000000000430e+00, -4.8125000000001039e-01, -2.8374999999999946e+00, 1.3143749999999943e+00, -7.1250000000003466e-01, -2.3612499999999979e+00, 1.1437499999999796e+00, -1.4937500000000008e+00, 1.3794374999999957e+00, 3.6250000000001387e-01, -2.1437500000000238e+00, 2.7687499999999887e+00, 1.5000000000006314e-02, -1.5812500000000174e+00, 2.0793749999999984e+00, -5.8124999999999027e-01
-3.6250000000001492e-01, -2.3749999999995958e-01, 1.1056249999999956e+00, -2.0312499999999897e-01, 4.9999999999980525e-02, 1.9937500000000132e+00, -1.1062499999999937e+00, -2.2837499999999946e+00, 1.2143749999999984e+00, -1.0437500000000173e+00, -2.4168750000000014e+00, 1.3000000000000143e+00, -4.8749999999998334e-01, -8.7499999999993056e-02, 3.6249999999999860e-01, -1.3250000000000048e+00, 2.0375000000000218e+00, 6.4375000000003610e-02, -1.0437500000000013e+00, 1.7281250000000035e+00, -5.7187499999999858e-01
-2.8749999999997466e-01, -2.5000000000004147e-01, 2.4625000000000286e-01, -3.1687499999999985e-01, 6.2500000000062367e-02, 2.1937499999999686e+00, -1.9125000000000014e+00, -1.3531249999999977e+00, 1.0743750000000056e+00, -1.5812499999999812e+00, -2.0156250000000000e+00, 1.3250000000000044e+00, 6.1875000000001179e-01, -1.6693749999999992e+00, 5.8749999999998059e-01, -1.5624999999998265e-01, 7.1250000000000002e-01, -6.6250000000005485e-02, -3.1875000000000597e-01, 1.1356249999999972e+00, -6.2312500000000648e-01
-2.3749999999999419e-01, -2.1875000000004494e-01, -5.7374999999999809e-01, -3.7874999999999853e-01, 7.5000000000005465e-02, 2.1375000000000002e+00, -2.3749999999999960e+00, -4.3500000000000061e-01, 8.5749999999999749e-01, -1.9499999999999875e+00, -1.2981249999999946e+00, 1.1437499999999796e+00, 1.4062499999999813e+00, -2.7343750000000031e+00, 8.3124999999999649e-01, 8.0624999999997227e-01, -4.8750000000001875e-01, -2.1937499999999369e-01, 2.6875000000002552e-01, 5.8124999999999483e-01, -5.9874999999999912e-01
-1.0625000000001934e-01, -9.3749999999989508e-02, -4.5687500000000070e-01, -1.9187499999999846e-01, 4.3749999999939587e-02, 1.0000000000000098e+00, -1.2124999999999972e+00, -2.1875000000000346e-02, 3.6124999999999630e-01, -1.0062499999999992e+00, -4.4812499999999605e-01, 4.9374999999998992e-01, 8.1874999999998399e-01, -1.4993749999999988e+00, 4.5625000000000349e-01, 5.6874999999997777e-01, -4.6875000000000000e-01, -1.3937499999999181e-01, 2.3750000000002897e-01, 1.7312499999999933e-01, -2.7499999999999686e-01
-1.0625000000001934e-01, -9.3749999999989508e-02, -4.5687500000000070e-01, -1.9187499999999846e-01, 4.3749999999939587e-02, 1.0000000000000098e+00, -1.2124999999999972e+00, -2.1875000000000346e-02, 3.6124999999999630e-01, -1.0062499999999992e+00, -4.4812499999999605e-01, 4.9374999999998992e-01, 8.1874999999998399e-01, -1.4993749999999988e+00, 4.5625000000000349e-01, 5.6874999999997777e-01, -4.6875000000000000e-01, -1.3937499999999181e-01, 2.3750000000002897e-01, 1.7312499999999933e-01, -2.7499999999999686e-01
