-9.9999999999961231e-04, 9.9999999999995925e-04, 6.5375000000000112e-03, -7.3575000000000038e-03, -7.4999999999936229e-04, -2.8500000000000053e-02, -4.3500000000000483e-02, 1.3900000000000023e-01, -8.6249999999999521e-02, 1.2750000000000261e-02, 1.6750000000000098e-02, -2.4999999999997247e-03, 1.3500000000000040e-01, -8.9750000000000246e-02, 1.2228775000000001e+00, 2.4750000000000466e-02, 1.9674999999999970e-01, 1.1500000000000052e-02, -2.1249999999999047e-02, 6.4750000000000918e-02, -7.7749999999997960e-03
-9.9999999999961231e-04, 9.9999999999995925e-04, 6.5375000000000112e-03, -7.3575000000000038e-03, -7.4999999999936229e-04, -2.8500000000000053e-02, -4.3500000000000483e-02, 1.3900000000000023e-01, -8.6249999999999521e-02, 1.2750000000000261e-02, 1.6750000000000098e-02, -2.4999999999997247e-03, 1.3500000000000040e-01, -8.9750000000000246e-02, 1.2228775000000001e+00, 2.4750000000000466e-02, 1.9674999999999970e-01, 1.1500000000000052e-02, -2.1249999999999047e-02, 6.4750000000000918e-02, -7.7749999999997960e-03
-7.5000000000075018e-04, 9.9999999999995947e-04, 4.9825000000000095e-03, -8.2950000000000055e-03, -5.0000000000050015e-04, -3.0000000000000169e-02, -4.5000000000000602e-02, 1.4200000000000049e-01, -8.7500000000000092e-02, 1.2500000000000013e-02, 1.8250000000000214e-02, -3.7500000000002813e-03, 1.4599999999999963e-01, -1.0155000000000027e-01, 1.4717250000000002e+00, 2.3250000000000357e-02, 1.7399999999999918e-01, 7.9249999999999477e-03, -3.5000000000007252e-03, 2.9500000000000363e-02, -2.4999999999990313e-04
-5.0000000000050004e-04, 2.4999999999990308e-04, 1.3999999999999907e-03, -1.0402499999999999e-02, -5.0000000000050004e-04, -3.2000000000000084e-02, -5.0000000000000044e-02, 1.5049999999999994e-01, -8.7000000000000272e-02, 7.4999999999991740e-03, 2.7999999999999553e-02, -7.2500000000003118e-03, 1.6249999999999978e-01, -1.0790000000000001e-01, 1.7397475000000002e+00, 1.9249999999999823e-02, 1.2775000000000009e-01, 3.3749999999999059e-03, 1.8249999999998823e-02, -3.1250000000000722e-02, 9.4999999999997864e-03
-2.5000000000024997e-04, -4.9999999999980605e-04, -2.2674999999999991e-03, -1.3992499999999991e-02, -7.4999999999936218e-04, -3.4249999999999552e-02, -5.8999999999999317e-02, 1.6374999999999998e-01, -8.2750000000000171e-02, -4.2500000000000862e-03, 4.8000000000000119e-02, -1.2999999999999816e-02, 1.8375000000000019e-01, -9.9074999999999844e-02, 1.9405749999999995e+00, 1.0999999999999897e-02, 5.5499999999999980e-02, -1.5000000000001121e-03, 3.5999999999999914e-02, -1.1275000000000032e-01, 1.9599999999999822e-02
2.5000000000025008e-04, -4.9999999999980626e-04, -4.1199999999999926e-03, -1.9005000000000001e-02, -1.4999999999987248e-03, -3.5999999999999928e-02, -7.0499999999999743e-02, 1.7775000000000016e-01, -7.4749999999999830e-02, -2.1999999999999801e-02, 7.5499999999999887e-02, -1.8999999999999576e-02, 2.0850000000000005e-01, -7.0899999999999797e-02, 2.0440500000000004e+00, -5.0000000000001441e-03, -3.5499999999999428e-02, -6.7499999999998126e-03, 4.3250000000000240e-02, -2.0300000000000043e-01, 2.9025000000000235e-02
2.5000000000024997e-04, -2.4999999999990302e-04, -3.4700000000000130e-03, -2.5182499999999997e-02, -2.5000000000024998e-03, -3.5500000000000108e-02, -8.3750000000000477e-02, 1.8774999999999969e-01, -6.3999999999999460e-02, -4.4249999999999838e-02, 1.0424999999999947e-01, -2.2250000000000044e-02, 2.3474999999999985e-01, -2.5050000000000069e-02, 2.0497500000000000e+00, -3.1500000000000271e-02, -1.3374999999999912e-01, -1.2449999999999959e-02, 3.6999999999999526e-02, -2.8650000000000059e-01, 3.7200000000000073e-02
2.5000000000024997e-04, 0.0000000000000000e+00, -1.0100000000000081e-03, -3.2267499999999998e-02, -3.0000000000002243e-03, -3.0000000000000158e-02, -1.0000000000000007e-01, 1.8999999999999986e-01, -5.1249999999999900e-02, -7.0249999999999466e-02, 1.2750000000000050e-01, -2.1499999999999988e-02, 2.6099999999999973e-01, 3.0999999999999771e-02, 1.9684999999999997e+00, -6.7500000000000185e-02, -2.2474999999999989e-01, -1.8349999999999960e-02, 1.6499999999999845e-02, -3.5049999999999937e-01, 4.3274999999999904e-02
2.5000000000025013e-04, 0.0000000000000000e+00, 1.6550000000000167e-03, -4.0102500000000027e-02, -2.7499999999985882e-03, -1.6250000000000299e-02, -1.2100000000000033e-01, 1.8425000000000047e-01, -3.6749999999999998e-02, -1.0024999999999901e-01, 1.4175000000000029e-01, -1.6249999999999605e-02, 2.8750000000000042e-01, 8.5375000000000076e-02, 1.8202500000000006e+00, -1.0949999999999993e-01, -2.9674999999999996e-01, -2.3950000000000023e-02, -1.3499999999999630e-02, -3.8624999999999926e-01, 4.5875000000000103e-02
-2.5000000000024997e-04, 2.4999999999990302e-04, 3.0025000000000143e-03, -4.8692499999999993e-02, -2.7500000000013620e-03, 8.0000000000003662e-03, -1.5000000000000011e-01, 1.7150000000000010e-01, -1.9750000000000319e-02, -1.3700000000000098e-01, 1.4524999999999952e-01, -6.5000000000002547e-03, 3.1587500000000013e-01, 1.2577500000000016e-01, 1.6307499999999993e+00, -1.5249999999999983e-01, -3.4350000000000069e-01, -2.8575000000000121e-02, -4.8249999999999675e-02, -3.8925000000000065e-01, 4.3699999999999982e-02
-2.5000000000024997e-04, 2.4999999999990302e-04, 2.6874999999999985e-03, -5.8192499999999973e-02, -2.2500000000008620e-03, 4.4750000000000338e-02, -1.8949999999999936e-01, 1.5449999999999975e-01, 9.9999999999961209e-04, -1.8225000000000044e-01, 1.3924999999999976e-01, 8.2499999999999223e-03, 3.4657499999999997e-01, 1.4482500000000012e-01, 1.4227500000000002e+00, -1.9349999999999989e-01, -3.6325000000000102e-01, -3.1275000000000046e-02, -8.5000000000000339e-02, -3.6025000000000079e-01, 3.6374999999999942e-02
-2.5000000000025013e-04, 0.0000000000000000e+00, 1.5049999999999966e-03, -6.8785000000000013e-02, -1.4999999999987252e-03, 9.3499999999999875e-02, -2.4199999999999927e-01, 1.3649999999999987e-01, 2.5250000000000286e-02, -2.3799999999999943e-01, 1.2875000000000045e-01, 2.6999999999999955e-02, 3.7812500000000016e-01, 1.4295000000000010e-01, 1.2127500000000004e+00, -2.3299999999999998e-01, -3.5699999999999915e-01, -3.1275000000000067e-02, -1.2274999999999930e-01, -3.0349999999999977e-01, 2.5000000000000036e-02
-2.5000000000024997e-04, 0.0000000000000000e+00, 1.5749999999999702e-04, -8.0560000000000007e-02, -7.4999999999936218e-04, 1.5324999999999989e-01, -3.0774999999999963e-01, 1.2025000000000019e-01, 5.1500000000000150e-02, -3.0624999999999952e-01, 1.1850000000000052e-01, 4.6999999999999813e-02, 4.0789999999999987e-01, 1.2714999999999982e-01, 1.0099999999999996e+00, -2.7324999999999983e-01, -3.2949999999999918e-01, -2.8624999999999824e-02, -1.6349999999999973e-01, -2.2625000000000001e-01, 1.1399999999999950e-02
-2.4999999999886203e-04, 0.0000000000000000e+00, -1.3149999999999956e-03, -9.3422499999999908e-02, -2.4999999999886203e-04, 2.2225000000000003e-01, -3.8574999999999965e-01, 1.0850000000000017e-01, 7.7499999999999722e-02, -3.8699999999999951e-01, 1.1299999999999981e-01, 6.5500000000000225e-02, 4.3314999999999965e-01, 1.0642499999999983e-01, 8.1825000000000014e-01, -3.1649999999999984e-01, -2.9024999999999995e-01, -2.4524999999999873e-02, -2.1000000000000027e-01, -1.3724999999999976e-01, -2.8750000000000971e-03
0.0000000000000000e+00, -2.4999999999990319e-04, -2.7450000000000057e-03, -1.0722500000000004e-01, -7.4999999999936261e-04, 2.9850000000000032e-01, -4.7475000000000039e-01, 1.0200000000000006e-01, 1.0075000000000020e-01, -4.8000000000000009e-01, 1.1549999999999969e-01, 8.0249999999999808e-02, 4.5205000000000006e-01, 8.7425000000000044e-02, 6.4074999999999993e-01, -3.6324999999999985e-01, -2.4775000000000086e-01, -2.0875000000000071e-02, -2.6299999999999946e-01, -4.4999999999999228e-02, -1.7100000000000108e-02
4.9999999999911248e-04, -7.5000000000005650e-04, -3.5700000000000072e-03, -1.2177500000000012e-01, -1.5000000000015008e-03, 3.8025000000000020e-01, -5.7200000000000062e-01, 1.0049999999999926e-01, 1.2049999999999983e-01, -5.8350000000000102e-01, 1.2625000000000003e-01, 9.0749999999999900e-02, 4.6465000000000017e-01, 7.2674999999999865e-02, 4.7749999999999898e-01, -4.1225000000000034e-01, -2.0950000000000008e-01, -1.9075000000000005e-02, -3.2174999999999998e-01, 4.3999999999999616e-02, -3.1449999999999895e-02
7.5000000000074942e-04, -7.5000000000005553e-04, -3.5300000000000015e-03, -1.3682499999999989e-01, -3.2500000000018595e-03, 4.6474999999999950e-01, -6.7550000000000054e-01, 1.0374999999999958e-01, 1.3774999999999957e-01, -6.9399999999999951e-01, 1.4374999999999999e-01, 9.7749999999999837e-02, 4.7369999999999957e-01, 6.0900000000000135e-02, 3.2724999999999949e-01, -4.6199999999999952e-01, -1.7999999999999944e-01, -1.9349999999999905e-02, -3.8574999999999965e-01, 1.2574999999999936e-01, -4.6324999999999797e-02
1.0000000000010005e-03, -5.0000000000015332e-04, -2.9874999999999967e-03, -1.5227500000000005e-01, -5.7499999999988142e-03, 5.5000000000000004e-01, -7.8250000000000031e-01, 1.1125000000000029e-01, 1.5375000000000050e-01, -8.0750000000000033e-01, 1.6525000000000020e-01, 1.0399999999999998e-01, 4.8330000000000023e-01, 4.9100000000000213e-02, 1.8900000000000036e-01, -5.1100000000000056e-01, -1.5875000000000064e-01, -2.0799999999999996e-02, -4.5300000000000085e-01, 1.9825000000000131e-01, -6.1999999999999930e-02
7.4999999999936261e-04, -5.0000000000015332e-04, -2.4275000000000047e-03, -1.6800000000000009e-01, -8.7499999999990415e-03, 6.3350000000000040e-01, -8.9075000000000037e-01, 1.2350000000000005e-01, 1.6900000000000048e-01, -9.2025000000000068e-01, 1.8774999999999981e-01, 1.1125000000000029e-01, 4.9595000000000028e-01, 3.5449999999999739e-02, 6.2750000000000333e-02, -5.5850000000000100e-01, -1.4549999999999988e-01, -2.2300000000000108e-02, -5.2200000000000046e-01, 2.5825000000000026e-01, -7.7725000000000058e-02
4.9999999999911183e-04, -4.9999999999980572e-04, -1.9174999999999947e-03, -1.8384999999999990e-01, -1.2500000000001388e-02, 7.1574999999999911e-01, -1.0012499999999998e+00, 1.4200000000000032e-01, 1.8249999999999986e-01, -1.0312499999999993e+00, 2.0850000000000016e-01, 1.2049999999999966e-01, 5.1023999999999958e-01, 2.1049999999999871e-02, -5.1500000000000108e-02, -6.0599999999999909e-01, -1.4074999999999907e-01, -2.3774999999999817e-02, -5.9149999999999980e-01, 3.0099999999999960e-01, -9.1199999999999878e-02
5.0000000000050026e-04, -2.4999999999990319e-04, -1.1724999999999980e-03, -1.9970000000000007e-01, -1.6749999999998717e-02, 7.9900000000000015e-01, -1.1170000000000004e+00, 1.6800000000000018e-01, 1.9150000000000009e-01, -1.1412500000000012e+00, 2.2449999999999981e-01, 1.3200000000000023e-01, 5.2149000000000023e-01, 9.1250000000001105e-03, -1.5725000000000053e-01, -6.5400000000000069e-01, -1.4475000000000052e-01, -2.6349999999999998e-02, -6.5975000000000095e-01, 3.2225000000000048e-01, -9.9825000000000316e-02
5.0000000000050026e-04, 0.0000000000000000e+00, 2.8749999999998411e-04, -2.1535000000000001e-01, -2.1250000000000446e-02, 8.8575000000000081e-01, -1.2400000000000000e+00, 2.0224999999999976e-01, 1.9399999999999981e-01, -1.2515000000000005e+00, 2.3424999999999985e-01, 1.4475000000000052e-01, 5.2478500000000028e-01, 3.0499999999999295e-03, -2.5924999999999987e-01, -7.0375000000000054e-01, -1.5800000000000128e-01, -3.1000000000000139e-02, -7.2749999999999937e-01, 3.2099999999999923e-01, -1.0260000000000032e-01
5.0000000000049961e-04, 2.4999999999990286e-04, 2.7625000000000063e-03, -2.3082499999999975e-01, -2.6000000000000998e-02, 9.7699999999999920e-01, -1.3704999999999983e+00, 2.4399999999999955e-01, 1.9074999999999978e-01, -1.3627499999999988e+00, 2.3825000000000074e-01, 1.5749999999999986e-01, 5.1770999999999956e-01, 4.8499999999999889e-03, -3.6124999999999874e-01, -7.5724999999999887e-01, -1.7774999999999996e-01, -3.7474999999999974e-02, -7.9699999999999838e-01, 3.0249999999999971e-01, -1.0159999999999986e-01
0.0000000000000000e+00, 7.5000000000005650e-04, 5.4774999999999989e-03, -2.4615000000000015e-01, -3.0999999999997710e-02, 1.0704999999999998e+00, -1.5052500000000018e+00, 2.9025000000000040e-01, 1.8425000000000047e-01, -1.4742499999999998e+00, 2.3875000000000018e-01, 1.6824999999999973e-01, 5.0130000000000019e-01, 1.4899999999999990e-02, -4.6399999999999936e-01, -8.1750000000000056e-01, -1.9724999999999893e-01, -4.4250000000000213e-02, -8.7225000000000119e-01, 2.7650000000000047e-01, -1.0135000000000011e-01
-7.5000000000075039e-04, 9.9999999999995969e-04, 6.6324999999999926e-03, -2.6102500000000028e-01, -3.6500000000000442e-02, 1.1620000000000010e+00, -1.6372500000000021e+00, 3.3625000000000060e-01, 1.7724999999999971e-01, -1.5825000000000014e+00, 2.3774999999999918e-01, 1.7700000000000016e-01, 4.7955000000000020e-01, 3.2100000000000198e-02, -5.6575000000000131e-01, -8.8775000000000004e-01, -2.0825000000000021e-01, -4.9574999999999994e-02, -9.5800000000000096e-01, 2.5550000000000028e-01, -1.0645000000000000e-01
-9.9999999999961144e-04, 7.5000000000005553e-04, 5.1450000000000150e-03, -2.7502499999999969e-01, -4.2500000000000836e-02, 1.2462499999999990e+00, -1.7577499999999979e+00, 3.7599999999999961e-01, 1.7249999999999957e-01, -1.6824999999999992e+00, 2.3749999999999999e-01, 1.8399999999999997e-01, 4.5802499999999968e-01, 5.3799999999999980e-02, -6.6349999999999965e-01, -9.6999999999999920e-01, -2.0200000000000062e-01, -5.2924999999999799e-02, -1.0579999999999983e+00, 2.5325000000000047e-01, -1.1972499999999958e-01
-7.4999999999936164e-04, 2.5000000000024981e-04, 1.8925000000000131e-03, -2.8757499999999958e-01, -4.8000000000000778e-02, 1.3187499999999979e+00, -1.8594999999999984e+00, 4.0574999999999883e-01, 1.7025000000000012e-01, -1.7704999999999982e+00, 2.3950000000000060e-01, 1.8874999999999986e-01, 4.4129999999999980e-01, 7.6749999999999666e-02, -7.5624999999999931e-01, -1.0659999999999994e+00, -1.7024999999999943e-01, -5.5174999999999967e-02, -1.1757499999999994e+00, 2.8324999999999989e-01, -1.4194999999999977e-01
-7.5000000000074942e-04, 0.0000000000000000e+00, -1.3750000000000077e-03, -2.9822499999999996e-01, -5.3500000000000721e-02, 1.3782499999999991e+00, -1.9409999999999965e+00, 4.2525000000000024e-01, 1.6875000000000001e-01, -1.8447499999999990e+00, 2.4424999999999980e-01, 1.9100000000000003e-01, 4.3014999999999959e-01, 9.7775000000000209e-02, -8.4399999999999953e-01, -1.1759999999999982e+00, -1.0599999999999905e-01, -5.7474999999999839e-02, -1.3134999999999997e+00, 3.5799999999999965e-01, -1.7149999999999999e-01
-5.0000000000050102e-04, -5.0000000000015408e-04, -3.8300000000000083e-03, -3.0682500000000074e-01, -5.9249999999999692e-02, 1.4280000000000028e+00, -2.0070000000000014e+00, 4.3825000000000197e-01, 1.6675000000000054e-01, -1.9087500000000015e+00, 2.5350000000000006e-01, 1.8925000000000020e-01, 4.2115000000000080e-01, 1.1377500000000020e-01, -9.2525000000000146e-01, -1.2972500000000022e+00, -7.9999999999996897e-03, -6.0075000000000170e-02, -1.4690000000000023e+00, 4.8225000000000023e-01, -2.0345000000000038e-01
-2.5000000000025051e-04, -1.0000000000003082e-03, -5.6450000000000094e-03, -3.1347500000000045e-01, -6.4999999999998517e-02, 1.4727500000000033e+00, -2.0665000000000058e+00, 4.5300000000000007e-01, 1.6250000000000045e-01, -1.9687500000000033e+00, 2.6900000000000029e-01, 1.8225000000000011e-01, 4.0972500000000078e-01, 1.2152499999999999e-01, -9.9500000000000188e-01, -1.4245000000000034e+00, 1.1874999999999963e-01, -6.2400000000000073e-02, -1.6345000000000030e+00, 6.4600000000000057e-01, -2.2960000000000055e-01
0.0000000000000000e+00, -9.9999999999995839e-04, -6.8324999999999879e-03, -3.1834999999999958e-01, -7.0999999999998772e-02, 1.5159999999999980e+00, -2.1272499999999979e+00, 4.7649999999999870e-01, 1.5349999999999969e-01, -2.0292500000000002e+00, 2.9350000000000043e-01, 1.6950000000000007e-01, 3.9429999999999948e-01, 1.1845000000000004e-01, -1.0479999999999987e+00, -1.5509999999999982e+00, 2.6224999999999976e-01, -6.3824999999999937e-02, -1.7967499999999981e+00, 8.2199999999999906e-01, -2.4014999999999986e-01
5.0000000000049961e-04, -9.9999999999995839e-04, -6.8674999999999969e-03, -3.2154999999999967e-01, -7.7750000000001360e-02, 1.5569999999999986e+00, -2.1902499999999971e+00, 5.1224999999999976e-01, 1.3824999999999971e-01, -2.0914999999999973e+00, 3.2899999999999985e-01, 1.4949999999999949e-01, 3.7767499999999954e-01, 1.0500000000000013e-01, -1.0837499999999991e+00, -1.6702499999999967e+00, 4.0499999999999947e-01, -6.4450000000000215e-02, -1.9387499999999984e+00, 9.7174999999999878e-01, -2.2747499999999971e-01
7.5000000000074942e-04, -9.9999999999995839e-04, -5.2925000000000064e-03, -3.2279999999999986e-01, -8.5000000000001671e-02, 1.5922499999999993e+00, -2.2512499999999998e+00, 5.5924999999999958e-01, 1.1649999999999984e-01, -2.1514999999999986e+00, 3.7549999999999911e-01, 1.2249999999999958e-01, 3.6457499999999965e-01, 8.4999999999999937e-02, -1.1077499999999987e+00, -1.7774999999999996e+00, 5.2974999999999917e-01, -6.5399999999999778e-02, -2.0482499999999995e+00, 1.0607499999999996e+00, -1.8969999999999976e-01
9.9999999999961144e-04, -4.9999999999980572e-04, -2.1924999999999879e-03, -3.2192499999999968e-01, -9.2500000000000832e-02, 1.6184999999999992e+00, -2.3044999999999991e+00, 6.1299999999999910e-01, 8.9499999999999913e-02, -2.2039999999999984e+00, 4.3099999999999905e-01, 8.9000000000000107e-02, 3.5749999999999987e-01, 6.3999999999999765e-02, -1.1307499999999988e+00, -1.8714999999999993e+00, 6.2424999999999931e-01, -6.8149999999999752e-02, -2.1212499999999976e+00, 1.0722499999999993e+00, -1.3219999999999990e-01
9.9999999999961426e-04, 4.9999999999980713e-04, 1.6699999999999951e-03, -3.1900000000000045e-01, -1.0074999999999965e-01, 1.6342500000000040e+00, -2.3457500000000038e+00, 6.6750000000000131e-01, 5.9499999999999942e-02, -2.2470000000000034e+00, 4.9250000000000083e-01, 5.0250000000000045e-02, 3.5450000000000098e-01, 4.8250000000000119e-02, -1.1632500000000026e+00, -1.9540000000000040e+00, 6.8625000000000203e-01, -7.3725000000000318e-02, -2.1622500000000029e+00, 1.0127500000000016e+00, -6.5800000000000178e-02
7.5000000000075148e-04, 7.5000000000005759e-04, 4.9775000000000045e-03, -3.1400000000000061e-01, -1.0850000000000047e-01, 1.6397500000000012e+00, -2.3712500000000043e+00, 7.1625000000000161e-01, 3.0249999999999777e-02, -2.2782500000000026e+00, 5.5650000000000110e-01, 9.7500000000000555e-03, 3.5350000000000065e-01, 4.1499999999999947e-02, -1.2095000000000025e+00, -2.0272500000000035e+00, 7.2050000000000169e-01, -8.2425000000000193e-02, -2.1822500000000038e+00, 9.0575000000000205e-01, -2.3499999999999259e-03
4.9999999999911183e-04, 7.5000000000005553e-04, 6.6100000000000082e-03, -3.0674999999999980e-01, -1.1549999999999884e-01, 1.6347499999999973e+00, -2.3797500000000005e+00, 7.5549999999999995e-01, 4.7500000000002358e-03, -2.2977499999999962e+00, 6.1924999999999986e-01, -2.9750000000000235e-02, 3.5374999999999956e-01, 4.3999999999999900e-02, -1.2644999999999988e+00, -2.0952499999999965e+00, 7.3524999999999918e-01, -9.3474999999999905e-02, -2.1929999999999987e+00, 7.7999999999999914e-01, 4.9875000000000051e-02
2.4999999999886203e-04, 9.9999999999995839e-04, 6.3049999999999990e-03, -2.9725000000000001e-01, -1.2174999999999814e-01, 1.6189999999999996e+00, -2.3724999999999974e+00, 7.8399999999999925e-01, -1.6499999999999834e-02, -2.2999999999999998e+00, 6.7674999999999896e-01, -6.5749999999999781e-02, 3.5649999999999954e-01, 5.4000000000000180e-02, -1.3156749999999990e+00, -2.1594999999999982e+00, 7.3874999999999991e-01, -1.0509999999999989e-01, -2.2027499999999987e+00, 6.5799999999999936e-01, 8.8249999999999884e-02
-2.4999999999886203e-04, 9.9999999999995839e-04, 4.4399999999999952e-03, -2.8599999999999987e-01, -1.2699999999999922e-01, 1.5950000000000006e+00, -2.3474999999999948e+00, 8.0274999999999863e-01, -3.3999999999999975e-02, -2.2875000000000014e+00, 7.2574999999999934e-01, -9.6499999999999281e-02, 3.6249999999999932e-01, 6.5749999999999781e-02, -1.3495999999999988e+00, -2.2182499999999976e+00, 7.3524999999999918e-01, -1.1507499999999980e-01, -2.2117499999999963e+00, 5.4947499999999949e-01, 1.1442499999999985e-01
-7.4999999999936164e-04, 4.9999999999980572e-04, 1.6074999999999928e-03, -2.7349999999999919e-01, -1.3075000000000159e-01, 1.5692499999999985e+00, -2.3124999999999987e+00, 8.1449999999999922e-01, -4.9499999999999850e-02, -2.2674999999999979e+00, 7.6400000000000012e-01, -1.2124999999999972e-01, 3.6950000000000005e-01, 6.9749999999999965e-02, -1.3584999999999987e+00, -2.2657499999999975e+00, 7.2599999999999965e-01, -1.2089999999999990e-01, -2.2137499999999983e+00, 4.5537499999999947e-01, 1.3147499999999987e-01
-1.0000000000010020e-03, 0.0000000000000000e+00, -1.3525000000000151e-03, -2.5950000000000051e-01, -1.3350000000000053e-01, 1.5485000000000029e+00, -2.2800000000000029e+00, 8.2150000000000156e-01, -6.3000000000000334e-02, -2.2450000000000014e+00, 7.9100000000000148e-01, -1.4000000000000082e-01, 3.7350000000000094e-01, 5.8500000000000330e-02, -1.3437200000000025e+00, -2.2947500000000054e+00, 7.1025000000000116e-01, -1.2052500000000020e-01, -2.2035000000000067e+00, 3.7340000000000084e-01, 1.4145000000000019e-01
-1.2499999999998647e-03, -2.4999999999990357e-04, -3.3850000000000048e-03, -2.4450000000000074e-01, -1.3574999999999862e-01, 1.5357500000000026e+00, -2.2550000000000057e+00, 8.2500000000000095e-01, -7.3750000000000343e-02, -2.2250000000000032e+00, 8.0825000000000080e-01, -1.5475000000000033e-01, 3.7100000000000050e-01, 3.0500000000000031e-02, -1.3153000000000024e+00, -2.3012500000000036e+00, 6.8625000000000069e-01, -1.1337500000000032e-01, -2.1750000000000034e+00, 3.0122500000000069e-01, 1.4462500000000023e-01
-9.9999999999961144e-04, -4.9999999999980572e-04, -3.9374999999999879e-03, -2.2974999999999990e-01, -1.3700000000000090e-01, 1.5294999999999990e+00, -2.2350000000000017e+00, 8.2499999999999996e-01, -8.2499999999999865e-02, -2.2049999999999996e+00, 8.1599999999999928e-01, -1.6624999999999959e-01, 3.6099999999999988e-01, -9.5000000000001247e-03, -1.2848549999999990e+00, -2.2854999999999994e+00, 6.5274999999999928e-01, -1.0092500000000006e-01, -2.1324999999999963e+00, 2.3732499999999981e-01, 1.4067499999999988e-01
-5.0000000000049961e-04, -5.0000000000015267e-04, -3.5850000000000001e-03, -2.1474999999999947e-01, -1.3775000000000026e-01, 1.5239999999999989e+00, -2.2099999999999933e+00, 8.2050000000000101e-01, -9.0249999999999969e-02, -2.1849999999999961e+00, 8.1524999999999992e-01, -1.7474999999999974e-01, 3.4474999999999961e-01, -5.2250000000000164e-02, -1.2585249999999990e+00, -2.2562499999999992e+00, 6.0824999999999918e-01, -8.6174999999999891e-02, -2.0824999999999965e+00, 1.7904999999999954e-01, 1.2979999999999994e-01
0.0000000000000000e+00, -5.0000000000015267e-04, -3.0374999999999994e-03, -1.9949999999999951e-01, -1.3749999999999862e-01, 1.5137499999999984e+00, -2.1774999999999971e+00, 8.1149999999999767e-01, -9.9000000000000046e-02, -2.1549999999999994e+00, 8.0599999999999905e-01, -1.8174999999999980e-01, 3.2324999999999965e-01, -8.8749999999999857e-02, -1.2345749999999991e+00, -2.2149999999999985e+00, 5.5224999999999946e-01, -7.1599999999999900e-02, -2.0249999999999972e+00, 1.2307499999999981e-01, 1.1325000000000006e-01
7.5000000000074942e-04, -2.4999999999990286e-04, -1.9799999999999922e-03, -1.8475000000000003e-01, -1.3624999999999876e-01, 1.4980000000000009e+00, -2.1375000000000015e+00, 7.9749999999999754e-01, -1.0949999999999978e-01, -2.1124999999999985e+00, 7.8849999999999965e-01, -1.8825000000000006e-01, 2.9674999999999951e-01, -1.1524999999999963e-01, -1.2069999999999987e+00, -2.1599999999999988e+00, 4.8749999999999999e-01, -5.7224999999999936e-02, -1.9624999999999986e+00, 6.6775000000000112e-02, 9.2774999999999899e-02
9.9999999999961426e-04, 0.0000000000000000e+00, -9.4999999999999775e-05, -1.6950000000000054e-01, -1.3450000000000153e-01, 1.4745000000000008e+00, -2.0925000000000011e+00, 7.7900000000000336e-01, -1.2099999999999980e-01, -2.0625000000000044e+00, 7.6625000000000032e-01, -1.9525000000000065e-01, 2.6575000000000054e-01, -1.3475000000000040e-01, -1.1722500000000022e+00, -2.1000000000000001e+00, 4.2000000000000104e-01, -4.0525000000000012e-02, -1.8925000000000061e+00, 8.7750000000001195e-03, 6.9350000000000092e-02
7.4999999999936370e-04, 2.4999999999990357e-04, 1.9524999999999874e-03, -1.5425000000000050e-01, -1.3175000000000017e-01, 1.4474999999999987e+00, -2.0400000000000014e+00, 7.5625000000000142e-01, -1.3350000000000053e-01, -2.0075000000000047e+00, 7.4225000000000130e-01, -2.0350000000000060e-01, 2.3075000000000084e-01, -1.5307500000000038e-01, -1.1320000000000021e+00, -2.0300000000000025e+00, 3.5625000000000029e-01, -1.8499999999999975e-02, -1.8125000000000036e+00, -5.1475000000000229e-02, 4.2749999999999989e-02
2.5000000000024981e-04, 7.5000000000005553e-04, 3.4050000000000065e-03, -1.3924999999999968e-01, -1.2800000000000022e-01, 1.4224999999999974e+00, -1.9800000000000022e+00, 7.2974999999999779e-01, -1.4550000000000035e-01, -1.9499999999999944e+00, 7.1899999999999953e-01, -2.1199999999999949e-01, 1.9474999999999962e-01, -1.7647499999999974e-01, -1.0919999999999990e+00, -1.9450000000000005e+00, 3.0124999999999985e-01, 9.4749999999999262e-03, -1.7224999999999975e+00, -1.1372499999999984e-01, 1.2399999999999901e-02
-2.5000000000024981e-04, 7.5000000000005553e-04, 3.9275000000000039e-03, -1.2399999999999969e-01, -1.2400000000000178e-01, 1.3950000000000005e+00, -1.9174999999999980e+00, 7.0050000000000046e-01, -1.5499999999999944e-01, -1.8925000000000007e+00, 6.9849999999999846e-01, -2.1949999999999936e-01, 1.6124999999999945e-01, -2.0794999999999997e-01, -1.0564999999999996e+00, -1.8574999999999993e+00, 2.5850000000000017e-01, 4.0349999999999900e-02, -1.6250000000000027e+00, -1.7607499999999968e-01, -2.1249999999999897e-02
-4.9999999999911183e-04, 5.0000000000015267e-04, 3.3249999999999829e-03, -1.0925000000000022e-01, -1.1999999999999778e-01, 1.3624999999999987e+00, -1.8524999999999943e+00, 6.6899999999999959e-01, -1.6099999999999989e-01, -1.8375000000000015e+00, 6.8049999999999999e-01, -2.2450000000000020e-01, 1.3200000000000006e-01, -2.4459999999999982e-01, -1.0249999999999992e+00, -1.7649999999999983e+00, 2.2874999999999959e-01, 6.8874999999999950e-02, -1.5199999999999978e+00, -2.3370000000000002e-01, -5.5999999999999925e-02
-7.4999999999936164e-04, 2.5000000000024981e-04, 1.9499999999999969e-03, -9.5250000000000112e-02, -1.1524999999999998e-01, 1.3224999999999976e+00, -1.7800000000000022e+00, 6.3724999999999976e-01, -1.6325000000000006e-01, -1.7774999999999970e+00, 6.6549999999999887e-01, -2.2624999999999987e-01, 1.0775000000000011e-01, -2.8117499999999956e-01, -9.9449999999999872e-01, -1.6699999999999977e+00, 2.0949999999999977e-01, 9.0199999999999919e-02, -1.4199999999999977e+00, -2.7992499999999970e-01, -8.8224999999999859e-02
-1.0000000000009992e-03, 0.0000000000000000e+00, 7.5999999999999614e-04, -8.2249999999999615e-02, -1.1050000000000217e-01, 1.2775000000000025e+00, -1.7000000000000000e+00, 6.0574999999999879e-01, -1.6249999999999931e-01, -1.7099999999999989e+00, 6.5274999999999861e-01, -2.2474999999999976e-01, 8.9749999999999469e-02, -3.1344999999999956e-01, -9.5999999999999885e-01, -1.5774999999999970e+00, 1.9549999999999967e-01, 1.0164999999999991e-01, -1.3324999999999965e+00, -3.0957499999999949e-01, -1.1437499999999996e-01
-9.9999999999961144e-04, 0.0000000000000000e+00, 8.2500000000008714e-05, -6.9999999999999868e-02, -1.0624999999999930e-01, 1.2225000000000030e+00, -1.6124999999999987e+00, 5.7524999999999882e-01, -1.6050000000000009e-01, -1.6375000000000013e+00, 6.4125000000000099e-01, -2.2050000000000036e-01, 7.9250000000000084e-02, -3.3982499999999988e-01, -9.1849999999999909e-01, -1.4850000000000017e+00, 1.7924999999999938e-01, 1.0247499999999987e-01, -1.2549999999999994e+00, -3.2142499999999991e-01, -1.3217499999999988e-01
-2.5000000000024981e-04, 0.0000000000000000e+00, -7.2250000000000200e-04, -5.8999999999999969e-02, -1.0199999999999922e-01, 1.1524999999999996e+00, -1.5149999999999983e+00, 5.4600000000000160e-01, -1.5899999999999997e-01, -1.5524999999999942e+00, 6.2900000000000122e-01, -2.1524999999999928e-01, 7.8000000000000222e-02, -3.6022499999999980e-01, -8.7099999999999878e-01, -1.3875000000000013e+00, 1.5525000000000039e-01, 9.2399999999999871e-02, -1.1875000000000013e+00, -3.1804999999999967e-01, -1.4047499999999985e-01
7.4999999999936164e-04, -2.5000000000024981e-04, -1.7875000000000080e-03, -4.8999999999999697e-02, -9.7749999999999143e-02, 1.0774999999999970e+00, -1.4099999999999988e+00, 5.1625000000000099e-01, -1.5749999999999986e-01, -1.4524999999999941e+00, 6.1074999999999824e-01, -2.0899999999999927e-01, 8.4750000000000034e-02, -3.7419999999999953e-01, -8.1974999999999887e-01, -1.2849999999999961e+00, 1.2199999999999978e-01, 7.1575000000000041e-02, -1.1299999999999966e+00, -3.0327499999999946e-01, -1.3840000000000002e-01
1.5000000000001193e-03, -2.5000000000025121e-04, -2.1974999999999920e-03, -3.9750000000000389e-02, -9.2999999999999070e-02, 9.9500000000000055e-01, -1.3000000000000071e+00, 4.8425000000000223e-01, -1.5500000000000100e-01, -1.3475000000000077e+00, 5.8200000000000185e-01, -2.0175000000000148e-01, 9.5750000000000446e-02, -3.8067500000000171e-01, -7.6700000000000457e-01, -1.1850000000000027e+00, 8.1750000000000253e-02, 4.1500000000000238e-02, -1.0775000000000030e+00, -2.7975000000000144e-01, -1.2562500000000046e-01
1.7500000000003706e-03, -2.4999999999990427e-04, -1.4575000000000028e-03, -3.1500000000000423e-02, -8.6749999999999730e-02, 9.1000000000000392e-01, -1.1850000000000027e+00, 4.4824999999999937e-01, -1.5075000000000019e-01, -1.2350000000000085e+00, 5.4100000000000237e-01, -1.9325000000000125e-01, 1.0525000000000027e-01, -3.7822500000000170e-01, -7.1325000000000327e-01, -1.0850000000000077e+00, 3.7750000000000457e-02, 5.9499999999999068e-03, -1.0250000000000030e+00, -2.5075000000000147e-01, -1.0395000000000036e-01
1.0000000000009992e-03, -2.4999999999990286e-04, -3.2750000000000633e-04, -2.3999999999999695e-02, -7.9000000000001222e-02, 8.3000000000000218e-01, -1.0699999999999978e+00, 4.0725000000000028e-01, -1.4374999999999999e-01, -1.1149999999999984e+00, 4.8924999999999896e-01, -1.8249999999999986e-01, 1.0775000000000011e-01, -3.6464999999999970e-01, -6.5849999999999875e-01, -9.8750000000000138e-01, -8.7500000000004172e-03, -3.0050000000000014e-02, -9.7750000000000248e-01, -2.2124999999999972e-01, -7.8675000000000023e-02
2.5000000000024981e-04, 0.0000000000000000e+00, 2.0750000000000350e-04, -1.6999999999999640e-02, -7.0250000000002200e-02, 7.5499999999999945e-01, -9.5999999999999885e-01, 3.6224999999999974e-01, -1.3524999999999984e-01, -9.9750000000000028e-01, 4.3174999999999980e-01, -1.7024999999999943e-01, 1.0174999999999966e-01, -3.3852499999999980e-01, -6.0475000000000056e-01, -8.9499999999999502e-01, -5.6499999999999558e-02, -6.2274999999999948e-02, -9.2750000000000254e-01, -1.9749999999999993e-01, -5.7099999999999984e-02
-2.5000000000024981e-04, 0.0000000000000000e+00, 6.2499999999997399e-05, -1.0500000000000084e-02, -6.0750000000001025e-02, 6.7999999999999672e-01, -8.5249999999999970e-01, 3.1524999999999720e-01, -1.2749999999999972e-01, -8.8750000000000140e-01, 3.7500000000000000e-01, -1.5774999999999942e-01, 8.8749999999999857e-02, -3.0259999999999976e-01, -5.5399999999999983e-01, -8.0499999999999949e-01, -1.0174999999999966e-01, -8.8024999999999826e-02, -8.6999999999999778e-01, -1.8425000000000022e-01, -4.4674999999999881e-02
-7.5000000000074942e-04, 0.0000000000000000e+00, 2.4999999999851509e-06, -4.5000000000003327e-03, -5.1499999999998720e-02, 6.0499999999999943e-01, -7.4750000000000028e-01, 2.6850000000000185e-01, -1.2175000000000022e-01, -7.7999999999999670e-01, 3.2400000000000179e-01, -1.4574999999999991e-01, 7.5250000000000247e-02, -2.6487499999999975e-01, -5.0624999999999931e-01, -7.1750000000000358e-01, -1.3850000000000032e-01, -1.0537499999999982e-01, -8.0749999999999922e-01, -1.8099999999999974e-01, -4.1850000000000012e-02
-9.9999999999961144e-04, 2.4999999999990286e-04, 7.4999999999999047e-04, 1.5000000000001111e-03, -4.2999999999998553e-02, 5.3250000000000197e-01, -6.4250000000000085e-01, 2.2525000000000164e-01, -1.1799999999999994e-01, -6.7249999999999754e-01, 2.8150000000000092e-01, -1.3399999999999998e-01, 6.9249999999999812e-02, -2.3449749999999975e-01, -4.6074999999999966e-01, -6.3750000000000140e-01, -1.5774999999999942e-01, -1.1202499999999987e-01, -7.3500000000000165e-01, -1.8024999999999969e-01, -4.3950000000000024e-02
-7.4999999999936164e-04, 5.0000000000015267e-04, 2.1875000000000176e-03, 7.0000000000000557e-03, -3.5499999999999386e-02, 4.5499999999999946e-01, -5.4000000000000115e-01, 1.8824999999999797e-01, -1.1549999999999953e-01, -5.7500000000000273e-01, 2.4874999999999736e-01, -1.2225000000000003e-01, 7.3499999999999885e-02, -2.1553499999999981e-01, -4.1699999999999893e-01, -5.6749999999999801e-01, -1.4999999999999999e-01, -1.0587499999999997e-01, -6.5999999999999892e-01, -1.6974999999999962e-01, -4.4574999999999955e-02
-2.5000000000024981e-04, 5.0000000000015267e-04, 3.5124999999999970e-03, 1.1749999999999945e-02, -2.9750000000000582e-02, 3.7999999999999667e-01, -4.4500000000000056e-01, 1.5949999999999839e-01, -1.1325000000000006e-01, -4.8500000000000165e-01, 2.2649999999999873e-01, -1.1099999999999989e-01, 8.6250000000000132e-02, -2.0533124999999983e-01, -3.7599999999999961e-01, -5.1249999999999862e-01, -1.1050000000000008e-01, -8.6500000000000035e-02, -5.8749999999999580e-01, -1.3974999999999949e-01, -3.9425000000000016e-02
2.5000000000024981e-04, 4.9999999999980572e-04, 4.2024999999999970e-03, 1.5749999999999778e-02, -2.6000000000000998e-02, 3.0749999999999916e-01, -3.5999999999999888e-01, 1.4050000000000162e-01, -1.1099999999999989e-01, -3.9999999999999447e-01, 2.1450000000000061e-01, -1.0124999999999987e-01, 1.0249999999999972e-01, -1.9842499999999982e-01, -3.4149999999999986e-01, -4.7249999999999748e-01, -4.3499999999999747e-02, -5.6024999999999950e-02, -5.1749999999999807e-01, -8.6499999999999688e-02, -2.7949999999999999e-02
2.5000000000024981e-04, 4.9999999999980572e-04, 4.4025000000000010e-03, 1.8999999999999555e-02, -2.3750000000000139e-02, 2.4000000000000110e-01, -2.8249999999999637e-01, 1.3150000000000095e-01, -1.0899999999999997e-01, -3.2749999999999696e-01, 2.1174999999999924e-01, -9.4500000000000056e-02, 1.1724999999999988e-01, -1.9078374999999984e-01, -3.1849999999999906e-01, -4.3999999999999556e-01, 3.6250000000000136e-02, -1.9224999999999954e-02, -4.5749999999999919e-01, -1.5249999999999972e-02, -1.2724999999999877e-02
2.4999999999886203e-04, 5.0000000000015267e-04, 4.2999999999999818e-03, 2.1250000000000418e-02, -2.2749999999999139e-02, 1.8000000000000221e-01, -2.1749999999999806e-01, 1.3024999999999831e-01, -1.0775000000000011e-01, -2.7000000000000335e-01, 2.1500000000000111e-01, -9.1499999999999831e-02, 1.2750000000000042e-01, -1.8113999999999986e-01, -3.1049999999999939e-01, -4.1499999999999831e-01, 1.1099999999999989e-01, 1.7950000000000067e-02, -4.0249999999999975e-01, 6.1499999999999694e-02, 2.3000000000000429e-03
4.9999999999911465e-04, 5.0000000000015548e-04, 3.9700000000000334e-03, 2.2750000000000655e-02, -2.2500000000000402e-02, 1.3000000000000295e-01, -1.7000000000000429e-01, 1.3275000000000153e-01, -1.0699999999999996e-01, -2.2500000000000403e-01, 2.1975000000000292e-01, -9.1500000000000345e-02, 1.3050000000000067e-01, -1.7046250000000079e-01, -3.1675000000000186e-01, -3.9250000000000301e-01, 1.6600000000000026e-01, 5.0450000000000210e-02, -3.5250000000000170e-01, 1.2875000000000031e-01, 1.3375000000000081e-02
5.0000000000050243e-04, 4.9999999999980854e-04, 3.6625000000000151e-03, 2.3749999999999577e-02, -2.2750000000002043e-02, 9.7500000000000822e-02, -1.3750000000000215e-01, 1.3675000000000279e-01, -1.0600000000000034e-01, -1.9000000000000217e-01, 2.2275000000000036e-01, -9.3500000000000957e-02, 1.2699999999999992e-01, -1.6055000000000078e-01, -3.3050000000000179e-01, -3.6500000000000593e-01, 1.9475000000000070e-01, 7.5975000000000362e-02, -3.0250000000000138e-01, 1.7375000000000040e-01, 1.8200000000000070e-02
5.0000000000049961e-04, 5.0000000000015267e-04, 3.2324999999999902e-03, 2.3749999999999445e-02, -2.3249999999999639e-02, 7.2499999999997497e-02, -1.1499999999999834e-01, 1.3974999999999949e-01, -1.0500000000000013e-01, -1.6499999999999834e-01, 2.2249999999999751e-01, -9.6000000000000169e-02, 1.1950000000000005e-01, -1.5204999999999988e-01, -3.4249999999999947e-01, -3.3250000000000196e-01, 2.0100000000000032e-01, 9.5025000000000054e-02, -2.5000000000000000e-01, 1.9149999999999984e-01, 1.7024999999999839e-02
2.5000000000024981e-04, 2.5000000000024981e-04, 1.9424999999999980e-03, 2.3500000000000583e-02, -2.3499999999998501e-02, 5.4999999999999445e-02, -1.0000000000000001e-01, 1.4049999999999885e-01, -1.0350000000000002e-01, -1.4749999999999472e-01, 2.1950000000000006e-01, -9.7999999999999393e-02, 1.0949999999999978e-01, -1.4342499999999986e-01, -3.4750000000000025e-01, -3.0249999999999971e-01, 1.9349999999999976e-01, 1.0894999999999992e-01, -2.0499999999999943e-01, 1.8575000000000033e-01, 1.2675000000000002e-02
-2.5000000000024981e-04, -2.5000000000024981e-04, -5.2750000000001103e-04, 2.2750000000000527e-02, -2.3499999999998501e-02, 4.7500000000000278e-02, -9.2499999999995280e-02, 1.3974999999999949e-01, -1.0199999999999991e-01, -1.3500000000000167e-01, 2.1475000000000224e-01, -9.9249999999999949e-02, 9.8499999999999893e-02, -1.3229999999999983e-01, -3.4450000000000003e-01, -2.7999999999999670e-01, 1.8074999999999949e-01, 1.1844999999999987e-01, -1.7000000000000334e-01, 1.6775000000000004e-01, 9.3749999999999997e-03
-5.0000000000049961e-04, -7.5000000000005553e-04, -3.5824999999999932e-03, 2.1499999999999971e-02, -2.3750000000000139e-02, 4.2500000000000836e-02, -8.7499999999995831e-02, 1.3700000000000090e-01, -1.0150000000000012e-01, -1.2750000000000250e-01, 2.0924999999999952e-01, -9.9500000000000199e-02, 8.8000000000000494e-02, -1.1884999999999993e-01, -3.3475000000000005e-01, -2.5999999999999890e-01, 1.6799999999999995e-01, 1.2322499999999979e-01, -1.4999999999999999e-01, 1.5199999999999958e-01, 1.1024999999999913e-02
-7.4999999999936164e-04, -9.9999999999995839e-04, -6.1649999999999847e-03, 1.9999999999999862e-02, -2.4250000000000639e-02, 4.0000000000001111e-02, -8.5000000000001671e-02, 1.3299999999999967e-01, -1.0174999999999966e-01, -1.2499999999999722e-01, 2.0299999999999746e-01, -9.8999999999999699e-02, 7.8749999999999584e-02, -1.0707499999999996e-01, -3.1999999999999917e-01, -2.4000000000000110e-01, 1.5575000000000019e-01, 1.2312499999999986e-01, -1.4999999999999999e-01, 1.4974999999999974e-01, 1.9300000000000029e-02
-9.9999999999961144e-04, -9.9999999999995839e-04, -7.3749999999999961e-03, 1.7999999999999943e-02, -2.4250000000000639e-02, 4.2499999999995285e-02, -8.7500000000006933e-02, 1.2874999999999959e-01, -1.0299999999999952e-01, -1.2500000000000278e-01, 1.9599999999999879e-01, -9.6999999999999781e-02, 7.2250000000000023e-02, -1.0189999999999991e-01, -3.0074999999999935e-01, -2.1999999999999778e-01, 1.4400000000000024e-01, 1.1862499999999987e-01, -1.5999999999999889e-01, 1.6474999999999981e-01, 3.2974999999999990e-02
-5.0000000000049961e-04, -9.9999999999995839e-04, -7.2249999999999988e-03, 1.6000000000000028e-02, -2.3999999999999001e-02, 4.7500000000000278e-02, -9.5000000000000556e-02, 1.2375000000000014e-01, -1.0450000000000033e-01, -1.2749999999999695e-01, 1.8875000000000125e-01, -9.3999999999999556e-02, 6.9750000000000312e-02, -1.0489999999999995e-01, -2.7800000000000025e-01, -2.0249999999999974e-01, 1.3299999999999967e-01, 1.1049999999999990e-01, -1.7499999999999721e-01, 1.9424999999999981e-01, 4.8650000000000040e-02
0.0000000000000000e+00, -1.0000000000003053e-03, -6.7374999999999883e-03, 1.4249999999999667e-02, -2.3750000000000139e-02, 5.7500000000004721e-02, -1.0249999999999417e-01, 1.1899999999999955e-01, -1.0500000000000013e-01, -1.3250000000000195e-01, 1.8124999999999930e-01, -9.0249999999999969e-02, 6.9749999999998924e-02, -1.1254999999999987e-01, -2.5624999999999931e-01, -1.8500000000000166e-01, 1.2274999999999983e-01, 9.9875000000000047e-02, -1.9500000000000056e-01, 2.2949999999999998e-01, 6.2449999999999950e-02
5.0000000000049961e-04, -9.9999999999995839e-04, -6.8174999999999902e-03, 1.2249999999999751e-02, -2.3250000000002415e-02, 6.7499999999998062e-02, -1.0999999999999889e-01, 1.1524999999999998e-01, -1.0474999999999988e-01, -1.4250000000000082e-01, 1.7474999999999835e-01, -8.6000000000000576e-02, 7.0249999999999424e-02, -1.1934999999999990e-01, -2.4024999999999858e-01, -1.6499999999999834e-01, 1.1199999999999950e-01, 8.7749999999999898e-02, -2.1749999999999806e-01, 2.6072499999999960e-01, 7.1599999999999900e-02
5.0000000000049961e-04, -1.2499999999998612e-03, -7.1700000000000002e-03, 1.0249999999999834e-02, -2.2999999999998001e-02, 7.2499999999997497e-02, -1.1750000000000360e-01, 1.1275000000000025e-01, -1.0274999999999997e-01, -1.5249999999999972e-01, 1.6950000000000007e-01, -8.2500000000000559e-02, 7.0500000000001048e-02, -1.2264999999999991e-01, -2.3125000000000070e-01, -1.4999999999999999e-01, 9.8249999999999643e-02, 7.4475000000000000e-02, -2.3250000000000196e-01, 2.8004999999999985e-01, 7.4799999999999978e-02
0.0000000000000000e+00, -1.2499999999998612e-03, -6.6649999999999852e-03, 8.7500000000004172e-03, -2.2999999999998001e-02, 8.0000000000002222e-02, -1.2500000000000833e-01, 1.1174999999999925e-01, -9.8749999999999449e-02, -1.5749999999999917e-01, 1.6600000000000212e-01, -7.9499999999998947e-02, 7.0249999999999424e-02, -1.2354999999999977e-01, -2.2749999999999973e-01, -1.3500000000000167e-01, 7.8250000000000472e-02, 5.9599999999999875e-02, -2.4000000000000110e-01, 2.8252499999999986e-01, 7.1924999999999878e-02
-2.5000000000025121e-04, -7.5000000000005965e-04, -4.5900000000000194e-03, 7.7500000000001543e-03, -2.3000000000000905e-02, 8.7500000000001868e-02, -1.3250000000000267e-01, 1.1225000000000038e-01, -9.3250000000000707e-02, -1.5999999999999423e-01, 1.6425000000000267e-01, -7.6749999999999402e-02, 6.9749999999999299e-02, -1.2337500000000062e-01, -2.2500000000000125e-01, -1.1499999999999898e-01, 5.0250000000000530e-02, 4.2399999999999924e-02, -2.4500000000000191e-01, 2.6905000000000112e-01, 6.3725000000000365e-02
-5.0000000000050243e-04, 0.0000000000000000e+00, -1.1600000000000119e-03, 7.2499999999996517e-03, -2.3000000000000905e-02, 9.0000000000001606e-02, -1.3999999999999635e-01, 1.1424999999999960e-01, -8.6000000000001062e-02, -1.6500000000000481e-01, 1.6400000000000103e-01, -7.5000000000000414e-02, 6.7250000000000962e-02, -1.2050000000000068e-01, -2.1975000000000292e-01, -9.7500000000000822e-02, 1.7499999999999544e-02, 2.2975000000000186e-02, -2.4000000000000243e-01, 2.4425000000000116e-01, 5.1725000000000278e-02
-5.0000000000049961e-04, 5.0000000000015267e-04, 2.7575000000000143e-03, 6.7499999999998056e-03, -2.3500000000001277e-02, 8.9999999999995556e-02, -1.4250000000000082e-01, 1.1674999999999870e-01, -7.8499999999999334e-02, -1.7249999999999749e-01, 1.6524999999999998e-01, -7.3750000000000135e-02, 6.0500000000000775e-02, -1.1184999999999987e-01, -2.1149999999999761e-01, -8.2500000000001947e-02, -1.4499999999999917e-02, 2.9000000000001221e-03, -2.2999999999999668e-01, 2.1390000000000001e-01, 3.8099999999999905e-02
-7.5000000000074942e-04, 7.4999999999970858e-04, 6.0624999999999863e-03, 5.7500000000001942e-03, -2.4250000000000639e-02, 8.9999999999995556e-02, -1.4250000000000082e-01, 1.1850000000000183e-01, -7.1749999999999522e-02, -1.7249999999999749e-01, 1.6774999999999970e-01, -7.1500000000000660e-02, 5.0000000000000003e-02, -9.7574999999999829e-02, -2.0024999999999887e-01, -6.9999999999997786e-02, -3.8749999999999861e-02, -1.4775000000000191e-02, -2.1999999999999778e-01, 1.8304999999999971e-01, 2.5525000000000003e-02
-7.4999999999936164e-04, 1.2499999999998612e-03, 7.9274999999999884e-03, 4.5000000000003327e-03, -2.4749999999998364e-02, 9.0000000000001107e-02, -1.4499999999999499e-01, 1.1875000000000069e-01, -6.6500000000000531e-02, -1.7500000000000276e-01, 1.7174999999999815e-01, -6.7499999999999449e-02, 3.8499999999999611e-02, -8.2849999999999868e-02, -1.8400000000000066e-01, -6.2499999999998612e-02, -4.9500000000000197e-02, -2.6649999999999913e-02, -2.0749999999999916e-01, 1.5647499999999953e-01, 1.6725000000000059e-02
-2.4999999999886203e-04, 1.2500000000002082e-03, 8.0525000000000058e-03, 3.2499999999997778e-03, -2.5500000000000498e-02, 9.0000000000001107e-02, -1.4499999999999499e-01, 1.1774999999999969e-01, -6.3250000000000056e-02, -1.8000000000000221e-01, 1.7499999999999999e-01, -6.1999999999999500e-02, 2.8999999999999835e-02, -7.4549999999999894e-02, -1.6174999999999926e-01, -6.0000000000004439e-02, -4.3249999999999497e-02, -3.0749999999999847e-02, -1.9000000000000111e-01, 1.3884999999999997e-01, 1.3750000000000035e-02
0.0000000000000000e+00, 7.5000000000005553e-04, 6.5199999999999789e-03, 1.5000000000001111e-03, -2.6000000000000998e-02, 9.0000000000001107e-02, -1.4750000000000027e-01, 1.1599999999999934e-01, -6.1249999999999444e-02, -1.8249999999999639e-01, 1.7624999999999985e-01, -5.5000000000000833e-02, 2.1999999999999777e-02, -7.6699999999999963e-02, -1.3549999999999940e-01, -5.4999999999999445e-02, -2.1000000000000168e-02, -2.7324999999999895e-02, -1.6750000000000362e-01, 1.3290000000000007e-01, 1.7074999999999889e-02
-2.5000000000024981e-04, 4.9999999999980572e-04, 3.8074999999999793e-03, 2.5000000000024981e-04, -2.6249999999999860e-02, 9.5000000000000556e-02, -1.5500000000000499e-01, 1.1400000000000012e-01, -5.9750000000000025e-02, -1.9000000000000111e-01, 1.7499999999999721e-01, -4.7750000000000528e-02, 1.5249999999999972e-02, -8.9275000000000035e-02, -1.1099999999999989e-01, -4.5000000000000553e-02, 1.1999999999999501e-02, -1.8500000000000096e-02, -1.3750000000000140e-01, 1.3694999999999979e-01, 2.5049999999999878e-02
-5.0000000000049961e-04, 2.4999999999990286e-04, 8.9750000000000344e-04, 0.0000000000000000e+00, -2.6249999999999860e-02, 1.0499999999999944e-01, -1.6249999999999862e-01, 1.1275000000000025e-01, -5.8500000000000170e-02, -2.0000000000000001e-01, 1.7074999999999993e-01, -4.1499999999999836e-02, 5.4999999999999442e-03, -1.1019999999999995e-01, -9.4000000000002332e-02, -3.5000000000001669e-02, 4.7750000000000528e-02, -7.2000000000002557e-03, -1.0249999999999972e-01, 1.4544999999999980e-01, 3.4400000000000028e-02
-2.5000000000024981e-04, 0.0000000000000000e+00, -9.7249999999999160e-04, -5.0000000000049961e-04, -2.6249999999999860e-02, 1.1749999999999805e-01, -1.7500000000000276e-01, 1.1400000000000012e-01, -5.7249999999999614e-02, -2.1249999999999306e-01, 1.6600000000000212e-01, -3.6500000000000386e-02, -8.7500000000004172e-03, -1.3659999999999997e-01, -8.7750000000000244e-02, -1.4999999999998334e-02, 7.7250000000000166e-02, 3.7500000000002774e-03, -5.9999999999998888e-02, 1.5237499999999995e-01, 4.2324999999999967e-02
-2.5000000000024981e-04, 0.0000000000000000e+00, -9.2250000000000665e-04, -7.5000000000005553e-04, -2.6750000000000360e-02, 1.3000000000000222e-01, -1.9250000000000639e-01, 1.1825000000000019e-01, -5.5499999999999945e-02, -2.2250000000000306e-01, 1.6275000000000026e-01, -3.3249999999999919e-02, -2.7749999999999973e-02, -1.6462499999999969e-01, -9.0999999999999331e-02, 1.4999999999998334e-02, 9.6249999999999725e-02, 1.2225000000000073e-02, -9.9999999999988900e-03, 1.5489999999999987e-01, 4.8524999999999915e-02
0.0000000000000000e+00, 2.5000000000024981e-04, 1.0025000000000086e-03, -7.4999999999936164e-04, -2.7499999999999723e-02, 1.3750000000000140e-01, -2.0499999999999943e-01, 1.2599999999999822e-01, -5.2500000000000414e-02, -2.3000000000000778e-01, 1.6124999999999876e-01, -3.1499999999999556e-02, -5.0249999999998865e-02, -1.8962499999999968e-01, -1.0150000000000151e-01, 4.2500000000000836e-02, 1.0575000000000019e-01, 1.7699999999999990e-02, 3.5000000000001669e-02, 1.5487499999999985e-01, 5.5374999999999994e-02
7.5000000000075354e-04, 5.0000000000015548e-04, 3.7100000000000371e-03, -1.2499999999998682e-03, -2.8749999999999745e-02, 1.3749999999999660e-01, -2.1249999999999425e-01, 1.3650000000000115e-01, -4.7250000000000292e-02, -2.3750000000000271e-01, 1.6200000000000178e-01, -3.0750000000000364e-02, -7.4499999999999914e-02, -2.0787500000000103e-01, -1.1575000000000112e-01, 6.7500000000003987e-02, 1.1350000000000024e-01, 2.1575000000000167e-02, 7.2500000000003451e-02, 1.5700000000000075e-01, 6.6075000000000300e-02
1.2499999999998682e-03, 7.4999999999971270e-04, 5.2775000000000157e-03, -2.0000000000006219e-03, -2.9999999999999610e-02, 1.3250000000000267e-01, -2.1749999999999373e-01, 1.4775000000000274e-01, -4.0250000000000195e-02, -2.3499999999999741e-01, 1.6325000000000164e-01, -2.9500000000000498e-02, -9.8750000000000684e-02, -2.1930000000000108e-01, -1.2925000000000081e-01, 9.0000000000001606e-02, 1.3050000000000067e-01, 2.6750000000000163e-02, 1.0250000000000029e-01, 1.6570000000000082e-01, 8.2075000000000412e-02
1.5000000000001111e-03, 7.5000000000005553e-04, 3.9749999999999820e-03, -2.5000000000004164e-03, -3.0749999999998806e-02, 1.2500000000000278e-01, -2.1750000000000361e-01, 1.5774999999999803e-01, -3.2499999999999862e-02, -2.2750000000000251e-01, 1.6324999999999798e-01, -2.6249999999999860e-02, -1.2074999999999991e-01, -2.2812499999999966e-01, -1.3899999999999735e-01, 1.0000000000000001e-01, 1.6424999999999967e-01, 3.6674999999999867e-02, 1.2249999999999750e-01, 1.8279999999999982e-01, 1.0222499999999997e-01
1.2499999999998612e-03, 0.0000000000000000e+00, -5.2999999999999619e-04, -2.9999999999995282e-03, -3.0499999999999944e-02, 1.1499999999999834e-01, -2.1750000000000361e-01, 1.6449999999999784e-01, -2.6249999999999860e-02, -2.2250000000000306e-01, 1.6074999999999826e-01, -1.9249999999999805e-02, -1.3925000000000037e-01, -2.4104999999999974e-01, -1.4374999999999791e-01, 9.7500000000000281e-02, 2.1799999999999961e-01, 5.3649999999999830e-02, 1.3999999999999557e-01, 2.0669999999999975e-01, 1.2372499999999977e-01
4.9999999999911183e-04, -9.9999999999995839e-04, -7.2674999999999849e-03, -3.7499999999995835e-03, -2.9250000000000085e-02, 1.0999999999999889e-01, -2.1749999999999250e-01, 1.6675000000000148e-01, -2.4500000000000195e-02, -2.1499999999999833e-01, 1.5475000000000058e-01, -7.2500000000003057e-03, -1.5325000000000047e-01, -2.6367499999999977e-01, -1.4574999999999991e-01, 9.2500000000000832e-02, 2.8800000000000014e-01, 7.7900000000000122e-02, 1.5999999999999889e-01, 2.3399999999999979e-01, 1.4374999999999982e-01
-2.5000000000024981e-04, -2.2499999999998194e-03, -1.4567499999999994e-02, -4.7499999999998889e-03, -2.7499999999999723e-02, 1.0999999999999889e-01, -2.1750000000000361e-01, 1.6400000000000012e-01, -2.7999999999999529e-02, -2.0999999999999888e-01, 1.4675000000000091e-01, 8.7500000000004172e-03, -1.6275000000000026e-01, -2.9754999999999965e-01, -1.4975000000000113e-01, 8.7499999999995831e-02, 3.6699999999999966e-01, 1.0792499999999994e-01, 1.7750000000000249e-01, 2.6159999999999978e-01, 1.6062500000000005e-01
-9.9999999999961144e-04, -3.2500000000001248e-03, -2.0157499999999967e-02, -6.2500000000000003e-03, -2.5250000000001639e-02, 1.1499999999999834e-01, -2.2500000000000833e-01, 1.5725000000000031e-01, -3.2750000000000112e-02, -2.1249999999999306e-01, 1.3875000000000126e-01, 2.5000000000000001e-02, -1.6949999999999868e-01, -3.3909999999999985e-01, -1.6050000000000217e-01, 8.2499999999996396e-02, 4.4514999999999966e-01, 1.4044999999999982e-01, 1.9750000000000029e-01, 2.8722499999999979e-01, 1.7354999999999993e-01
-1.5000000000001111e-03, -3.7499999999999305e-03, -2.1489999999999967e-02, -8.0000000000003610e-03, -2.3249999999999639e-02, 1.2500000000000278e-01, -2.3249999999999085e-01, 1.4800000000000077e-01, -3.2250000000000306e-02, -2.1999999999999778e-01, 1.3324999999999854e-01, 3.6750000000000636e-02, -1.7524999999999885e-01, -3.8149999999999989e-01, -1.7949999999999894e-01, 8.2500000000001947e-02, 5.1107499999999961e-01, 1.7064999999999983e-01, 2.1499999999999833e-01, 3.0855249999999973e-01, 1.8159999999999965e-01
-2.0000000000006107e-03, -3.7499999999999305e-03, -1.6790000000000020e-02, -9.5000000000004716e-03, -2.2749999999999139e-02, 1.3750000000000140e-01, -2.3999999999999555e-01, 1.3899999999999735e-01, -2.0999999999999474e-02, -2.3250000000000196e-01, 1.3299999999999967e-01, 4.0500000000000223e-02, -1.8075000000000019e-01, -4.1624999999999995e-01, -2.0624999999999930e-01, 9.0000000000001107e-02, 5.5539999999999945e-01, 1.9339999999999966e-01, 2.3250000000000196e-01, 3.2226999999999972e-01, 1.8317499999999984e-01
-3.4999999999993339e-03, -2.5000000000000694e-03, -5.6200000000000121e-03, -1.0749999999999638e-02, -2.3750000000000139e-02, 1.4250000000000082e-01, -2.4250000000000083e-01, 1.3324999999999854e-01, 1.0000000000003053e-03, -2.4500000000000610e-01, 1.3975000000000226e-01, 3.5499999999999386e-02, -1.8500000000000028e-01, -4.3599999999999922e-01, -2.3849999999999960e-01, 1.0499999999999944e-01, 5.7087499999999936e-01, 2.0522499999999966e-01, 2.5249999999999972e-01, 3.2453249999999972e-01, 1.7629999999999990e-01
-6.7499999999998056e-03, 9.9999999999995839e-04, 1.1322500000000011e-02, -1.1749999999999945e-02, -2.5749999999999360e-02, 1.3750000000000140e-01, -2.3499999999999610e-01, 1.3275000000000081e-01, 2.6999999999999916e-02, -2.5000000000000555e-01, 1.5425000000000008e-01, 2.3000000000000777e-02, -1.8650000000000039e-01, -4.3824999999999936e-01, -2.6950000000000007e-01, 1.3500000000000167e-01, 5.5547499999999939e-01, 2.0542499999999986e-01, 2.7499999999999725e-01, 3.1284749999999978e-01, 1.5954999999999983e-01
-1.3749999999999861e-02, 7.4999999999998609e-03, 3.1647499999999981e-02, -1.1749999999999945e-02, -2.9000000000001223e-02, 1.2249999999999750e-01, -2.1750000000000361e-01, 1.3700000000000090e-01, 4.7250000000000028e-02, -2.4499999999999500e-01, 1.7424999999999785e-01, 7.0000000000000557e-03, -1.8399999999999997e-01, -4.2349999999999988e-01, -2.9050000000000159e-01, 1.7750000000000249e-01, 5.1219999999999954e-01, 1.9499999999999987e-01, 3.0999999999999889e-01, 2.8778999999999977e-01, 1.3259999999999997e-01
-2.5999999999999610e-02, 1.7249999999999890e-02, 5.0912499999999958e-02, -1.1499999999999694e-02, -3.2500000000001944e-02, 9.0000000000001107e-02, -1.8750000000000694e-01, 1.4349999999999904e-01, 5.3249999999999777e-02, -2.2499999999999723e-01, 1.9424999999999842e-01, -8.0000000000010549e-03, -1.7874999999999958e-01, -3.9324999999999949e-01, -2.9149999999999981e-01, 2.3749999999999583e-01, 4.4734999999999958e-01, 1.7429999999999998e-01, 3.4999999999999998e-01, 2.5313249999999976e-01, 9.6974999999999756e-02
-4.3999999999999553e-02, 3.1500000000000250e-02, 6.4449999999999938e-02, -1.1000000000000582e-02, -3.4249999999999531e-02, 4.5000000000000553e-02, -1.4499999999999499e-01, 1.4774999999999913e-01, 4.3249999999999497e-02, -1.8749999999999584e-01, 2.0725000000000030e-01, -1.8750000000000693e-02, -1.7424999999999993e-01, -3.4949999999999948e-01, -2.6374999999999849e-01, 3.1499999999999834e-01, 3.6839999999999967e-01, 1.4294999999999988e-01, 3.9750000000000030e-01, 2.1449999999999983e-01, 5.6300000000000051e-02
-6.7999999999999949e-02, 5.0999999999999955e-02, 6.8797499999999928e-02, -9.7500000000000277e-03, -3.3249999999998531e-02, -4.9999999999994450e-03, -9.2499999999995280e-02, 1.4400000000000232e-01, 2.2749999999999833e-02, -1.3499999999999612e-01, 2.0475000000000057e-01, -2.2499999999998889e-02, -1.7424999999999993e-01, -2.9424999999999979e-01, -2.0549999999999993e-01, 4.0249999999999975e-01, 2.8297499999999975e-01, 1.0212499999999969e-01, 4.5249999999999974e-01, 1.7779999999999985e-01, 1.5475000000000197e-02
-9.6250000000000419e-02, 7.5999999999999610e-02, 6.2402499999999951e-02, -7.9999999999996671e-03, -2.8999999999998447e-02, -5.7499999999999170e-02, -2.7500000000002498e-02, 1.2600000000000100e-01, 3.0000000000002221e-03, -6.5000000000003888e-02, 1.8049999999999994e-01, -1.7749999999999693e-02, -1.8199999999999936e-01, -2.2974999999999990e-01, -1.2050000000000105e-01, 4.9750000000000028e-01, 1.9927499999999987e-01, 5.5575000000000020e-02, 5.0499999999999945e-01, 1.4782499999999982e-01, -2.0550000000000065e-02
-1.2675000000000036e-01, 1.0700000000000005e-01, 4.8834999999999962e-02, -5.7500000000001942e-03, -2.0500000000001056e-02, -1.1500000000000389e-01, 4.9999999999994452e-02, 8.8999999999997331e-02, -5.7499999999995003e-03, 1.9999999999997780e-02, 1.3249999999999917e-01, -3.7500000000009713e-03, -1.9749999999999959e-01, -1.6024999999999984e-01, -1.7749999999999693e-02, 5.8750000000000135e-01, 1.2552499999999991e-01, 8.7500000000000702e-03, 5.5499999999999949e-01, 1.2677499999999994e-01, -4.8149999999999887e-02
-1.5774999999999942e-01, 1.4349999999999974e-01, 3.4833749999999969e-02, -2.7499999999999721e-03, -7.2500000000003057e-03, -1.7000000000000334e-01, 1.3999999999999557e-01, 3.2499999999999168e-02, 1.7499999999996670e-03, 1.1999999999999778e-01, 6.2750000000000250e-02, 1.9750000000000306e-02, -2.1700000000000033e-01, -9.1000000000000025e-02, 8.9750000000002245e-02, 6.6999999999999782e-01, 6.7899999999999933e-02, -3.3000000000000015e-02, 5.9999999999999998e-01, 1.1382499999999994e-01, -6.5474999999999853e-02
-1.8750000000000000e-01, 1.8349999999999947e-01, 2.2387999999999984e-02, 1.0000000000003053e-03, 9.7500000000000277e-03, -2.2499999999999723e-01, 2.4500000000000610e-01, -4.1499999999999836e-02, 2.5249999999999558e-02, 2.2999999999999668e-01, -2.3249999999999639e-02, 5.1750000000000358e-02, -2.3475000000000001e-01, -2.7749999999999973e-02, 1.8974999999999947e-01, 7.3750000000000138e-01, 2.8824999999999920e-02, -6.7025000000000015e-02, 6.4000000000000112e-01, 1.0632499999999991e-01, -7.2775000000000201e-02
-2.1425000000000274e-01, 2.2575000000000256e-01, 1.2374250000000130e-02, 5.5000000000000058e-03, 2.9499999999999273e-02, -2.8749999999999903e-01, 3.6000000000000842e-01, -1.2875000000000100e-01, 6.0500000000000755e-02, 3.4750000000000414e-01, -1.1850000000000037e-01, 8.9500000000000218e-02, -2.4600000000000222e-01, 2.3250000000000590e-02, 2.7225000000000166e-01, 7.9250000000000964e-01, 6.5250000000000004e-03, -9.2075000000001087e-02, 6.7750000000000998e-01, 1.0180000000000101e-01, -7.2350000000000927e-02
-2.3750000000000124e-01, 2.6975000000000332e-01, 1.1848000000000121e-02, 1.1250000000000263e-02, 5.1000000000001565e-02, -3.5000000000000386e-01, 4.8000000000000753e-01, -2.2425000000000037e-01, 1.0325000000000092e-01, 4.7000000000000852e-01, -2.1725000000000161e-01, 1.2975000000000064e-01, -2.4675000000000227e-01, 5.7750000000000752e-02, 3.3375000000000549e-01, 8.4500000000000997e-01, -3.9250000000000621e-03, -1.0680000000000105e-01, 7.1500000000000630e-01, 9.9175000000000971e-02, -6.8150000000000502e-02
-2.5774999999999942e-01, 3.1399999999999939e-01, 2.4308749999999976e-02, 1.7500000000000140e-02, 7.2500000000000273e-02, -4.1000000000000442e-01, 6.0249999999999415e-01, -3.2324999999999965e-01, 1.4875000000000013e-01, 5.9250000000000635e-01, -3.1550000000000161e-01, 1.6925000000000121e-01, -2.3724999999999974e-01, 7.4999999999999303e-02, 3.7624999999999986e-01, 8.9500000000000057e-01, -9.1999999999999981e-03, -1.1149999999999970e-01, 7.5749999999999917e-01, 9.8074999999999982e-02, -6.4899999999999972e-02
-2.7450000000000091e-01, 3.5699999999999937e-01, 4.1903999999999962e-02, 2.3999999999999695e-02, 9.2999999999998556e-02, -4.6999999999999775e-01, 7.2749999999999138e-01, -4.2274999999999913e-01, 1.9250000000000014e-01, 7.1249999999999303e-01, -4.1099999999999987e-01, 2.0549999999999993e-01, -2.2274999999999984e-01, 7.8749999999999584e-02, 4.0299999999999747e-01, 9.4999999999999440e-01, -1.6024999999999966e-02, -1.0847499999999979e-01, 8.0749999999999922e-01, 9.7324999999999925e-02, -6.6400000000000084e-02
-2.8825000000000073e-01, 3.9774999999999983e-01, 5.5618249999999946e-02, 3.0749999999999500e-02, 1.1200000000000089e-01, -5.2749999999999697e-01, 8.4250000000000080e-01, -5.2050000000000107e-01, 2.3199999999999937e-01, 8.2499999999999718e-01, -5.0349999999999795e-01, 2.3774999999999885e-01, -2.1074999999999963e-01, 7.6500000000000110e-02, 4.1875000000000068e-01, 1.0099999999999989e+00, -2.9599999999999911e-02, -1.0172499999999998e-01, 8.6749999999999805e-01, 9.4149999999999873e-02, -7.4849999999999847e-02
-2.9899999999999899e-01, 4.3499999999999961e-01, 6.2497499999999949e-02, 3.7000000000000192e-02, 1.2925000000000009e-01, -5.7750000000000246e-01, 9.4750000000000023e-01, -6.1425000000000174e-01, 2.6574999999999976e-01, 9.3000000000000782e-01, -5.9224999999999917e-01, 2.6675000000000010e-01, -2.0799999999999966e-01, 7.6999999999999916e-02, 4.2850000000000071e-01, 1.0750000000000028e+00, -5.2249999999999908e-02, -9.5674999999999844e-02, 9.2999999999999672e-01, 8.4749999999999853e-02, -9.0624999999999997e-02
-3.0649999999999955e-01, 4.6875000000000000e-01, 6.2374999999999951e-02, 4.2999999999999941e-02, 1.4424999999999841e-01, -6.1749999999999805e-01, 1.0425000000000009e+00, -7.0199999999999918e-01, 2.9349999999999976e-01, 1.0249999999999972e+00, -6.7624999999999991e-01, 2.9274999999999968e-01, -2.1750000000000014e-01, 8.5249999999999840e-02, 4.3849999999999961e-01, 1.1399999999999955e+00, -8.3474999999999966e-02, -9.3524999999999775e-02, 9.9750000000000028e-01, 6.5924999999999956e-02, -1.1197499999999982e-01
-3.1049999999999939e-01, 4.9949999999999950e-01, 5.6452499999999947e-02, 4.8749999999999447e-02, 1.5700000000000144e-01, -6.5000000000000002e-01, 1.1250000000000027e+00, -7.8124999999999933e-01, 3.1674999999999937e-01, 1.1074999999999937e+00, -7.5374999999999959e-01, 3.1675000000000009e-01, -2.3724999999999974e-01, 1.0100000000000031e-01, 4.5475000000000060e-01, 1.2049999999999994e+00, -1.2122499999999996e-01, -9.6525000000000000e-02, 1.0675000000000037e+00, 3.7025000000000044e-02, -1.3534999999999958e-01
-3.1024999999999914e-01, 5.2774999999999928e-01, 4.7194999999999966e-02, 5.4000000000000527e-02, 1.6724999999999920e-01, -6.8500000000000172e-01, 1.2024999999999997e+00, -8.5149999999999870e-01, 3.3649999999999969e-01, 1.1824999999999963e+00, -8.2274999999999909e-01, 3.3900000000000013e-01, -2.6049999999999940e-01, 1.2149999999999997e-01, 4.7949999999999893e-01, 1.2674999999999981e+00, -1.6254999999999978e-01, -1.0402499999999985e-01, 1.1324999999999963e+00, 1.1000000000000582e-03, -1.5647499999999986e-01
-3.0650000000000094e-01, 5.5399999999999983e-01, 3.6584999999999972e-02, 5.8500000000000170e-02, 1.7499999999999999e-01, -7.2249999999999748e-01, 1.2774999999999970e+00, -9.1124999999999878e-01, 3.5399999999999981e-01, 1.2574999999999992e+00, -8.8150000000000095e-01, 3.5749999999999915e-01, -2.7899999999999986e-01, 1.4349999999999974e-01, 5.1074999999999826e-01, 1.3224999999999976e+00, -2.0382499999999976e-01, -1.1360000000000006e-01, 1.1949999999999950e+00, -3.5500000000000080e-02, -1.7210000000000006e-01
-3.0099999999999960e-01, 5.7874999999999954e-01, 2.7307499999999978e-02, 6.3249999999999362e-02, 1.8025000000000108e-01, -7.6749999999999807e-01, 1.3549999999999995e+00, -9.6024999999999772e-01, 3.6924999999999980e-01, 1.3350000000000017e+00, -9.2874999999999963e-01, 3.7074999999999925e-01, -2.8700000000000020e-01, 1.6400000000000012e-01, 5.4274999999999973e-01, 1.3700000000000034e+00, -2.4102499999999979e-01, -1.2214999999999993e-01, 1.2500000000000000e+00, -6.5300000000000025e-02, -1.8102499999999994e-01
-2.9474999999999890e-01, 6.0274999999999923e-01, 2.3539999999999953e-02, 6.8499999999999756e-02, 1.8299999999999966e-01, -8.2249999999999746e-01, 1.4349999999999961e+00, -9.9924999999999786e-01, 3.8074999999999948e-01, 1.4149999999999983e+00, -9.6499999999999830e-01, 3.7749999999999972e-01, -2.8425000000000022e-01, 1.8049999999999994e-01, 5.7199999999999973e-01, 1.4099999999999988e+00, -2.7079999999999982e-01, -1.2732499999999988e-01, 1.2900000000000011e+00, -8.2974999999999813e-02, -1.8367499999999981e-01
-2.8775000000000023e-01, 6.2574999999999870e-01, 2.5419999999999977e-02, 7.4249999999999941e-02, 1.8424999999999953e-01, -8.8250000000000195e-01, 1.5149999999999983e+00, -1.0287499999999996e+00, 3.8750000000000001e-01, 1.4949999999999950e+00, -9.9200000000000033e-01, 3.7800000000000022e-01, -2.7249999999999958e-01, 1.8974999999999947e-01, 6.0024999999999884e-01, 1.4424999999999952e+00, -2.9174999999999973e-01, -1.2850000000000003e-01, 1.3199999999999978e+00, -8.7124999999999966e-02, -1.8132499999999990e-01
-2.7874999999999961e-01, 6.4649999999999930e-01, 2.7194999999999973e-02, 8.1000000000000447e-02, 1.8424999999999953e-01, -9.4500000000000051e-01, 1.5950000000000006e+00, -1.0505000000000004e+00, 3.8900000000000012e-01, 1.5749999999999973e+00, -1.0122499999999997e+00, 3.7474999999999975e-01, -2.5424999999999937e-01, 1.8874999999999986e-01, 6.3174999999999981e-01, 1.4674999999999980e+00, -3.0469999999999964e-01, -1.2654999999999980e-01, 1.3475000000000004e+00, -7.9849999999999990e-02, -1.7559999999999973e-01
-2.6774999999999971e-01, 6.6474999999999951e-01, 2.7642499999999959e-02, 8.8750000000000551e-02, 1.8325000000000130e-01, -1.0074999999999992e+00, 1.6749999999999972e+00, -1.0652500000000000e+00, 3.8524999999999915e-01, 1.6549999999999994e+00, -1.0279999999999974e+00, 3.6949999999999938e-01, -2.3324999999999993e-01, 1.7875000000000027e-01, 6.6949999999999865e-01, 1.4950000000000006e+00, -3.1079999999999985e-01, -1.2209999999999988e-01, 1.3674999999999982e+00, -6.4499999999999919e-02, -1.6824999999999984e-01
-2.5750000000000056e-01, 6.8224999999999891e-01, 3.3727499999999987e-02, 9.7749999999999837e-02, 1.8124999999999930e-01, -1.0725000000000031e+00, 1.7524999999999997e+00, -1.0732499999999969e+00, 3.7699999999999922e-01, 1.7350000000000017e+00, -1.0404999999999989e+00, 3.6274999999999957e-01, -2.1224999999999974e-01, 1.6524999999999929e-01, 7.1124999999999872e-01, 1.5174999999999981e+00, -3.0997499999999972e-01, -1.1474999999999982e-01, 1.3849999999999960e+00, -4.4049999999999950e-02, -1.6089999999999996e-01
-2.4949999999999950e-01, 6.9900000000000040e-01, 4.6649999999999948e-02, 1.0724999999999961e-01, 1.7849999999999794e-01, -1.1349999999999960e+00, 1.8274999999999970e+00, -1.0744999999999996e+00, 3.6475000000000019e-01, 1.8124999999999987e+00, -1.0475000000000003e+00, 3.5425000000000006e-01, -1.9299999999999995e-01, 1.5524999999999969e-01, 7.5224999999999942e-01, 1.5299999999999967e+00, -3.0159999999999954e-01, -1.0392499999999993e-01, 1.3975000000000002e+00, -2.0899999999999894e-02, -1.5459999999999974e-01
-2.4399999999999955e-01, 7.1324999999999938e-01, 5.6074999999999958e-02, 1.1774999999999969e-01, 1.7425000000000063e-01, -1.2049999999999939e+00, 1.9049999999999994e+00, -1.0689999999999995e+00, 3.4874999999999978e-01, 1.8924999999999952e+00, -1.0462499999999977e+00, 3.4149999999999986e-01, -1.7525000000000024e-01, 1.5300000000000022e-01, 7.8800000000000048e-01, 1.5400000000000011e+00, -2.8672499999999990e-01, -9.0274999999999994e-02, 1.3999999999999999e+00, 2.9249999999999736e-03, -1.4957499999999993e-01
-2.3849999999999960e-01, 7.2374999999999878e-01, 5.3449999999999977e-02, 1.2899999999999984e-01, 1.6875000000000070e-01, -1.2799999999999967e+00, 1.9825000000000019e+00, -1.0554999999999972e+00, 3.2924999999999938e-01, 1.9749999999999972e+00, -1.0354999999999994e+00, 3.2274999999999915e-01, -1.5799999999999967e-01, 1.5649999999999956e-01, 8.1599999999999928e-01, 1.5450000000000006e+00, -2.6910000000000001e-01, -7.6249999999999860e-02, 1.4024999999999996e+00, 2.5699999999999831e-02, -1.4577499999999993e-01
-2.3024999999999970e-01, 7.3100000000000043e-01, 4.1274999999999958e-02, 1.4074999999999976e-01, 1.6224999999999976e-01, -1.3524999999999998e+00, 2.0574999999999934e+00, -1.0335000000000001e+00, 3.0474999999999991e-01, 2.0475000000000003e+00, -1.0137499999999984e+00, 2.9800000000000010e-01, -1.4249999999999943e-01, 1.5924999999999953e-01, 8.3724999999999838e-01, 1.5499999999999945e+00, -2.5317499999999971e-01, -6.5124999999999850e-02, 1.4074999999999991e+00, 4.5949999999999942e-02, -1.4319999999999980e-01
-2.1999999999999986e-01, 7.3625000000000018e-01, 2.8974999999999983e-02, 1.5374999999999958e-01, 1.5499999999999944e-01, -1.4200000000000033e+00, 2.1224999999999974e+00, -1.0022500000000008e+00, 2.7500000000000002e-01, 2.1099999999999990e+00, -9.8099999999999765e-01, 2.6724999999999988e-01, -1.3174999999999981e-01, 1.5600000000000011e-01, 8.5174999999999901e-01, 1.5649999999999984e+00, -2.4152499999999952e-01, -5.9199999999999996e-02, 1.4199999999999977e+00, 6.2099999999999947e-02, -1.4162499999999986e-01
-2.0749999999999985e-01, 7.4074999999999913e-01, 2.3824999999999954e-02, 1.6724999999999990e-01, 1.4699999999999977e-01, -1.4750000000000028e+00, 2.1725000000000030e+00, -9.6124999999999872e-01, 2.4049999999999988e-01, 2.1599999999999988e+00, -9.3849999999999956e-01, 2.3149999999999957e-01, -1.2975000000000023e-01, 1.4700000000000013e-01, 8.5949999999999982e-01, 1.5875000000000015e+00, -2.3407499999999970e-01, -5.9050000000000019e-02, 1.4424999999999952e+00, 7.2499999999999926e-02, -1.4042499999999988e-01
-1.9325000000000020e-01, 7.4424999999999841e-01, 2.4574999999999923e-02, 1.8150000000000024e-01, 1.3849999999999962e-01, -1.5199999999999978e+00, 2.2074999999999991e+00, -9.1149999999999765e-01, 2.0154999999999981e-01, 2.1950000000000007e+00, -8.8749999999999862e-01, 1.9175000000000009e-01, -1.3899999999999976e-01, 1.3724999999999976e-01, 8.6275000000000024e-01, 1.6149999999999984e+00, -2.2987500000000002e-01, -6.3849999999999962e-02, 1.4674999999999980e+00, 7.6699999999999963e-02, -1.3849999999999987e-01
-1.7874999999999958e-01, 7.4499999999999922e-01, 2.3499999999999976e-02, 1.9649999999999998e-01, 1.3024999999999831e-01, -1.5574999999999937e+00, 2.2324999999999964e+00, -8.5549999999999993e-01, 1.5992499999999985e-01, 2.2199999999999980e+00, -8.3075000000000021e-01, 1.4974999999999974e-01, -1.5799999999999967e-01, 1.3300000000000001e-01, 8.6674999999999869e-01, 1.6427499999999968e+00, -2.2699999999999992e-01, -7.1799999999999919e-02, 1.4925000000000008e+00, 7.6724999999999988e-02, -1.3517499999999985e-01
-1.6549999999999954e-01, 7.4224999999999919e-01, 1.5575000000000037e-02, 2.1149999999999969e-01, 1.2225000000000141e-01, -1.5922499999999964e+00, 2.2524999999999942e+00, -7.9774999999999918e-01, 1.1782499999999976e-01, 2.2399999999999958e+00, -7.7349999999999985e-01, 1.0700000000000005e-01, -1.8375000000000008e-01, 1.3674999999999995e-01, 8.7949999999999895e-01, 1.6642499999999989e+00, -2.2349999999999989e-01, -8.0324999999999938e-02, 1.5124999999999986e+00, 7.6600000000000043e-02, -1.3092499999999990e-01
-1.5475000000000161e-01, 7.3675000000000745e-01, 3.7000000000000951e-03, 2.2625000000000237e-01, 1.1550000000000289e-01, -1.6225000000000183e+00, 2.2700000000000231e+00, -7.4475000000000724e-01, 7.7900000000000635e-02, 2.2600000000000238e+00, -7.2350000000000658e-01, 6.6500000000000919e-02, -2.1450000000000230e-01, 1.4750000000000157e-01, 9.0575000000000883e-01, 1.6775000000000184e+00, -2.1775000000000211e-01, -8.6825000000000804e-02, 1.5250000000000141e+00, 7.9775000000000804e-02, -1.2720000000000131e-01
-1.4625000000000135e-01, 7.2925000000000817e-01, -5.6750000000000958e-03, 2.4050000000000221e-01, 1.1000000000000011e-01, -1.6450000000000189e+00, 2.2875000000000267e+00, -7.0400000000000762e-01, 4.3500000000000580e-02, 2.2825000000000273e+00, -6.8900000000000772e-01, 3.2750000000000126e-02, -2.4800000000000250e-01, 1.6150000000000184e-01, 9.4350000000000955e-01, 1.6827500000000166e+00, -2.0800000000000199e-01, -8.9950000000000849e-02, 1.5300000000000136e+00, 8.6800000000000779e-02, -1.2566500000000125e-01
-1.3825000000000007e-01, 7.1999999999999920e-01, -7.5750000000000227e-03, 2.5424999999999937e-01, 1.0649999999999817e-01, -1.6569999999999987e+00, 2.3024999999999998e+00, -6.8149999999999955e-01, 1.7750000000000040e-02, 2.3049999999999993e+00, -6.7599999999999960e-01, 9.7500000000000277e-03, -2.8412499999999974e-01, 1.7299999999999974e-01, 9.8599999999999988e-01, 1.6797499999999979e+00, -1.9274999999999970e-01, -9.0049999999999950e-02, 1.5255000000000005e+00, 9.6124999999999947e-02, -1.2740749999999990e-01
-1.3000000000000014e-01, 7.0924999999999949e-01, 5.0000000000006593e-04, 2.6675000000000010e-01, 1.0549999999999994e-01, -1.6539999999999984e+00, 2.3149999999999982e+00, -6.8249999999999922e-01, 3.2999999999998278e-03, 2.3224999999999976e+00, -6.8774999999999886e-01, -2.4999999999990286e-04, -3.2377499999999981e-01, 1.7867499999999986e-01, 1.0229999999999988e+00, 1.6682499999999973e+00, -1.6974999999999996e-01, -8.9024999999999965e-02, 1.5150000000000010e+00, 1.0627500000000002e-01, -1.3292249999999989e-01
-1.2149999999999997e-01, 6.9725000000000004e-01, 1.6374999999999969e-02, 2.7799999999999986e-01, 1.0650000000000094e-01, -1.6342499999999995e+00, 2.3199999999999976e+00, -7.0974999999999866e-01, 2.3999999999999694e-03, 2.3349999999999960e+00, -7.2375000000000012e-01, 3.2499999999997778e-03, -3.6689999999999956e-01, 1.7854999999999974e-01, 1.0447499999999990e+00, 1.6472499999999985e+00, -1.3750000000000001e-01, -8.9224999999999985e-02, 1.4994999999999996e+00, 1.1737499999999984e-01, -1.4250999999999986e-01
-1.1349999999999962e-01, 6.8299999999999972e-01, 3.3024999999999950e-02, 2.8799999999999981e-01, 1.0874999999999903e-01, -1.5987499999999975e+00, 2.3199999999999976e+00, -7.6150000000000040e-01, 1.6199999999999881e-02, 2.3374999999999959e+00, -7.7899999999999980e-01, 1.8999999999999902e-02, -4.1304999999999953e-01, 1.7537499999999967e-01, 1.0464999999999993e+00, 1.6132500000000007e+00, -9.5499999999999668e-02, -9.2624999999999916e-02, 1.4762499999999998e+00, 1.3042499999999987e-01, -1.5664249999999985e-01
-1.0674999999999980e-01, 6.6574999999999906e-01, 4.6025000000000017e-02, 2.9574999999999990e-01, 1.1174999999999925e-01, -1.5524999999999969e+00, 2.3199999999999976e+00, -8.3249999999999913e-01, 4.3875000000000122e-02, 2.3299999999999965e+00, -8.4524999999999939e-01, 4.3500000000000094e-02, -4.5867499999999967e-01, 1.7257500000000001e-01, 1.0269999999999992e+00, 1.5644999999999978e+00, -4.3749999999999997e-02, -1.0034999999999983e-01, 1.4434999999999962e+00, 1.4554999999999990e-01, -1.7577249999999986e-01
-1.0050000000000051e-01, 6.4649999999999930e-01, 5.7749999999999940e-02, 3.0154999999999949e-01, 1.1474999999999948e-01, -1.5017500000000004e+00, 2.3147499999999965e+00, -9.1499999999999837e-01, 8.2599999999999965e-02, 2.3164999999999969e+00, -9.1374999999999851e-01, 7.3749999999999788e-02, -4.9792499999999951e-01, 1.7172499999999985e-01, 9.8524999999999918e-01, 1.5004999999999977e+00, 1.4999999999999722e-02, -1.1227499999999994e-01, 1.4009999999999982e+00, 1.6109999999999983e-01, -1.9944499999999982e-01
-9.4999999999999862e-02, 6.2500000000000000e-01, 7.0524999999999866e-02, 3.0569999999999981e-01, 1.1625000000000098e-01, -1.4522500000000009e+00, 2.3082499999999957e+00, -1.0002500000000003e+00, 1.2804999999999958e-01, 2.2997499999999982e+00, -9.7724999999999806e-01, 1.0699999999999971e-01, -5.2499999999999947e-01, 1.7169999999999982e-01, 9.2024999999999912e-01, 1.4247499999999984e+00, 7.3750000000000135e-02, -1.2717499999999993e-01, 1.3517500000000005e+00, 1.7334999999999973e-01, -2.2538499999999981e-01
-8.9499999999999913e-02, 6.0024999999999884e-01, 7.9774999999999915e-02, 3.0774999999999975e-01, 1.1575000000000048e-01, -1.4057499999999961e+00, 2.3029999999999973e+00, -1.0805000000000000e+00, 1.7517499999999983e-01, 2.2792500000000002e+00, -1.0314999999999996e+00, 1.4049999999999987e-01, -5.3777499999999956e-01, 1.6977499999999998e-01, 8.3307499999999934e-01, 1.3447499999999990e+00, 1.2375000000000014e-01, -1.4262499999999984e-01, 1.3007499999999994e+00, 1.7669999999999997e-01, -2.4957499999999974e-01
-8.2750000000000115e-02, 5.7099999999999873e-01, 7.9099999999999934e-02, 3.0747499999999950e-01, 1.1325000000000075e-01, -1.3592499999999967e+00, 2.2879999999999989e+00, -1.1494999999999982e+00, 2.1882500000000008e-01, 2.2502499999999990e+00, -1.0750000000000000e+00, 1.7174999999999987e-01, -5.3959999999999964e-01, 1.6339999999999985e-01, 7.2967499999999952e-01, 1.2670000000000003e+00, 1.5674999999999981e-01, -1.5484999999999990e-01, 1.2542499999999972e+00, 1.6460000000000002e-01, -2.6684999999999975e-01
-7.5249999999999553e-02, 5.3700000000000092e-01, 6.9474999999999940e-02, 3.0459999999999976e-01, 1.0900000000000067e-01, -1.3079999999999996e+00, 2.2562499999999965e+00, -1.2012499999999984e+00, 2.5427499999999975e-01, 2.2094999999999958e+00, -1.1087499999999990e+00, 1.9849999999999990e-01, -5.3711499999999957e-01, 1.5097499999999994e-01, 6.2052499999999933e-01, 1.1977499999999992e+00, 1.6849999999999976e-01, -1.5967499999999987e-01, 1.2184999999999990e+00, 1.3129999999999969e-01, -2.7202499999999979e-01
-6.7749999999999699e-02, 5.0050000000000050e-01, 5.8149999999999993e-02, 2.9892499999999994e-01, 1.0249999999999972e-01, -1.2485000000000013e+00, 2.2024999999999970e+00, -1.2319999999999993e+00, 2.7817499999999973e-01, 2.1534999999999980e+00, -1.1337499999999983e+00, 2.1899999999999989e-01, -5.3555249999999954e-01, 1.3142499999999982e-01, 5.1512499999999928e-01, 1.1390000000000000e+00, 1.6099999999999953e-01, -1.5427499999999986e-01, 1.1967500000000009e+00, 7.4949999999999947e-02, -2.6124999999999970e-01
-6.0249999999999831e-02, 4.6274999999999750e-01, 5.0349999999999916e-02, 2.9064999999999969e-01, 9.4249999999998418e-02, -1.1804999999999999e+00, 2.1272499999999979e+00, -1.2417499999999988e+00, 2.8929999999999989e-01, 2.0822500000000002e+00, -1.1487499999999988e+00, 2.3272499999999974e-01, -5.3608499999999959e-01, 1.0502499999999981e-01, 4.1854999999999964e-01, 1.0887499999999986e+00, 1.4124999999999993e-01, -1.3874999999999987e-01, 1.1872499999999970e+00, 1.4750000000000861e-03, -2.3362499999999986e-01
-5.2749999999999971e-02, 4.2399999999999899e-01, 4.5649999999999989e-02, 2.8034999999999960e-01, 8.4750000000000034e-02, -1.1077499999999980e+00, 2.0374999999999988e+00, -1.2334999999999987e+00, 2.8869999999999962e-01, 1.9979999999999980e+00, -1.1512499999999992e+00, 2.3874999999999985e-01, -5.3704749999999957e-01, 7.4299999999999991e-02, 3.2994999999999974e-01, 1.0437499999999980e+00, 1.1825000000000019e-01, -1.1612499999999989e-01, 1.1837499999999990e+00, -7.4849999999999847e-02, -1.9259999999999988e-01
-4.4000000000000247e-02, 3.8450000000000117e-01, 4.0825000000000028e-02, 2.6887499999999998e-01, 7.3750000000000135e-02, -1.0349999999999988e+00, 1.9409999999999994e+00, -1.2142499999999989e+00, 2.7934999999999965e-01, 1.9042499999999973e+00, -1.1357499999999989e+00, 2.3544999999999969e-01, -5.3709999999999947e-01, 4.3800000000000047e-02, 2.4522499999999975e-01, 1.0012499999999998e+00, 9.7749999999999837e-02, -9.0074999999999933e-02, 1.1772500000000008e+00, -1.3669999999999990e-01, -1.4512499999999981e-01
-3.3999999999999975e-02, 3.4474999999999889e-01, 3.4024999999999909e-02, 2.5714999999999971e-01, 6.2249999999999750e-02, -9.6474999999999944e-01, 1.8449999999999978e+00, -1.1899999999999986e+00, 2.6502499999999973e-01, 1.8027499999999985e+00, -1.0977499999999991e+00, 2.2129999999999977e-01, -5.3679999999999950e-01, 1.9249999999999805e-02, 1.6087499999999993e-01, 9.6099999999999852e-01, 8.0999999999999753e-02, -6.2799999999999953e-02, 1.1607499999999982e+00, -1.7267500000000011e-01, -9.7925000000000012e-02
-2.4249999999999945e-02, 3.0549999999999994e-01, 2.6899999999999990e-02, 2.4587499999999970e-01, 5.0250000000001641e-02, -8.9974999999999838e-01, 1.7534999999999978e+00, -1.1616499999999987e+00, 2.4834999999999990e-01, 1.6947499999999989e+00, -1.0352499999999991e+00, 1.9490000000000010e-01, -5.3864999999999963e-01, 7.3249999999996859e-03, 7.5624999999999928e-02, 9.2224999999999868e-01, 6.6750000000000087e-02, -3.4799999999999949e-02, 1.1327499999999979e+00, -1.8379999999999977e-01, -5.2824999999999872e-02
-1.6499999999999834e-02, 2.6750000000000085e-01, 2.1449999999999924e-02, 2.3537499999999978e-01, 3.8249999999997973e-02, -8.4124999999999817e-01, 1.6642499999999989e+00, -1.1234749999999991e+00, 2.2917499999999982e-01, 1.5822499999999975e+00, -9.4749999999999890e-01, 1.5639999999999979e-01, -5.4659999999999942e-01, 1.6325000000000006e-02, -1.0675000000000085e-02, 8.8249999999999917e-01, 5.3749999999999930e-02, -6.0499999999999738e-03, 1.0947499999999990e+00, -1.8279999999999982e-01, -5.5999999999998707e-03
-1.2000000000000195e-02, 2.3074999999999882e-01, 1.5249999999999972e-02, 2.2557499999999989e-01, 2.6999999999999223e-02, -7.8874999999999984e-01, 1.5709999999999988e+00, -1.0629999999999991e+00, 2.0407499999999973e-01, 1.4662499999999983e+00, -8.3842499999999920e-01, 1.0787499999999989e-01, -5.6434999999999946e-01, 5.3675000000000202e-02, -9.8399999999999793e-02, 8.3724999999999972e-01, 4.1249999999999933e-02, 2.2824999999999995e-02, 1.0492499999999978e+00, -1.8750000000000000e-01, 5.0674999999999984e-02
-9.5000000000004716e-03, 1.9450000000000006e-01, 3.2750000000001498e-03, 2.1602499999999988e-01, 1.6499999999999834e-02, -7.4200000000000033e-01, 1.4659999999999980e+00, -9.6659999999999902e-01, 1.6747499999999985e-01, 1.3487500000000001e+00, -7.1497499999999936e-01, 5.3250000000000124e-02, -5.9174999999999978e-01, 1.1854999999999997e-01, -1.8719999999999987e-01, 7.8500000000000025e-01, 2.9000000000000182e-02, 5.0999999999999955e-02, 9.9974999999999836e-01, -2.1267499999999964e-01, 1.2079999999999980e-01
-7.4999999999998609e-03, 1.5900000000000067e-01, -1.4175000000000026e-02, 2.0624999999999982e-01, 7.2500000000003057e-03, -6.9949999999999946e-01, 1.3437499999999993e+00, -8.2627499999999932e-01, 1.1454999999999997e-01, 1.2324999999999993e+00, -5.8597499999999947e-01, -2.3999999999999694e-03, -6.2067499999999953e-01, 1.9532499999999967e-01, -2.7347499999999986e-01, 7.2999999999999943e-01, 1.5749999999999778e-02, 7.9299999999999871e-02, 9.4999999999999996e-01, -2.6442499999999969e-01, 2.0452499999999965e-01
-4.4999999999996388e-03, 1.2500000000000000e-01, -2.8500000000000029e-02, 1.9589999999999980e-01, -1.2499999999998612e-03, -6.5974999999999862e-01, 1.2042499999999987e+00, -6.4538999999999946e-01, 4.4324999999999969e-02, 1.1204999999999983e+00, -4.6177499999999960e-01, -5.4275000000000108e-02, -6.3544999999999929e-01, 2.5664999999999971e-01, -3.4962499999999963e-01, 6.8124999999999936e-01, -3.5000000000000278e-03, 1.1149999999999986e-01, 9.0275000000000138e-01, -3.3764999999999978e-01, 2.9602499999999976e-01
1.7500000000003609e-03, 9.3999999999999556e-02, -3.0749999999999934e-02, 1.8469999999999981e-01, -8.7499999999990294e-03, -6.2374999999999881e-01, 1.0562499999999992e+00, -4.4142174999999956e-01, -3.8300000000000022e-02, 1.0172499999999991e+00, -3.5142499999999971e-01, -9.9025000000000071e-02, -6.2099999999999977e-01, 2.7912499999999979e-01, -4.0774999999999961e-01, 6.4549999999999830e-01, -3.5499999999999733e-02, 1.5292499999999989e-01, 8.5599999999999909e-01, -4.1674999999999973e-01, 3.8519999999999971e-01
1.3250000000000055e-02, 6.7000000000000337e-02, -2.0225000000000000e-02, 1.7264999999999986e-01, -1.5499999999998834e-02, -5.9325000000000017e-01, 9.1599999999999937e-01, -2.4309249999999979e-01, -1.2257499999999992e-01, 9.2749999999999833e-01, -2.6002499999999995e-01, -1.3509999999999969e-01, -5.7399999999999940e-01, 2.6017499999999977e-01, -4.4552499999999967e-01, 6.1849999999999905e-01, -8.2500000000000212e-02, 2.0634999999999984e-01, 8.0049999999999777e-01, -4.8052499999999954e-01, 4.6057499999999962e-01
3.1750000000000160e-02, 4.3750000000001177e-02, -2.8250000000000788e-03, 1.6017500000000162e-01, -2.2000000000000023e-02, -5.7000000000000683e-01, 8.0025000000000779e-01, -8.0968250000000838e-02, -1.9510000000000205e-01, 8.5400000000000797e-01, -1.8765000000000190e-01, -1.6277500000000172e-01, -5.0425000000000497e-01, 2.1850000000000236e-01, -4.6717500000000467e-01, 5.8650000000000690e-01, -1.3900000000000165e-01, 2.6840000000000269e-01, 7.2475000000000778e-01, -5.1067500000000510e-01, 5.1227500000000525e-01
5.7750000000000752e-02, 2.4249999999998131e-02, 1.7250000000000168e-02, 1.4784000000000150e-01, -2.7749999999998894e-02, -5.5500000000000560e-01, 7.2025000000000738e-01, 2.4660000000000255e-02, -2.4527500000000244e-01, 7.9600000000000903e-01, -1.3027500000000133e-01, -1.8332500000000201e-01, -4.2575000000000479e-01, 1.7620000000000194e-01, -4.7807500000000491e-01, 5.3675000000000517e-01, -1.9200000000000178e-01, 3.2945000000000341e-01, 6.2625000000000686e-01, -4.9957000000000518e-01, 5.3472250000000543e-01
8.8499999999999607e-02, 8.9999999999978899e-03, 3.7774999999999927e-02, 1.3648249999999990e-01, -3.3000000000002444e-02, -5.4674999999999951e-01, 6.7574999999999941e-01, 7.2507499999999947e-02, -2.7007499999999979e-01, 7.5025000000000019e-01, -8.2549999999999915e-02, -1.9824999999999965e-01, -3.4749999999999959e-01, 1.4039999999999977e-01, -4.7944999999999960e-01, 4.6824999999999883e-01, -2.2674999999999967e-01, 3.7739999999999962e-01, 5.1749999999999940e-01, -4.5290749999999963e-01, 5.2804999999999946e-01
1.1799999999999994e-01, -1.9999999999992229e-03, 5.2399999999999967e-02, 1.2695249999999988e-01, -3.6500000000000386e-02, -5.4274999999999973e-01, 6.5725000000000033e-01, 8.0389999999999920e-02, -2.7502499999999985e-01, 7.1424999999999894e-01, -4.0724999999999928e-02, -2.0872499999999969e-01, -2.6799999999999924e-01, 1.0259999999999982e-01, -4.6952499999999936e-01, 3.9325000000000021e-01, -2.3550000000000007e-01, 4.0264999999999951e-01, 4.1999999999999915e-01, -3.8632999999999967e-01, 4.9737749999999964e-01
1.3949999999999993e-01, -9.2499999999995277e-03, 5.2399999999999967e-02, 1.1967749999999990e-01, -3.8249999999997973e-02, -5.4224999999999923e-01, 6.5049999999999908e-01, 7.5967499999999938e-02, -2.7059999999999979e-01, 6.8649999999999900e-01, -3.5250000000000528e-03, -2.1500000000000008e-01, -1.8399999999999997e-01, 5.4949999999999999e-02, -4.4949999999999984e-01, 3.2724999999999949e-01, -2.1899999999999989e-01, 4.0104999999999985e-01, 3.5150000000000009e-01, -3.1851749999999968e-01, 4.5057499999999956e-01
1.4949999999999949e-01, -1.3250000000000749e-02, 3.4550000000000004e-02, 1.1475499999999990e-01, -3.8250000000000749e-02, -5.4424999999999846e-01, 6.4249999999999940e-01, 8.2729999999999929e-02, -2.6637499999999970e-01, 6.6574999999999906e-01, 2.8624999999999980e-02, -2.1727499999999991e-01, -1.0375000000000027e-01, 8.3750000000000421e-03, -4.2774999999999996e-01, 2.7724999999999950e-01, -1.8524999999999983e-01, 3.7439999999999957e-01, 3.1300000000000050e-01, -2.6459999999999978e-01, 3.9547499999999958e-01
1.4849999999999988e-01, -1.4249999999998974e-02, 3.8250000000000055e-03, 1.1214999999999992e-01, -3.5750000000001024e-02, -5.4624999999999901e-01, 6.2749999999999972e-01, 1.0895999999999990e-01, -2.6612499999999978e-01, 6.5099999999999958e-01, 5.4224999999999884e-02, -2.1549999999999953e-01, -4.9749999999999753e-02, -5.0750000000000404e-03, -4.1849999999999976e-01, 2.3724999999999974e-01, -1.4649999999999996e-01, 3.2889999999999975e-01, 2.8949999999999920e-01, -2.3217499999999980e-01, 3.3807499999999968e-01
1.3874999999999987e-01, -1.2249999999999751e-02, -3.0699999999999970e-02, 1.1184999999999989e-01, -3.1500000000000944e-02, -5.4475000000000029e-01, 6.0599999999999909e-01, 1.4616749999999989e-01, -2.6739999999999986e-01, 6.3999999999999968e-01, 7.1524999999999991e-02, -2.0999999999999994e-01, -4.7250000000000028e-02, 4.6724999999999940e-02, -4.2999999999999944e-01, 1.9399999999999956e-01, -1.1174999999999995e-01, 2.7302499999999974e-01, 2.6249999999999862e-01, -2.2087499999999968e-01, 2.8232499999999988e-01
1.2375000000000014e-01, -8.2500000000013049e-03, -6.0124999999999880e-02, 1.1364249999999990e-01, -2.6499999999998722e-02, -5.3699999999999948e-01, 5.8349999999999880e-01, 1.7717999999999984e-01, -2.6467499999999977e-01, 6.2999999999999945e-01, 7.9400000000000054e-02, -2.0224999999999982e-01, -1.0249999999999972e-01, 1.6764999999999985e-01, -4.5549999999999924e-01, 1.4075000000000046e-01, -8.4750000000000034e-02, 2.1599999999999969e-01, 2.2275000000000053e-01, -2.2362499999999974e-01, 2.3092499999999985e-01
1.0724999999999961e-01, -4.2500000000000836e-03, -7.7499999999999986e-02, 1.1677749999999992e-01, -2.1999999999999777e-02, -5.2249999999999885e-01, 5.6674999999999864e-01, 1.8730999999999978e-01, -2.5374999999999959e-01, 6.1950000000000005e-01, 7.7499999999999902e-02, -1.9324999999999984e-01, -1.9599999999999948e-01, 3.2622499999999971e-01, -4.7924999999999940e-01, 8.0000000000000834e-02, -6.2249999999999750e-02, 1.6605000000000009e-01, 1.7475000000000113e-01, -2.2912499999999977e-01, 1.8637499999999974e-01
9.1499999999999831e-02, -1.2499999999998612e-03, -7.8299999999999911e-02, 1.2004749999999988e-01, -1.8250000000000193e-02, -5.0199999999999922e-01, 5.5774999999999941e-01, 1.7092499999999988e-01, -2.3429999999999959e-01, 6.0849999999999882e-01, 6.5624999999999822e-02, -1.8275000000000011e-01, -2.9624999999999974e-01, 4.7777749999999952e-01, -4.8974999999999946e-01, 1.8749999999999305e-02, -3.6249999999999442e-02, 1.2872499999999990e-01, 1.2649999999999872e-01, -2.2564999999999980e-01, 1.5082499999999996e-01
7.6750000000000360e-02, 0.0000000000000000e+00, -6.1424999999999966e-02, 1.2234999999999986e-01, -1.5750000000000472e-02, -4.7699999999999920e-01, 5.5475000000000063e-01, 1.3119999999999996e-01, -2.0902499999999999e-01, 5.9699999999999842e-01, 4.3149999999999918e-02, -1.7024999999999976e-01, -3.7974999999999987e-01, 5.9287499999999949e-01, -4.8624999999999946e-01, -3.8750000000001249e-02, 1.0000000000003053e-03, 1.0579999999999989e-01, 8.2249999999998921e-02, -2.0577499999999987e-01, 1.2492499999999992e-01
6.3250000000000056e-02, -5.0000000000049961e-04, -3.0799999999999984e-02, 1.2304999999999987e-01, -1.4250000000001749e-02, -4.4800000000000079e-01, 5.5349999999999999e-01, 7.6374999999999901e-02, -1.8149999999999991e-01, 5.8525000000000049e-01, 9.3000000000000981e-03, -1.5424999999999939e-01, -4.3924999999999964e-01, 6.6679749999999949e-01, -4.7624999999999984e-01, -9.2249999999999194e-02, 5.1999999999999914e-02, 9.5624999999999793e-02, 4.2500000000000836e-02, -1.7022499999999990e-01, 1.0734999999999971e-01
5.2250000000000164e-02, -3.0000000000002221e-03, 4.7500000000000623e-03, 1.2199999999999986e-01, -1.3499999999999611e-02, -4.1500000000000042e-01, 5.4849999999999921e-01, 1.6624999999999959e-02, -1.5437499999999987e-01, 5.7300000000000006e-01, -3.5099999999999860e-02, -1.3350000000000017e-01, -4.7824999999999979e-01, 7.0809999999999929e-01, -4.6774999999999972e-01, -1.4074999999999907e-01, 1.1049999999999939e-01, 9.4199999999999756e-02, 7.0000000000000557e-03, -1.2707499999999999e-01, 9.4999999999999862e-02
4.3999999999999553e-02, -7.4999999999991671e-03, 3.4449999999999904e-02, 1.1907499999999989e-01, -1.2750000000000249e-02, -3.7749999999999900e-01, 5.3424999999999956e-01, -3.7124999999999971e-02, -1.2892500000000010e-01, 5.5674999999999908e-01, -8.5149999999999906e-02, -1.0850000000000017e-01, -4.9899999999999972e-01, 7.2197499999999937e-01, -4.6174999999999927e-01, -1.7800000000000021e-01, 1.6274999999999956e-01, 9.6225000000000047e-02, -2.0749999999999918e-02, -8.7049999999999891e-02, 8.4100000000000077e-02
3.7749999999999555e-02, -1.2499999999998613e-02, 4.8974999999999928e-02, 1.1387499999999989e-01, -1.1500000000000388e-02, -3.3524999999999983e-01, 5.0424999999999942e-01, -7.4724999999999903e-02, -1.0579999999999989e-01, 5.3124999999999933e-01, -1.3177500000000000e-01, -8.1499999999999559e-02, -4.9774999999999914e-01, 7.0459999999999956e-01, -4.5324999999999976e-01, -1.9374999999999931e-01, 1.9200000000000034e-01, 9.6774999999999903e-02, -3.4750000000000031e-02, -5.7949999999999793e-02, 7.2124999999999898e-02
3.2500000000000556e-02, -1.7500000000000834e-02, 4.4300000000000027e-02, 1.0639999999999988e-01, -1.0249999999997752e-02, -2.8975000000000017e-01, 4.5774999999999944e-01, -9.1249999999999928e-02, -8.5949999999999832e-02, 4.9349999999999977e-01, -1.6577499999999998e-01, -5.5499999999999945e-02, -4.7424999999999923e-01, 6.5519999999999934e-01, -4.3825000000000003e-01, -1.8424999999999953e-01, 1.9124999999999959e-01, 9.3574999999999825e-02, -3.3500000000000169e-02, -4.1624999999999961e-02, 5.9174999999999797e-02
2.8249999999999779e-02, -2.1250000000000418e-02, 2.6024999999999982e-02, 9.8724999999999938e-02, -8.5000000000001671e-03, -2.4974999999999975e-01, 4.0924999999999950e-01, -9.2124999999999943e-02, -7.1499999999999966e-02, 4.5324999999999976e-01, -1.8369999999999984e-01, -3.5750000000000330e-02, -4.4149999999999984e-01, 5.9522499999999934e-01, -4.1999999999999987e-01, -1.6150000000000039e-01, 1.7249999999999957e-01, 8.8000000000000148e-02, -2.3999999999999001e-02, -3.4699999999999981e-02, 4.8174999999999912e-02
2.8249999999999779e-02, -2.1250000000000418e-02, 2.6024999999999982e-02, 9.8724999999999938e-02, -8.5000000000001671e-03, -2.4974999999999975e-01, 4.0924999999999950e-01, -9.2124999999999943e-02, -7.1499999999999966e-02, 4.5324999999999976e-01, -1.8369999999999984e-01, -3.5750000000000330e-02, -4.4149999999999984e-01, 5.9522499999999934e-01, -4.1999999999999987e-01, -1.6150000000000039e-01, 1.7249999999999957e-01, 8.8000000000000148e-02, -2.3999999999999001e-02, -3.4699999999999981e-02, 4.8174999999999912e-02
