9.3749999999573452e-02, 1.4715000000000001e+02, -9.1113281250000105e-03, 1.7961786494847884e+00, 3.8831584317039201e+00, -6.4771767482974489e+00, -1.1368393816423619e+00, -1.5310353155764052e+01, 7.4414485391256280e-02, -7.6265685025910868e-01, -1.4375911758591648e+01, 2.6018896245778160e+00, -1.1555387084687649e+01, -1.1237392630411541e+01, -1.8680211927276007e+00, -1.9039179325781763e+00, -1.1856733572593814e+00, -1.1199094645964455e-01, -2.5943967083152253e+00, -1.2368219224258259e+00, -1.1881427566895510e-01
9.3749999999573230e-02, 1.4715000000000001e+02, -9.1113281250000105e-03, 1.4160125469250753e+00, 5.5259634560866937e+00, -6.7924363156909342e+00, -1.2038150693772822e+00, -1.5606613174138882e+01, -1.2769521055569488e-01, -7.9477728777864431e-01, -1.4489895567039984e+01, 2.3829831352358921e+00, -1.1790383735385770e+01, -1.1360661901263885e+01, -1.9806925837198286e+00, -1.8865590962601670e+00, -1.1734565540721738e+00, -1.1039227511788686e-01, -2.5956978955421963e+00, -1.2343161950638999e+00, -1.1847598771054667e-01
1.8749999999966716e-01, 1.4686874999999998e+02, -3.0102539062500128e-02, 3.8257824066195836e+00, 6.0581902089391653e+00, -4.5154411913262544e+00, -1.3087686927662476e+00, -1.5888170399921355e+01, -3.2877782150413482e-01, -8.4519307882926098e-01, -1.4578674756803553e+01, 2.1636580943271801e+00, -9.6996666487647367e+00, -9.7315962708034842e+00, -1.4199571008575185e+00, -2.0377680905211157e+00, -1.2355136649977703e+00, -1.2046185793765027e-01, -2.5200503653181632e+00, -1.2303547187765416e+00, -1.1997322982633499e-01
1.8750000000018741e-01, 1.4658750000000009e+02, -4.2480468750000042e-02, 3.5590077111734706e+00, 7.3574363032731673e+00, -4.4173780958424516e+00, -1.3985408445321639e+00, -1.6166830918475284e+01, -5.2620645515041164e-01, -1.0414256681542571e+00, -1.4692551445286647e+01, 1.9470230358269522e+00, -9.3805567904846328e+00, -9.4561549771449069e+00, -1.5194718758552224e+00, -2.0610627853929309e+00, -1.2483127254076285e+00, -1.2385004086348578e-01, -2.4600512334963112e+00, -1.2188990976223995e+00, -1.1981637652594952e-01
2.8125000000028133e-01, 1.4686875000000009e+02, -3.2343749999999900e-02, 2.8187978061369146e+00, 8.1581877369514437e+00, -4.7339470276796032e+00, -1.4521251022799411e+00, -1.6483520365973334e+01, -7.1213111933919793e-01, -1.2787343867138792e+00, -1.4857058322069419e+01, 1.7459296842470522e+00, -9.4446257243397014e+00, -9.5119816794825400e+00, -1.8457796865366696e+00, -2.0344558022388637e+00, -1.2380566509529602e+00, -1.2393512174975828e-01, -2.4029568465935385e+00, -1.1979441990664026e+00, -1.1769461733158275e-01
1.8750000000018763e-01, 1.4724374999999998e+02, -7.0458984375000831e-03, 2.2934661140892194e+00, 8.0349241964689586e+00, -4.9168444363229753e+00, -1.4532565277920151e+00, -1.6863905483453646e+01, -8.9466021169725296e-01, -1.4506314714470379e+00, -1.5089441021685065e+01, 1.5585955227204882e+00, -9.5514004216500155e+00, -9.6529821318848867e+00, -2.2470837133109751e+00, -2.0063194147620687e+00, -1.2196858108223745e+00, -1.2223527512482239e-01, -2.3434347524109294e+00, -1.1654837915286698e+00, -1.1294628693800599e-01
-1.3905578792185223e-309, 1.4733749999999992e+02, 1.8222656249999906e-02, 2.2414052681647072e+00, 8.6845856843665015e+00, -5.0598927864374792e+00, -1.4962897741925358e+00, -1.7329738717617076e+01, -1.0646027512456984e+00, -1.5421926715696888e+00, -1.5402400094703257e+01, 1.3924039639507455e+00, -9.7420553141893649e+00, -9.9133376235134882e+00, -2.6777564222561083e+00, -1.9832448561033300e+00, -1.1981617504087470e+00, -1.1890319454764486e-01, -2.3018171753195436e+00, -1.1330505674202138e+00, -1.0686099986968110e-01
-1.3905578792185223e-309, 1.4724375000000001e+02, 3.0029296875000167e-02, 2.4627651704476179e+00, 1.0203865910052720e+01, -5.0521678644748231e+00, -1.5088085699578908e+00, -1.7828251094518297e+01, -1.2223338419671848e+00, -1.4799453468673995e+00, -1.5758337090847323e+01, 1.2443670505940454e+00, -1.0045280571292784e+01, -1.0307748869379434e+01, -3.1128062473186069e+00, -1.9517202700978973e+00, -1.1713138494034752e+00, -1.1350355430953600e-01, -2.2754634067367032e+00, -1.1047220395596942e+00, -1.0015197049075630e-01
-1.8750000000018785e-01, 1.4724374999999998e+02, 2.3510742187500142e-02, 3.0803734863361520e+00, 9.3757484233807258e+00, -4.9561848473692640e+00, -1.4645561970489807e+00, -1.8312742953122022e+01, -1.3584599896434151e+00, -1.3654517426627106e+00, -1.6152403246353344e+01, 1.1187076052780682e+00, -1.0392173116646946e+01, -1.0750617118146412e+01, -3.5039328165007984e+00, -1.9044634619138825e+00, -1.1384003939795064e+00, -1.0652395012725542e-01, -2.2372841298621871e+00, -1.0735285503159004e+00, -9.2523727312292164e-02
-1.8750000000018774e-01, 1.4724375000000001e+02, 6.0498046874998927e-03, 3.9434727359727377e+00, 7.7409300903822764e+00, -4.7982094036114296e+00, -1.3554468260672943e+00, -1.8735276642470225e+01, -1.4728396604439924e+00, -1.2091403986251046e+00, -1.6535878978963058e+01, 1.0135410970407022e+00, -1.0787137812531459e+01, -1.1220345258512793e+01, -3.8274703763826001e+00, -1.8446566087487231e+00, -1.1038015302354447e+00, -9.9115565957348037e-02, -2.2053883977010522e+00, -1.0480232244219514e+00, -8.5704432819890680e-02
-1.3905578792185223e-309, 1.4705625000000001e+02, -8.7744140625001018e-03, 4.5152386139942715e+00, 7.4381543823164575e+00, -4.6961248031764420e+00, -1.2225768871314595e+00, -1.9070055103607540e+01, -1.5823829857752680e+00, -9.2982944622543662e-01, -1.6822855555678398e+01, 9.1142231804705032e-01, -1.1333558518361121e+01, -1.1731619452871355e+01, -4.0823657039014982e+00, -1.7781876913183357e+00, -1.0720377433376074e+00, -9.2395569481606141e-02, -2.1719537893994749e+00, -1.0283280745774812e+00, -8.0273350398759574e-02
-1.3905578792185223e-309, 1.4705625000000003e+02, -1.4824218750000017e-02, 4.9679269659280250e+00, 6.9582930322269787e+00, -4.7973134016448560e+00, -1.0817573879879498e+00, -1.9293375812440065e+01, -1.6751337370719097e+00, -6.5535825939391135e-01, -1.7006426952885555e+01, 8.2049219974926069e-01, -1.1975626938893935e+01, -1.2186312049997735e+01, -4.2522498146654559e+00, -1.6978529593876313e+00, -1.0397727026974963e+00, -8.6407538387642757e-02, -2.1197059673048675e+00, -1.0078257690373700e+00, -7.5815658603874153e-02
5.2047255394427339e-13, 1.4715000000000001e+02, -1.6523437499999950e-02, 5.5028287166241707e+00, 6.5328373030543014e+00, -4.8009097082134460e+00, -7.9156441848914572e-01, -1.9353656393213917e+01, -1.7647497148185751e+00, -3.6345763755742277e-01, -1.7066814929810885e+01, 7.3087874180757118e-01, -1.2600737776792608e+01, -1.2513557955891020e+01, -4.3348276674748734e+00, -1.6143112293100175e+00, -1.0117583906236354e+00, -8.1852448353020357e-02, -2.0658520204395652e+00, -9.9136915464458275e-01, -7.2858308314596013e-02
9.3750000000093259e-02, 1.4705625000000006e+02, -1.7006835937499999e-02, 6.1946415608860113e+00, 5.2770515457324914e+00, -4.8070735042153636e+00, -4.0931749866682132e-01, -1.9269722198824731e+01, -1.8322873009563119e+00, -3.3281256756261257e-02, -1.6997539928268026e+01, 6.5604815481183432e-01, -1.3248169854156082e+01, -1.2741082410481935e+01, -4.3409806517401099e+00, -1.5308026587953254e+00, -9.9048395311003046e-01, -7.8993514504362553e-02, -2.0095534640937784e+00, -9.7897477545062395e-01, -7.1232601016479824e-02
2.8124999999924061e-01, 1.4686874999999998e+02, -1.3212890625000074e-02, 6.8113222321968729e+00, 5.1315674303527876e+00, -4.9442861741170461e+00, 7.9414571433811698e-02, -1.9063158756102453e+01, -1.8950033036711729e+00, 3.2134262146202452e-01, -1.6831894531310507e+01, 5.8526004701325784e-01, -1.4051704917256542e+01, -1.2981687483122567e+01, -4.3074151602735959e+00, -1.4428430157255994e+00, -9.7546901752539672e-01, -7.7548934951723394e-02, -1.9493214457306962e+00, -9.7067954481960195e-01, -7.0745954110544379e-02
2.8125000000028111e-01, 1.4696249999999995e+02, -4.5996093749999774e-03, 7.3012566581726981e+00, 5.7490391050012324e+00, -5.2734920533300702e+00, 6.3721426407149862e-01, -1.8758702396732264e+01, -1.9404900100925384e+00, 7.6212850470849469e-01, -1.6585844774253083e+01, 5.2618334337307027e-01, -1.5094900153276221e+01, -1.3327293839072453e+01, -4.2637836384343224e+00, -1.3531473379021053e+00, -9.6541005299846161e-01, -7.7345187312987035e-02, -1.8965972495144463e+00, -9.6797426109842544e-01, -7.1639341777012866e-02
1.8750000000070788e-01, 1.4724374999999998e+02, 3.4130859375000587e-03, 7.5453431019802562e+00, 5.6084771884269600e+00, -5.6232061212501581e+00, 1.2574262075743685e+00, -1.8381032772029261e+01, -1.9654192758904006e+00, 1.3952581057564113e+00, -1.6259871207065277e+01, 4.8545489449552870e-01, -1.6308014874179243e+01, -1.3745296499905292e+01, -4.2135352260291370e+00, -1.2504092042535961e+00, -9.5107904444043900e-01, -7.6941231675183089e-02, -1.8430925474196340e+00, -9.6448327875578910e-01, -7.3038048294043978e-02
-5.2025050933934835e-13, 1.4724375000000001e+02, 6.4599609374999837e-03, 7.1894788445765672e+00, 6.2297849855015759e+00, -6.0318408547470268e+00, 1.9919557740746088e+00, -1.7914883565092225e+01, -1.9455416458586732e+00, 2.2197853532180281e+00, -1.5862347699439034e+01, 4.9016824215759847e-01, -1.7776939612582467e+01, -1.4284764544502426e+01, -4.1707342741118980e+00, -1.1271102866028313e+00, -9.2992279306833492e-01, -7.5788417751554454e-02, -1.7794662261465590e+00, -9.5853442204685513e-01, -7.4654047849592189e-02
-1.8750000000070854e-01, 1.4715000000000018e+02, 6.2695312500000147e-03, 6.7182841174327255e+00, 6.3863472885163972e+00, -6.5630382152755224e+00, 2.7754555595436514e+00, -1.7373750784872055e+01, -1.8451489621365318e+00, 3.1796937178974529e+00, -1.5406897042002457e+01, 5.7673146612305204e-01, -1.9454627039359401e+01, -1.4918247899599169e+01, -4.1246116736492455e+00, -1.0060450705530743e+00, -9.0942624764624957e-01, -7.5072003417613109e-02, -1.7089342687265106e+00, -9.5178064014724695e-01, -7.6884124367907661e-02
-9.3749999999573008e-02, 1.4724375000000012e+02, 7.3535156250000323e-03, 6.6113326222415445e+00, 5.9833759566870377e+00, -7.0617339743231549e+00, 3.5768894567591287e+00, -1.6760250074274300e+01, -1.6307542369364709e+00, 4.2935926537383322e+00, -1.4871898119200855e+01, 7.8441126614161782e-01, -2.1220209408871462e+01, -1.5569850274215927e+01, -4.0712189375791841e+00, -8.9066798172622741e-01, -8.9021038499449068e-01, -7.4847720743951129e-02, -1.6193535056549873e+00, -9.3963469924213316e-01, -7.9015659945378375e-02
5.2047255394427339e-13, 1.4733749999999995e+02, 1.2919921874999881e-02, 6.9355302629831073e+00, 6.2158521384039691e+00, -7.4620743045631039e+00, 4.4594275380608410e+00, -1.6040208430941963e+01, -1.2680815245481443e+00, 5.5759810904208837e+00, -1.4217605386839500e+01, 1.1460952572666063e+00, -2.3105679644351579e+01, -1.6268642042368729e+01, -4.0261724837210826e+00, -7.7556016876972511e-01, -8.7209041015934163e-01, -7.4945743104640014e-02, -1.5178505698877975e+00, -9.2437357696535660e-01, -8.1044389878684078e-02
-6.6613381477509392e-16, 1.4733749999999998e+02, 2.3056640625000038e-02, 7.3058038598224293e+00, 6.6988924984784930e+00, -7.6072073497825929e+00, 5.5548022157706711e+00, -1.5179554259523742e+01, -7.4824652056551277e-01, 7.0668402384528175e+00, -1.3400290079121886e+01, 1.6727017265943682e+00, -2.5111475050470268e+01, -1.7021761338212777e+01, -3.9896957673241578e+00, -6.6403734741040288e-01, -8.5510791169635825e-01, -7.5182378463380786e-02, -1.4145573856007447e+00, -9.0650464031263467e-01, -8.2665478958818997e-02
-1.8750000000018752e-01, 1.4743125000000001e+02, 3.0410156250000060e-02, 6.9841288964459514e+00, 7.1126386937125297e+00, -7.6900013141048618e+00, 6.9026607686558155e+00, -1.4184293656547020e+01, -7.8635313725615275e-02, 8.7237666568169470e+00, -1.2409163703463854e+01, 2.3510945751553196e+00, -2.7351628744045243e+01, -1.7882896288663829e+01, -3.9620293337826267e+00, -5.4632211887907423e-01, -8.3471228789470620e-01, -7.4581574509177698e-02, -1.3067402941600641e+00, -8.8382833151982543e-01, -8.3177587406441281e-02
-4.6875000000046907e-01, 1.4743125000000003e+02, 2.2675781249999933e-02, 5.8029525000434443e+00, 7.1372001873350586e+00, -7.6342174580847448e+00, 8.6058927569150576e+00, -1.3037173345712228e+01, 7.1377069197354392e-01, 1.0553528872668743e+01, -1.1219137054168707e+01, 3.1590427821626070e+00, -2.9839629631069208e+01, -1.8872802388361514e+01, -3.9384465454978854e+00, -4.2819655756954672e-01, -8.1044277090680250e-01, -7.2892847530232716e-02, -1.2094404913179517e+00, -8.5935576140257597e-01, -8.2758548232784779e-02
-3.7499999999985456e-01, 1.4715000000000003e+02, -1.9482421874999062e-03, 3.7880688123774968e+00, 6.7515606377131290e+00, -7.1804740768382409e+00, 1.0765967192677678e+01, -1.1721144598068985e+01, 1.6051143593034531e+00, 1.2644396502985185e+01, -9.8008342849325434e+00, 4.0708139925319315e+00, -3.2527263811777530e+01, -1.9981103221805789e+01, -3.9177788079115721e+00, -3.1422172804105242e-01, -7.8206459954123897e-01, -7.0029586302658334e-02, -1.1268234526683103e+00, -8.3207268968733061e-01, -8.1073752512427516e-02
5.2047255394427339e-13, 1.4686875000000015e+02, -2.7773437499999856e-02, 1.3987157695449925e+00, 8.4476340987238157e+00, -6.7370074679430054e+00, 1.3274495547416105e+01, -1.0293409558728907e+01, 2.5503023366491173e+00, 1.4857457745652320e+01, -8.2282495741986423e+00, 5.0428254317112549e+00, -3.5593347698499329e+01, -2.1339809575608601e+01, -3.9304202017235768e+00, -2.1103334666922294e-01, -7.5453011037428408e-01, -6.6567465317231608e-02, -1.0636120607691180e+00, -8.0438931469433039e-01, -7.8227395490091015e-02
9.3749999999573230e-02, 1.4686874999999998e+02, -3.8203125000000102e-02, -6.6140309737623415e-01, 1.0765393163299992e+01, -6.5499572676813997e+00, 1.5924640449989745e+01, -8.8571094150312710e+00, 3.5039795810280854e+00, 1.7122769112427584e+01, -6.6022727576174356e+00, 6.0332948674714473e+00, -3.9036226393556660e+01, -2.2972228577650501e+01, -3.9877584977939571e+00, -1.2691756675441068e-01, -7.2998953167890024e-01, -6.2912900645831785e-02, -1.0262587756313839e+00, -7.7696523274812002e-01, -7.4324055763143257e-02
9.3749999999573008e-02, 1.4686874999999981e+02, -3.3530273437500091e-02, -2.2063857693220732e+00, 1.0509881453209649e+01, -6.3402458108233013e+00, 1.8638206186866338e+01, -7.4751293183497118e+00, 4.4198175478659731e+00, 1.9549993402624281e+01, -4.9706239859787509e+00, 6.9936465530079612e+00, -4.2652497486252635e+01, -2.4755396215925018e+01, -4.0748601539504676e+00, -5.3904932084557433e-02, -7.0477856900946478e-01, -5.8896738146303376e-02, -9.9623133037623868e-01, -7.4306732969202405e-01, -6.8799232915695438e-02
1.8750000000018741e-01, 1.4677499999999986e+02, -2.5019531250000053e-02, -3.1938454871120014e+00, 9.2192527427476918e+00, -6.1815732778174848e+00, 2.1375073652683490e+01, -6.1496404555630333e+00, 5.2454383710138099e+00, 2.2102748651092021e+01, -3.3779930818926021e+00, 7.8720768966083901e+00, -4.6457929773149253e+01, -2.6678961709855109e+01, -4.1876702684494758e+00, 1.9116587989367051e-02, -6.8114723489876838e-01, -5.5084015062810875e-02, -9.5022462615078118e-01, -7.0333042505671250e-01, -6.2414361247113186e-02
1.8750000000018829e-01, 1.4696250000000006e+02, -1.7592773437499914e-02, -3.6857575265501170e+00, 7.9017063996482744e+00, -5.9763050593150808e+00, 2.4053003426258819e+01, -4.8770057073178235e+00, 5.9466946688340183e+00, 2.4806233590423339e+01, -1.8101761482965555e+00, 8.6293834581870215e+00, -5.0309630736388108e+01, -2.8633541011666370e+01, -4.3026322879236512e+00, 9.8742531487924390e-02, -6.6035051553689672e-01, -5.2146410201869983e-02, -8.7147628896914386e-01, -6.6242986327670739e-01, -5.7031137645633098e-02
2.8125000000028111e-01, 1.4715000000000012e+02, -7.1630859374999202e-03, -3.8417283730969749e+00, 6.2853725018707696e+00, -5.5534370194345222e+00, 2.6657424375071191e+01, -3.6589687610335133e+00, 6.5168422836564410e+00, 2.7531336199898618e+01, -2.9299027998088106e-01, 9.2520099458442981e+00, -5.3897875993015511e+01, -3.0397138132189731e+01, -4.3891133266748392e+00, 1.9012909442211523e-01, -6.4062410311339768e-01, -5.0472562561658649e-02, -7.2322846760352322e-01, -6.1534433950837975e-01, -5.3232717141954586e-02
2.8125000000028044e-01, 1.4715000000000001e+02, 9.0234374999998822e-03, -3.3943660592128460e+00, 5.8743845313700245e+00, -5.1631316041499531e+00, 2.9102398328182495e+01, -2.5445762838638295e+00, 6.9760746183581297e+00, 3.0043795067320183e+01, 1.0955621389331978e+00, 9.7616133000309890e+00, -5.7151504690475754e+01, -3.1904926214610224e+01, -4.4489516929676975e+00, 2.9864185816850225e-01, -6.2119898199888790e-01, -5.0152334740898474e-02, -4.9852022702813603e-01, -5.6164571437792565e-01, -5.1324003496983808e-02
1.8749999999966649e-01, 1.4733750000000009e+02, 2.7392578125000028e-02, -2.4172311814544201e+00, 7.3357774529244200e+00, -4.9973860489051951e+00, 3.1333301572179042e+01, -1.6112929045709699e+00, 7.3579684044023708e+00, 3.2373113973351721e+01, 2.3216564757153102e+00, 1.0190417694079176e+01, -6.0227303204456369e+01, -3.3264354806459806e+01, -4.5083734945675715e+00, 4.1574191429696083e-01, -6.0453227977010382e-01, -5.1292629843828583e-02, -2.3553230518673629e-01, -5.0738203195781550e-01, -5.1368709569555498e-02
9.3749999999573896e-02, 1.4771249999999992e+02, 4.0795898437499978e-02, -1.6428615918788525e+00, 7.9514654282137602e+00, -5.0846870341893293e+00, 3.3487236910855074e+01, -8.9380044775384859e-01, 7.6969455649376091e+00, 3.4541035223750043e+01, 3.3327534101385305e+00, 1.0585983469931163e+01, -6.3270998647570920e+01, -3.4578612976188722e+01, -4.5866728509742760e+00, 5.3311438786661969e-01, -5.8873182776493327e-01, -5.3240884919784952e-02, 3.6285558054809819e-02, -4.5018389443656059e-01, -5.1638521688288329e-02
-9.3749999999572564e-02, 1.4761874999999998e+02, 4.2011718750000038e-02, -1.2704045470287286e+00, 8.7353199675327069e+00, -5.3511863999383849e+00, 3.5747155364130776e+01, -3.4962304230975305e-01, 8.0227850234309415e+00, 3.6666581406751575e+01, 4.1557829796544423e+00, 1.0977586481157054e+01, -6.6506192191395769e+01, -3.5996039211177923e+01, -4.6984313147711516e+00, 6.5585286370495866e-01, -5.6863843273683323e-01, -5.4491978489787971e-02, 2.7756347691688110e-01, -3.9187147873155986e-01, -5.0593341083226523e-02
-1.8750000000018874e-01, 1.4724375000000009e+02, 2.8945312500000129e-02, -2.6810556500332350e-01, 1.0986759275846374e+01, -5.8975880292988307e+00, 3.8079673824916838e+01, 4.6088961886063484e-02, 8.3424928511899239e+00, 3.8721309754704066e+01, 4.7979378219468805e+00, 1.1373079889076235e+01, -7.0011439992642167e+01, -3.7599756677422441e+01, -4.8325711253018069e+00, 7.5481137318962244e-01, -5.5132438931988492e-01, -5.5352775912403861e-02, 4.4698186865561740e-01, -3.3956595761259356e-01, -4.7957506893837265e-02
-1.8750000000070854e-01, 1.4724374999999995e+02, 7.7783203124999617e-03, 1.5406111457513951e+00, 1.2353543797595378e+01, -6.2892295739499531e+00, 4.0280184798720335e+01, 2.6052379183502350e-01, 8.6582034434212556e+00, 4.1019240830684701e+01, 5.3632750305515362e+00, 1.1794172199277138e+01, -7.3508854023083643e+01, -3.9235104118519125e+01, -4.9439711457384679e+00, 8.1745855145552071e-01, -5.3747229090327409e-01, -5.5758312745279440e-02, 5.4363393640908786e-01, -2.9359633080916592e-01, -4.3636391711443470e-02
-2.8124999999923994e-01, 1.4724374999999998e+02, -1.2714843750000066e-02, 2.3964462382149287e+00, 1.2077935881782910e+01, -5.7723866017009371e+00, 4.2872514920358597e+01, 4.6557810775288555e-01, 8.9711440404708949e+00, 4.3713918728271175e+01, 5.8695182668877104e+00, 1.2210366411132947e+01, -7.6904654364615254e+01, -4.0813154940743388e+01, -5.0151788178241956e+00, 8.7445163748813415e-01, -5.1859952676179155e-01, -5.4750652270632916e-02, 6.1187318715879324e-01, -2.4655522727164142e-01, -3.7353231180131438e-02
-3.7499999999933376e-01, 1.4696249999999995e+02, -2.7524414062500013e-02, 2.3601634640854607e+00, 1.1311800907705869e+01, -4.7817332668923100e+00, 4.6008961215966082e+01, 7.2112742218084813e-01, 9.2658397055925796e+00, 4.6410001152222740e+01, 6.2150073983622631e+00, 1.2642561505361074e+01, -8.0373360279376072e+01, -4.2452458947654932e+01, -5.0808976518067137e+00, 9.3099195932199885e-01, -4.9703859109528736e-01, -5.2891806830900751e-02, 6.8510482038244336e-01, -1.9566092538407809e-01, -2.9605975766574574e-02
-2.8125000000080225e-01, 1.4677500000000003e+02, -3.3940429687500030e-02, 4.1418266900776457e+00, 1.0168251541874348e+01, -4.0257003495539507e+00, 4.8746557554715963e+01, 7.9375075843325993e-01, 9.5530338141130642e+00, 4.9145420457437531e+01, 6.4382246182357994e+00, 1.3053724392935628e+01, -8.3831148506500739e+01, -4.4186149062357586e+01, -5.1744799054432642e+00, 9.7357785398550456e-01, -4.7562871781933802e-01, -5.0681238895164724e-02, 7.2451730960797200e-01, -1.5533065499139970e-01, -2.2748405169769934e-02
-1.8750000000018907e-01, 1.4686875000000009e+02, -2.9252929687500043e-02, 7.3710368519776504e+00, 8.4774802113333809e+00, -3.7157178897083227e+00, 5.0923309266384834e+01, 6.7445465521022130e-01, 9.8373486844753462e+00, 5.1835864656757344e+01, 6.5913089773138314e+00, 1.3489434382719658e+01, -8.7214143298430059e+01, -4.5956773001322610e+01, -5.3140475850198694e+00, 1.0160772888298235e+00, -4.4982665926277782e-01, -4.7870786787117120e-02, 7.6146384640251186e-01, -1.1657205979847150e-01, -1.5971615931923963e-02
5.2136073236397351e-13, 1.4696250000000009e+02, -1.5146484374999870e-02, 7.6405287876701173e+00, 8.6485991400909334e+00, -3.8395987087337673e+00, 5.3116251151247205e+01, 5.6817357883614072e-01, 1.0159332990637594e+01, 5.4537873725484076e+01, 6.7139906268594487e+00, 1.3945554388074433e+01, -9.0880592324522880e+01, -4.7851393255084815e+01, -5.5111448409055921e+00, 1.1134913250684424e+00, -4.0813908068889893e-01, -4.3313719011191770e-02, 8.3227008687043114e-01, -7.2562370686102842e-02, -8.7193941108619014e-03
2.8124999999976197e-01, 1.4705624999999986e+02, -1.1718749999999716e-03, 6.4271837875104385e+00, 9.8223061774538305e+00, -4.2401100000350525e+00, 5.5677786937199613e+01, 5.8081243209068245e-01, 1.0545737709991458e+01, 5.6870994855605694e+01, 6.7199574208397959e+00, 1.4461663744912213e+01, -9.4701494732461398e+01, -4.9824246267091212e+01, -5.7268346660609293e+00, 1.1863214393790411e+00, -3.7635435790494959e-01, -4.0372448288444149e-02, 8.6012373963841426e-01, -4.8110009328321338e-02, -4.2345188022570755e-03
3.7499999999985412e-01, 1.4714999999999986e+02, 5.2734374999999275e-03, 5.7138404822031550e+00, 1.0913443236530364e+01, -4.7359427118320099e+00, 5.8272371494754609e+01, 6.0023715945382594e-01, 1.1011154130993116e+01, 5.9099029695840088e+01, 6.7041870040281060e+00, 1.5071759840914801e+01, -9.8482856052709650e+01, -5.1724770088682320e+01, -5.9215110675236957e+00, 1.2230461591969592e+00, -3.5712034999515846e-01, -3.9130918256187655e-02, 8.8531720102992528e-01, -2.8312388204994841e-02, -4.1904255014459362e-04
4.6875000000046785e-01, 1.4724375000000015e+02, 9.4042968750000372e-03, 2.7989761816648491e+00, 1.1490339016479002e+01, -4.5418956512051381e+00, 6.0781005663969410e+01, 5.7486254641748546e-01, 1.1561931314672011e+01, 6.2054341078886580e+01, 6.8892920074127622e+00, 1.5760550467970711e+01, -1.0207939974499286e+02, -5.3367054302226023e+01, -6.0719402561176796e+00, 1.3591638717155452e+00, -3.0539511040623385e-01, -3.3412330237107803e-02, 9.5575982761990930e-01, 1.3244145623367912e-03, 4.5500486503575119e-03
3.7499999999985478e-01, 1.4733750000000009e+02, 1.7241210937499984e-02, 1.9606524385189648e+00, 1.0903468550797072e+01, -4.7255227205722719e+00, 6.3015532776003496e+01, 4.3892048310019294e-01, 1.2159541811411888e+01, 6.4820873239065435e+01, 7.0307907856487537e+00, 1.6533117772067367e+01, -1.0562933061130424e+02, -5.5044658149931720e+01, -6.2088010689128117e+00, 1.4119761624578024e+00, -2.7704977857448698e-01, -3.0157417854857153e-02, 9.7614170600457428e-01, 1.1979207140676705e-02, 7.0072992405545240e-03
-5.1958437552457326e-13, 1.4733749999999998e+02, 2.3041992187499923e-02, 3.2724799190833060e+00, 1.0483707069976289e+01, -4.9887768759440831e+00, 6.5443466745199373e+01, 3.9130912610755009e-01, 1.2828061580962860e+01, 6.7318974122930129e+01, 7.1371703178342569e+00, 1.7346993652995717e+01, -1.0928288705865219e+02, -5.6917711494637956e+01, -6.3715009709742807e+00, 1.3580965015578510e+00, -2.7662639759557639e-01, -2.9626795047823277e-02, 9.3329611068157781e-01, 2.2319802353663598e-03, 6.8684393060906412e-03
-2.8124999999976186e-01, 1.4743124999999998e+02, 2.0507812500000073e-02, 2.1365026856238791e+00, 8.4695472505620213e+00, -2.8889314218405531e+00, 6.8807237139014916e+01, 6.3890080747697775e-01, 1.3491244246453926e+01, 7.0295967120779366e+01, 7.4392208672161075e+00, 1.8186881815256410e+01, -1.1217238970905757e+02, -5.8364817942577162e+01, -6.5155139969877576e+00, 1.4129570620012017e+00, -2.2860296640411809e-01, -2.2013028954032923e-02, 8.7605115020925051e-01, -9.4766115735675921e-03, 6.3825866087282440e-03
-3.7499999999985467e-01, 1.4733750000000006e+02, 1.1572265625000086e-02, 3.4266124598052454e+00, 5.7238496417000650e+00, -1.2151018886134750e+00, 7.1632169543109526e+01, 7.7517571087524317e-01, 1.4186337726366329e+01, 7.2799546201880545e+01, 7.6424166089891967e+00, 1.9030468618150167e+01, -1.1467681676544289e+02, -5.9748246442149252e+01, -6.6639950095915452e+00, 1.3583171146279314e+00, -2.0991110842701158e-01, -1.7853490085753515e-02, 7.4711304379195020e-01, -4.3448345671997589e-02, 2.8343694159798857e-03
-2.8124999999976030e-01, 1.4705625000000003e+02, -4.6875000000013806e-04, 7.4451380554046160e+00, 4.7287653567224996e+00, -1.9995044065773442e+00, 7.3266436007707696e+01, 5.7712600006777848e-01, 1.4855822447448810e+01, 7.4109811555195961e+01, 7.5033550793720076e+00, 1.9862984205628329e+01, -1.1724345332003239e+02, -6.1242523626247674e+01, -6.8261981805278698e+00, 1.1968261575134931e+00, -2.2866684612566537e-01, -1.8513744439671170e-02, 6.1231483507824469e-01, -8.0894330840835277e-02, -1.1084093101767153e-03
-1.8749999999966638e-01, 1.4696250000000006e+02, -1.1586914062500031e-02, 9.3477623049742604e+00, 6.1669629484384147e+00, -3.1793980673525368e+00, 7.4709268859026054e+01, 3.9697696976303687e-01, 1.5537746217461635e+01, 7.5175202809881199e+01, 7.3134163081742782e+00, 2.0671737214382684e+01, -1.1966875383462563e+02, -6.2572312395021157e+01, -6.9578621014787707e+00, 1.1122710417808805e+00, -2.2748439914559165e-01, -1.6581281965237803e-02, 4.7348174574731572e-01, -1.2042701743208284e-01, -4.9356540284782573e-03
-1.8750000000070732e-01, 1.4696249999999989e+02, -1.5029296874999909e-02, 8.8410740339504699e+00, 6.1207819648922221e+00, -2.5265015607971861e+00, 7.6380487145965674e+01, 3.5682885363747174e-01, 1.6223099703104293e+01, 7.6798273735463312e+01, 7.3186452917956233e+00, 2.1477483589082940e+01, -1.2122154648523799e+02, -6.3379784770166879e+01, -6.9899103846518624e+00, 1.0308682834280056e+00, -2.2741133528617002e-01, -1.5002513019742519e-02, 2.8143147817818337e-01, -1.7438510362242998e-01, -1.0149527980082406e-02
-9.3750000000093481e-02, 1.4705624999999992e+02, -1.0942382812499920e-02, 8.7680712999946717e+00, 3.9362157800872386e+00, -1.5876465798154129e+00, 7.7737310982849095e+01, 2.7195476683271197e-01, 1.6926752204128185e+01, 7.8022619185816609e+01, 7.1887079251307391e+00, 2.2255802278550096e+01, -1.2195573791008113e+02, -6.3697802645534729e+01, -6.9467940961964985e+00, 9.3548126007038612e-01, -2.3641107518699883e-01, -1.5071214618372016e-02, 1.2539118995348020e-01, -2.1493886027573988e-01, -1.3338861286303526e-02
2.8125000000028111e-01, 1.4715000000000001e+02, -8.6865234374999822e-03, 9.0430700393016199e+00, 5.3447804646375960e+00, -2.8491008929142367e+00, 7.8412569555595326e+01, 2.5166618195011980e-02, 1.7628371905158637e+01, 7.8657523246680142e+01, 6.8761222214185631e+00, 2.3033196681165087e+01, -1.2339730403327601e+02, -6.4410819666301222e+01, -6.9562852025157369e+00, 8.5648346547857268e-01, -2.5274064563507953e-01, -1.6565729851445842e-02, -3.1017321440787615e-02, -2.6177742845086421e-01, -1.7413321976727538e-02
6.5624999999961453e-01, 1.4705624999999989e+02, -1.0957031250000089e-02, 6.8318241562544344e+00, 4.6403446136393400e+00, -2.1261335136610455e+00, 7.9332537073829045e+01, -1.4619271032903847e-01, 1.8331703724198050e+01, 8.0161730959343188e+01, 6.7508555257969194e+00, 2.3773559563204518e+01, -1.2413943881937956e+02, -6.4684981080155367e+01, -6.9237828476208350e+00, 8.5667477057377783e-01, -2.4345239186959519e-01, -1.4899428990297855e-02, -1.6366133356487195e-01, -3.0127217290456543e-01, -2.0750722896599003e-02
6.5625000000013767e-01, 1.4705624999999995e+02, -8.6425781249999320e-03, 6.1210738175072867e+00, 2.4964873070282336e+00, -1.2715464504521634e+00, 8.0164403728258222e+01, -4.1547660140688469e-01, 1.8967689311543378e+01, 8.1217413717851258e+01, 6.3722422093242326e+00, 2.4448499755146415e+01, -1.2441932743180243e+02, -6.4715660626111628e+01, -6.8668428010100886e+00, 8.0195287084704470e-01, -2.4997466188136586e-01, -1.5395023910988919e-02, -2.4346657384601755e-01, -3.2220710792386342e-01, -2.1926002541593555e-02
3.7500000000038014e-01, 1.4715000000000012e+02, 1.9335937500000394e-03, 6.4619554862892050e+00, 4.0745334825179951e+00, -2.4508895081214348e+00, 8.0720439306903032e+01, -8.3308733978202854e-01, 1.9544394992607035e+01, 8.1538015895305293e+01, 5.6747759251853758e+00, 2.5041032978926381e+01, -1.2555386325165438e+02, -6.5249935810360142e+01, -6.8764075072387314e+00, 6.7693132669353151e-01, -2.8253450394468826e-01, -1.9126277340634865e-02, -2.8213558712183162e-01, -3.3257530008810965e-01, -2.1918373626719029e-02
-1.8749999999967082e-01, 1.4715000000000015e+02, 1.0957031249999968e-02, 4.3508017159217633e+00, 3.9069641207002523e+00, -1.5951995977858786e+00, 8.1625008303531430e+01, -1.2278191524757136e+00, 1.9957590033817315e+01, 8.2852776464206102e+01, 5.2026336565477136e+00, 2.5468922774132640e+01, -1.2618008005763703e+02, -6.5468342226433151e+01, -6.8501475519547572e+00, 6.1261928776653873e-01, -2.9178540274415155e-01, -1.9559964677436675e-02, -3.2204153123525747e-01, -3.4358807696601690e-01, -2.2323395054479139e-02
-5.6250000000004496e-01, 1.4724375000000001e+02, 9.7558593750000280e-03, 3.4005367323292841e+00, 1.9657451776706505e+00, -2.8222285287068871e-01, 8.2221646516514625e+01, -1.7025166266223306e+00, 2.0275091625147837e+01, 8.4012831998411230e+01, 4.7265214810168334e+00, 2.5783809499788070e+01, -1.2615074172160395e+02, -6.5333113263841938e+01, -6.7821915817498351e+00, 5.4035276260850673e-01, -3.0129550056636634e-01, -1.9950509000152026e-02, -3.5341390134498374e-01, -3.5339904730555194e-01, -2.3101650784499904e-02
-4.6875000000046796e-01, 1.4724375000000001e+02, 2.2851562500000198e-03, 4.8697546541426648e+00, 3.2166418591504473e+00, -1.4446661360293120e+00, 8.2213067814541361e+01, -2.3141050552082985e+00, 2.0410239383096897e+01, 8.3816632134412146e+01, 3.9389739610190242e+00, 2.5900798380556171e+01, -1.2657193284291881e+02, -6.5489726144908076e+01, -6.7681412531193468e+00, 4.3811653319167282e-01, -3.2323874203569247e-01, -2.1909972932477827e-02, -3.5253973307964975e-01, -3.5823329816610672e-01, -2.3861185131599627e-02
-3.7500000000037415e-01, 1.4715000000000001e+02, -1.2011718750001065e-03, 6.1079082352083454e+00, 5.2027782077039433e+00, -3.0232864942126128e+00, 8.2045817261173539e+01, -2.8528706677175197e+00, 2.0462265053328249e+01, 8.3453244159007085e+01, 3.2640925729338770e+00, 2.5923145412609315e+01, -1.2713306175653244e+02, -6.5820717810671042e+01, -6.7889328400177895e+00, 3.3574679363465576e-01, -3.4434978280689565e-01, -2.3683263616970641e-02, -4.1480799471615393e-01, -3.8608199364681461e-01, -2.8117751610915925e-02
-2.8124999999976008e-01, 1.4724374999999998e+02, 4.0283203124999558e-03, 5.5423528409937548e+00, 2.5680354637001397e+00, -1.7148617221438371e+00, 8.2251300014336493e+01, -3.1651108379069335e+00, 2.0394001989199140e+01, 8.3901722669849278e+01, 2.9560921039515446e+00, 2.5812446779305645e+01, -1.2642559243477291e+02, -6.5484803702274647e+01, -6.7463128547527660e+00, 2.2860487302018900e-01, -3.5694500837033116e-01, -2.4207684566427246e-02, -4.2265269888558510e-01, -3.8710460662856638e-01, -2.8791187594440503e-02
5.2025050933934835e-13, 1.4733750000000009e+02, 1.2802734375000178e-02, 6.4047311202057964e+00, 1.9001788324634743e+00, -1.8493417553674902e+00, 8.2094822205972775e+01, -3.4238066710602353e+00, 2.0275527739156509e+01, 8.3362779076385593e+01, 2.4988367133163161e+00, 2.5639420097431529e+01, -1.2585582537881835e+02, -6.5316079424864341e+01, -6.7300786075010821e+00, 5.3997267172862157e-02, -3.8643994500636047e-01, -2.6640885373597829e-02, -4.3618824662920813e-01, -3.8141759101540690e-01, -2.8003509321626350e-02
2.8124999999976041e-01, 1.4724375000000009e+02, 1.6186523437500024e-02, 7.3203304162362821e+00, 1.8328862273927065e+00, -2.6183754668904982e+00, 8.1451339205142034e+01, -3.6850715573832145e+00, 2.0118176174550328e+01, 8.2260754881886086e+01, 1.9906893484013426e+00, 2.5420883581297478e+01, -1.2497957476684813e+02, -6.4999624181364254e+01, -6.6998630684523945e+00, -1.1195734590925502e-01, -4.0821782159639458e-01, -2.7995459868700227e-02, -4.6068336577236807e-01, -3.7059340755360548e-01, -2.6019889845725550e-02
3.7499999999985367e-01, 1.4714999999999986e+02, 1.1806640624999870e-02, 5.7680540400554277e+00, -1.3735849075928979e+00, -1.0627289670296705e+00, 8.0787621127321984e+01, -3.8244364013678749e+00, 1.9947338605614586e+01, 8.2003539055347801e+01, 1.8229846284834101e+00, 2.5175778342922879e+01, -1.2290602667516661e+02, -6.3913951147918283e+01, -6.5973916803048418e+00, -2.0891459969754961e-01, -4.0318806373371485e-01, -2.6293931781569385e-02, -3.5764665094238002e-01, -3.0884301353943761e-01, -1.7184253074886514e-02
1.8750000000018718e-01, 1.4714999999999984e+02, 5.2148437500000189e-03, 4.3648124497580776e+00, -2.2561461349265626e+00, -2.5147469651686549e-01, 8.0134334379047488e+01, -3.8343695794368751e+00, 1.9829631605950954e+01, 8.1294848710659423e+01, 1.6187826045891369e+00, 2.4976498471705884e+01, -1.2110097906127106e+02, -6.2969228634881162e+01, -6.5187730983894188e+00, -2.5731434071217862e-01, -3.8938417298058203e-01, -2.4451301430969800e-02, -3.0148129606346291e-01, -2.6299616085229893e-01, -1.0792320751214552e-02
-5.2069459854919842e-13, 1.4715000000000018e+02, 5.7128906249991019e-04, 3.5636873117825481e+00, -1.1234028794679938e+00, -4.6629411759984407e-01, 7.9391929283819309e+01, -3.8422497775227895e+00, 1.9715606388873574e+01, 7.9869706085418031e+01, 1.2075536388081645e+00, 2.4769101170971879e+01, -1.1950768825807680e+02, -6.2164414355350445e+01, -6.4557187579822672e+00, -3.1031196840357766e-01, -3.8973188642989354e-01, -2.5946980964545951e-02, -2.9913271054784674e-01, -2.4190326476294119e-01, -8.6006442689224773e-03
9.3749999999574340e-02, 1.4715000000000012e+02, -2.5341796874998081e-03, 4.0311372811340851e+00, 1.4148774739395245e+00, -1.7890681737433454e+00, 7.7891395588834087e+01, -4.0777518379493092e+00, 1.9677499301554622e+01, 7.8407765304801529e+01, 7.6506884466809855e-01, 2.4631225939065683e+01, -1.1822640855549264e+02, -6.1594853108705905e+01, -6.4074715536425080e+00, -4.3995228407688070e-01, -4.2832979032760288e-01, -3.3644494506954274e-02, -3.4763365920741018e-01, -2.4840460578566853e-01, -1.1097526185758629e-02
9.3750000000615730e-02, 1.4714999999999986e+02, -3.7353515624998219e-03, 3.5505889390790557e+00, 9.9994664528910748e-01, -1.1403027607682787e+00, 7.6572649323087163e+01, -4.3083300532157818e+00, 1.9668626647168971e+01, 7.7666169850018179e+01, 4.8317114395369409e-01, 2.4533527355458933e+01, -1.1612065273305129e+02, -6.0504403541624022e+01, -6.2875693262519485e+00, -4.7806458097606641e-01, -4.4085471333773052e-01, -3.8226758598607476e-02, -4.0101048528182859e-01, -2.6469079397451506e-01, -1.5668093482745414e-02
5.1958437552457326e-13, 1.4715000000000001e+02, -4.3212890625002739e-03, 2.1742508312078348e+00, 8.7566707344367845e-01, -5.5343413311035761e-01, 7.5471763832002992e+01, -4.5151027827236412e+00, 1.9722155675400309e+01, 7.6770906586277434e+01, 1.1667859369249489e-01, 2.4488783554567640e+01, -1.1406622897037919e+02, -5.9385618778753610e+01, -6.1483363579286561e+00, -4.5564970577899228e-01, -4.3690038026723677e-01, -3.9947017775302941e-02, -4.4635032325186319e-01, -2.8793479623799506e-01, -2.1285300259988961e-02
-9.3750000000094591e-02, 1.4705625000000015e+02, -1.0078125000000092e-02, 2.9764966859108331e+00, 4.5141452348099378e+00, -2.2838418767163091e+00, 7.4068892598817413e+01, -4.8392102304767999e+00, 1.9809269788772774e+01, 7.5271968377326445e+01, -4.2497248073483984e-01, 2.4492473183860078e+01, -1.1316764628638788e+02, -5.8997635379379062e+01, -6.0434662690540737e+00, -5.3336192962277562e-01, -4.6537749485879332e-01, -4.4490068124643421e-02, -6.4167888629220660e-01, -3.6485860269156012e-01, -3.3260093653806715e-02
-2.8125000000028033e-01, 1.4686874999999984e+02, -2.2031249999999988e-02, 3.0908965668749091e+00, 5.2170314957776611e+00, -1.9437205475590673e+00, 7.3074728076131464e+01, -5.0590725623764863e+00, 1.9915822831799908e+01, 7.4426429363100951e+01, -7.6802160272898246e-01, 2.4523528898337076e+01, -1.1146552764070681e+02, -5.8093169826452431e+01, -5.8546370992913328e+00, -5.8840487062669844e-01, -4.7727112507025193e-01, -4.5758846634718624e-02, -8.1394351545362476e-01, -4.2640830931480966e-01, -4.2235345447051910e-02
-2.8125000000028066e-01, 1.4677499999999989e+02, -3.2373046874999922e-02, 2.4396699893845550e+00, 4.7196218913393704e+00, -1.2811149018353944e+00, 7.2297232914895119e+01, -5.2687985825627530e+00, 2.0028368822243987e+01, 7.3659533249602532e+01, -1.1127091172588446e+00, 2.4579845835364214e+01, -1.0969182955013073e+02, -5.7093484667492859e+01, -5.6686755389312280e+00, -5.6925173985881594e-01, -4.6116282746413961e-01, -4.2748451116314701e-02, -9.4556546751548631e-01, -4.6561841684113880e-01, -4.7116654718509017e-02
-1.8749999999966693e-01, 1.4686875000000012e+02, -3.3032226562499815e-02, 3.4695222923638860e+00, 5.4347001502713503e+00, -2.2132069666870393e+00, 7.1482204035615950e+01, -5.5612368716734233e+00, 2.0119349046492850e+01, 7.2498098416817356e+01, -1.6266735524599563e+00, 2.4621573634793595e+01, -1.0889181709822284e+02, -5.6731659617144828e+01, -5.5644455360542944e+00, -5.5040784327542824e-01, -4.4473476253261535e-01, -3.9506101466087379e-02, -1.1993557999776208e+00, -5.3561522935866501e-01, -5.4978905867492441e-02
-1.8749999999966638e-01, 1.4705625000000001e+02, -2.2221679687499999e-02, 3.6784032056717351e+00, 6.0060268906901362e+00, -2.7209947578661229e+00, 7.0790342186896140e+01, -5.8666743523308797e+00, 2.0159864822992613e+01, 7.1801895164057186e+01, -2.0501000570873864e+00, 2.4629913834123801e+01, -1.0822204827346891e+02, -5.6446867042926215e+01, -5.4893322558609094e+00, -5.4740833800340882e-01, -4.3297173735782801e-01, -3.7113913339276515e-02, -1.3883623139417869e+00, -5.7693494862014649e-01, -5.8634838104383809e-02
9.3749999999573008e-02, 1.4715000000000001e+02, -6.2109375000000775e-03, 3.8799322826891776e+00, 6.8309293097385098e+00, -3.2421191265523390e+00, 7.0018404152368063e+01, -6.2444145604785497e+00, 2.0125680633047100e+01, 7.1402617127899873e+01, -2.4244180796079924e+00, 2.4577528769691735e+01, -1.0773391720009937e+02, -5.6262615981132761e+01, -5.4427574711326390e+00, -6.1894672103959936e-01, -4.4563747695890227e-01, -3.8021057968791398e-02, -1.4594130595610539e+00, -5.7741081142614759e-01, -5.6946569547542611e-02
3.7499999999985389e-01, 1.4714999999999986e+02, 3.7353515625000422e-03, 4.3694634535420285e+00, 5.5411986909482680e+00, -2.8549274573966557e+00, 6.9744354187660605e+01, -6.5100578754024214e+00, 2.0040177816599883e+01, 7.1114239591303516e+01, -2.7935090824289399e+00, 2.4477256341414574e+01, -1.0704012379811358e+02, -5.5960698926469036e+01, -5.3914252868885724e+00, -6.8448383555886760e-01, -4.5441358868861248e-01, -3.8357919765427025e-02, -1.5204594443306128e+00, -5.7690117811899544e-01, -5.5619945976179634e-02
3.7500000000037459e-01, 1.4715000000000003e+02, 2.3876953125000480e-03, 3.7763263456000531e+00, 4.6732303695589019e+00, -2.4051191280375690e+00, 6.9889110937570663e+01, -6.6738175511636815e+00, 1.9876767920893045e+01, 7.0665134610566284e+01, -3.2317689082234442e+00, 2.4292888125788178e+01, -1.0644487931826657e+02, -5.5657652068005248e+01, -5.3592406453609964e+00, -6.5168512354435704e-01, -4.3336150400623841e-01, -3.4665145759701615e-02, -1.5872734483406705e+00, -5.8676422357870539e-01, -5.6369529177305144e-02
1.8750000000018718e-01, 1.4705625000000015e+02, -2.5341796875000674e-03, 4.1798678396949436e+00, 7.4370738228913442e+00, -4.2498430002632972e+00, 6.9515487678339653e+01, -6.9803735015713855e+00, 1.9702262566617350e+01, 6.9888313852374935e+01, -3.7510928310217295e+00, 2.4097446605686081e+01, -1.0697715044190132e+02, -5.6023895155128059e+01, -5.4085502992529202e+00, -7.2954327650514672e-01, -4.5559176322010242e-01, -3.6583590521130617e-02, -1.6312757338933090e+00, -5.9836468009368216e-01, -5.7851592660554639e-02
-1.8750000000018707e-01, 1.4705625000000003e+02, 8.9355468750002887e-04, 3.7833228409110777e+00, 7.1360173043245627e+00, -4.1422840109558194e+00, 6.9431682496128047e+01, -7.1992897674462144e+00, 1.9509585926673896e+01, 7.0147430324515625e+01, -3.9624554196456052e+00, 2.3885926807695437e+01, -1.0703957446892994e+02, -5.6102369195414013e+01, -5.4229227690533230e+00, -8.4053442086633512e-01, -4.9004898638599448e-01, -4.0265011947920648e-02, -1.6003072198050010e+00, -5.8721406591757874e-01, -5.6662545400138667e-02
-2.8125000000028122e-01, 1.4733749999999995e+02, 1.5117187499999874e-02, 2.6959636284675108e+00, 4.6966702200343109e+00, -2.3547076911684428e+00, 6.9768282211966351e+01, -7.2627712244713418e+00, 1.9367207409990602e+01, 7.1023019478259158e+01, -3.9543921092411622e+00, 2.3726085180510253e+01, -1.0660273781643146e+02, -5.5867592638657214e+01, -5.3925193247778074e+00, -8.4305208915663110e-01, -4.8997584222593954e-01, -3.9510838767715134e-02, -1.6275635631393737e+00, -5.9537998495676758e-01, -5.8008220177694907e-02
-1.8750000000018952e-01, 1.4761874999999998e+02, 3.2255859374999994e-02, 4.6498783592411375e+00, 6.8418845384792046e+00, -3.7156763011589931e+00, 6.9611705927558432e+01, -7.4560517219230702e+00, 1.9262692815123422e+01, 7.0835808718046451e+01, -4.2402852804942670e+00, 2.3602603188593353e+01, -1.0745365007710794e+02, -5.6436053161725241e+01, -5.4316204563990640e+00, -9.6991278691011606e-01, -5.3509419816589965e-01, -4.4413548839029218e-02, -1.7157789800841754e+00, -6.2282421939306676e-01, -6.1347119822832363e-02
-9.3750000000093259e-02, 1.4761875000000006e+02, 4.3051757812500396e-02, 6.4735183599441868e+00, 9.2423257984880109e+00, -5.5608755996562991e+00, 6.9760291954100566e+01, -7.5559474590854094e+00, 1.9251189415504133e+01, 7.0226788041262907e+01, -4.6397073086858223e+00, 2.3558600222329662e+01, -1.0857100418536589e+02, -5.7144007143520923e+01, -5.4827852281615490e+00, -1.1509569904330337e+00, -5.9826123786421048e-01, -5.1400947925954177e-02, -1.7427010750597940e+00, -6.2741586896206458e-01, -6.1219698016327075e-02
-9.3750000000092371e-02, 1.4743124999999989e+02, 4.2319335937499952e-02, 3.7313070049071078e+00, 7.6798238247657746e+00, -4.4227824443784272e+00, 7.0563903104363717e+01, -7.4893428698127016e+00, 1.9291388571159256e+01, 7.0905031289545292e+01, -4.6594260825235647e+00, 2.3599849584474210e+01, -1.0878172239324294e+02, -5.7245857305827165e+01, -5.4774377394293499e+00, -1.1752292795714763e+00, -6.0631520635407843e-01, -5.0977942040972397e-02, -1.7315504474653705e+00, -6.1738613656744712e-01, -5.9042605804995561e-02
-9.3749999999573008e-02, 1.4743124999999989e+02, 3.0292968749999819e-02, 1.0960832145018768e+00, 6.5456853486922677e+00, -3.3413325592660925e+00, 7.0916636381849770e+01, -7.5333074455901503e+00, 1.9411184629759539e+01, 7.1749689993386497e+01, -4.6107865701632083e+00, 2.3694212971673021e+01, -1.0878134801022885e+02, -5.7199837032487814e+01, -5.4596303055320830e+00, -1.1591268865795161e+00, -5.9627291254648174e-01, -4.7891030575350255e-02, -1.6926039078470381e+00, -5.9475329083048301e-01, -5.5032000683637158e-02
1.8750000000070766e-01, 1.4733750000000018e+02, 1.1660156250000105e-02, 1.1574462619191235e+00, 6.0859348713841506e+00, -3.4215921322501544e+00, 7.1153957824571748e+01, -7.6081406181557627e+00, 1.9561799518279855e+01, 7.1707767505245329e+01, -4.8108551119084009e+00, 2.3848490545841958e+01, -1.0896324886548069e+02, -5.7317444507192107e+01, -5.4620207918881380e+00, -1.2156416980364568e+00, -6.0479747860115962e-01, -4.7110394004328364e-02, -1.6415186293235120e+00, -5.6271165646452648e-01, -4.9595287983681742e-02
2.8124999999976041e-01, 1.4696250000000006e+02, -8.2470703125000488e-03, 4.7340947769745767e-01, 5.8341617420465930e+00, -3.5470807318816640e+00, 7.1405940334295494e+01, -7.6597083611726919e+00, 1.9767096151340265e+01, 7.1947027257892202e+01, -4.9553306563088473e+00, 2.4023423255977967e+01, -1.0942628201986224e+02, -5.7636193654355907e+01, -5.5068872809458229e+00, -1.2530354026867314e+00, -6.0559784626298030e-01, -4.5548641794770854e-02, -1.6089753088023546e+00, -5.3399656191463529e-01, -4.4593497713414157e-02
-5.2047255394427339e-13, 1.4686874999999986e+02, -2.4873046875000134e-02, 9.3764596398583688e-01, 5.7494963375315331e+00, -3.7125793328379189e+00, 7.1398595896487265e+01, -7.7509703469139435e+00, 2.0010625089508217e+01, 7.2227549102143243e+01, -5.0617639134259864e+00, 2.4260629208514768e+01, -1.0976746523233875e+02, -5.7874407498832809e+01, -5.5679635972109791e+00, -1.2290808386983239e+00, -5.8494306255879791e-01, -4.1622474315494512e-02, -1.5677671139374436e+00, -5.0017540365082191e-01, -3.9017598906504795e-02
-1.8750000000018729e-01, 1.4696249999999992e+02, -3.2944335937499826e-02, 3.9687174129804115e+00, 4.6133639281065353e+00, -3.5333467593774088e+00, 7.1837882918729250e+01, -7.6682818391669931e+00, 2.0289576217004896e+01, 7.2319619028137765e+01, -5.2085481908090481e+00, 2.4504124409122337e+01, -1.1017566589511389e+02, -5.8236545508442418e+01, -5.6390721745258157e+00, -1.3184586998802714e+00, -6.0128409812975492e-01, -4.3005378021838674e-02, -1.5844822368328668e+00, -4.8493371988333989e-01, -3.5981340421082426e-02
-1.3905578792185223e-309, 1.4696250000000006e+02, -2.8007812499999805e-02, 5.6882547967192316e+00, 4.7700869974338707e+00, -3.7670803785540272e+00, 7.2337538254427471e+01, -7.5247444558076246e+00, 2.0584781997852573e+01, 7.2634887291103553e+01, -5.2506668613708483e+00, 2.4766787992871699e+01, -1.1113000129460629e+02, -5.8959421945372938e+01, -5.7628316147426908e+00, -1.4352619422500466e+00, -6.3556906523095058e-01, -4.7131650726243791e-02, -1.6620256693830611e+00, -4.9798648098172305e-01, -3.6806361795220927e-02
9.3750000000093481e-02, 1.4705625000000003e+02, -1.0664062500000049e-02, 6.3000855846757871e+00, 5.3818379700057335e+00, -4.2516106248056644e+00, 7.2411123847998951e+01, -7.4635421281349981e+00, 2.0906352917208512e+01, 7.3312795505358096e+01, -5.1340118832227359e+00, 2.5051203335074732e+01, -1.1216700066459332e+02, -5.9692902989973689e+01, -5.9030317836462061e+00, -1.4828443150195676e+00, -6.5497700450902396e-01, -4.9182053663106684e-02, -1.7339234111863764e+00, -5.1682939996257926e-01, -3.8055132249519640e-02
9.3750000000093481e-02, 1.4724375000000009e+02, 1.1572265624999991e-02, 8.0052425731709640e+00, 6.5565129170532970e+00, -5.0796006291300131e+00, 7.2829411778056638e+01, -7.2615766194115228e+00, 2.1282925747393787e+01, 7.3985631044221435e+01, -4.9667450956814978e+00, 2.5381795513769177e+01, -1.1381441346627439e+02, -6.0872159135577377e+01, -6.0418493904583661e+00, -1.6897835227240483e+00, -7.3105360365004990e-01, -5.7537010986389046e-02, -1.9527668878970661e+00, -5.8733303445946516e-01, -4.4766295111819801e-02
3.7500000000037592e-01, 1.4733750000000006e+02, 2.7143554687500231e-02, 9.2036916873894565e+00, 8.4060548762667899e+00, -6.3762458508920616e+00, 7.3730988906001556e+01, -6.9088290117868469e+00, 2.1765607533023012e+01, 7.4235671085910255e+01, -4.8970669152937614e+00, 2.5811000721151185e+01, -1.1585013186730797e+02, -6.2303557461022706e+01, -6.1625380308267479e+00, -1.9643060897935476e+00, -8.3565695635093729e-01, -6.6932768152958316e-02, -2.2735704488970305e+00, -6.9731609934306804e-01, -5.4056158828703120e-02
4.6874999999995270e-01, 1.4733749999999978e+02, 2.5048828125000158e-02, 8.5414463655537940e+00, 8.2129830869924021e+00, -6.3113670739966921e+00, 7.4647347639156109e+01, -6.5642709829343131e+00, 2.2409045645523747e+01, 7.5287710030221660e+01, -4.5793089101844506e+00, 2.6417066968187779e+01, -1.1735119899948467e+02, -6.3316918936195748e+01, -6.2135904469093024e+00, -2.1248715035229422e+00, -9.0980663863538414e-01, -6.6746942079290453e-02, -2.5449372797399925e+00, -8.0022408784364196e-01, -5.7453267097116047e-02
2.8124999999976019e-01, 1.4724374999999998e+02, 1.5527343749996848e-03, 8.5287661801897876e+00, 6.1535433749098782e+00, -5.2014615557288550e+00, 7.5871686628807041e+01, -6.1480027540051552e+00, 2.3259298168030188e+01, 7.7047171413067545e+01, -4.0572180818868908e+00, 2.7232531929723748e+01, -1.1889364675165457e+02, -6.4405629037865012e+01, -6.2019278461401592e+00, -2.4007782974029754e+00, -1.0355641006282263e+00, -6.4350803919716856e-02, -2.8995540333418206e+00, -9.4539930693860641e-01, -5.8371063002718694e-02
-2.4424906541753444e-15, 1.4686875000000015e+02, -3.4028320312500047e-02, 1.1985155265812075e+01, 6.2495142092435705e+00, -6.3583015691177991e+00, 7.7010096729815430e+01, -5.7897153842212834e+00, 2.4336726010934019e+01, 7.8036357028999802e+01, -3.7489527791865536e+00, 2.8309035706744979e+01, -1.2168113978165329e+02, -6.6403251045639578e+01, -6.2081455460807131e+00, -2.9662568316822098e+00, -1.2838833229849920e+00, -6.6570627196581189e-02, -3.4291007861398386e+00, -1.1724426351611674e+00, -5.9663535863101316e-02
-3.7500000000037426e-01, 1.4649375000000001e+02, -6.5874023437499749e-02, 1.4686096578630304e+01, 5.7972105740996893e+00, -7.5136513676524430e+00, 7.8286397109576569e+01, -5.4011627005734049e+00, 2.5669922917324183e+01, 7.9404371891444470e+01, -3.3216499511715964e+00, 2.9635401781967587e+01, -1.2490977541532749e+02, -6.8739480424763883e+01, -6.2088112208935344e+00, -3.6102130546361737e+00, -1.5925874774776669e+00, -6.4572888819970906e-02, -4.0369129397927486e+00, -1.4550847107061902e+00, -5.7108629643889533e-02
-5.6250000000004108e-01, 1.4630625000000006e+02, -8.2250976562499911e-02, 1.6040664100249757e+01, 2.9214023964376179e+00, -7.6253916759680322e+00, 8.0108735850789230e+01, -4.8470667900723106e+00, 2.7185055868528014e+01, 8.1391985439519189e+01, -2.6607630696730209e+00, 3.1184937439452707e+01, -1.2831102574592941e+02, -7.1292994354673993e+01, -6.1816114813363940e+00, -4.3008835432104275e+00, -1.9522763753647341e+00, -5.7983968918927833e-02, -4.8214115170901444e+00, -1.8245915496959995e+00, -5.5309601188279912e-02
-5.6249999999952072e-01, 1.4630624999999995e+02, -7.5527343749999823e-02, 1.9520155640465170e+01, 2.8046653819463625e+00, -1.0025737291697126e+01, 8.1460493672175275e+01, -4.3287513316822057e+00, 2.8884366303957933e+01, 8.2764559287433912e+01, -2.0546454372705583e+00, 3.2917068382847624e+01, -1.3273825479027255e+02, -7.4574210215892663e+01, -6.1718955048808386e+00, -5.1663808890592593e+00, -2.4030739297631443e+00, -5.4137959452878193e-02, -5.7701828119398435e+00, -2.2706316032567364e+00, -5.4487004025900634e-02
-4.6874999999994760e-01, 1.4658750000000001e+02, -4.0561523437499816e-02, 2.2792388247235174e+01, 3.6482241767517092e+00, -1.2731057307685987e+01, 8.2988934922201096e+01, -3.6383488825496579e+00, 3.0673719499966737e+01, 8.4102557875084642e+01, -1.3311473212751985e+00, 3.4737118859787216e+01, -1.3752341076690004e+02, -7.8069832633956608e+01, -6.1292271323716205e+00, -6.0890957906165424e+00, -2.8967529609687603e+00, -4.9731856194359748e-02, -6.7733239809591428e+00, -2.7484916819529248e+00, -5.1219599893606124e-02
-3.7500000000037426e-01, 1.4696250000000006e+02, 1.9731445312499672e-02, 2.5580239665054087e+01, 1.9957704738692505e+00, -1.4090924388290375e+01, 8.5212126690026338e+01, -2.6315144263301447e+00, 3.2533332088505475e+01, 8.5709710955176973e+01, -4.1775397785459556e-01, 3.6628640270436826e+01, -1.4199886359574640e+02, -8.1320597218273463e+01, -6.0065376420402643e+00, -6.9662456137267927e+00, -3.3841846331676830e+00, -4.2183650361997907e-02, -7.7817266381909524e+00, -3.2315088941351293e+00, -4.5732668621584496e-02
-7.4999999999970801e-01, 1.4761874999999998e+02, 9.2988281249999652e-02, 2.9068123875355909e+01, 2.1746153682017635e+00, -1.6462700979158285e+01, 8.7416034832102667e+01, -1.5502517932308773e+00, 3.4402603923850130e+01, 8.7226067679686167e+01, 5.2016628238602136e-01, 3.8510918159801442e+01, -1.4711734783975288e+02, -8.4838144731250537e+01, -5.8775810550917846e+00, -7.8310429240424417e+00, -3.8580616812370909e+00, -3.6365204124892921e-02, -8.7216980140117162e+00, -3.6811442653906821e+00, -3.8305587482412001e-02
-1.7812499999996965e+00, 1.4893124999999992e+02, 1.6472167968750004e-01, 3.0377309737821303e+01, 5.0812119856220814e+00, -1.8979589489465482e+01, 9.0058143505294936e+01, -3.2613810337461480e-01, 3.6275697017986495e+01, 8.9335821800176191e+01, 1.6294754779500176e+00, 4.0419069555776666e+01, -1.5298840300623286e+02, -8.8577180252833969e+01, -5.7719603580645042e+00, -8.5124104518298651e+00, -4.2371785407092029e+00, -2.9402343134074950e-02, -9.5252302090231531e+00, -4.0554365884838024e+00, -3.1567308372227910e-02
-3.8437500000001936e+00, 1.5089999999999998e+02, 2.1836425781249977e-01, 2.9612774209079454e+01, 4.4265129127614875e+00, -1.8878767891692732e+01, 9.3430022295923862e+01, 9.9291338952674790e-01, 3.8154045581549049e+01, 9.2550987419197085e+01, 2.9097764914037914e+00, 4.2322935014448518e+01, -1.5805225115262999e+02, -9.1520802702724751e+01, -5.6169857569183099e+00, -8.8809958425087441e+00, -4.4532268115097677e+00, -1.9167329754281183e-02, -9.9722442267130553e+00, -4.2627279368683242e+00, -2.0114500668293709e-02
-7.2187499999999210e+00, 1.5324375000000001e+02, 2.3197265624999946e-01, 2.8383274095906163e+01, 3.5938533939951824e+00, -1.8850138053669980e+01, 9.6902293441605494e+01, 2.1271567306281023e+00, 4.0062525944316889e+01, 9.6228019057649263e+01, 4.0878685703357673e+00, 4.4291934349801330e+01, -1.6345188302632448e+02, -9.4415553934751756e+01, -5.5119858642515016e+00, -8.9854980456648583e+00, -4.5133222716751424e+00, -1.0230869193581307e-02, -1.0175410485737119e+01, -4.3309239923671665e+00, -1.1345398430841721e-02
-1.1343749999999876e+01, 1.5615000000000018e+02, 1.9220214843749955e-01, 2.5182919648399555e+01, 5.0346948622093031e+00, -1.9099544299970475e+01, 1.0056441100168983e+02, 3.0758998375182007e+00, 4.1993522490156046e+01, 1.0040368741352071e+02, 5.1167131850412773e+00, 4.6273407135732853e+01, -1.6943132602229201e+02, -9.7415582006600516e+01, -5.4909852431481649e+00, -8.8018589644837633e+00, -4.4155004186911420e+00, -5.6222912489322643e-04, -1.0207140239529350e+01, -4.2878432778432902e+00, -7.6830178616977248e-03
-1.5750000000000112e+01, 1.5980625000000001e+02, 1.0479492187499974e-01, 2.1477062407711351e+01, 2.5906562415151493e+00, -1.6658479042041947e+01, 1.0471852267970492e+02, 3.9157916706684506e+00, 4.3928253373130119e+01, 1.0514521283459382e+02, 6.0175474782803917e+00, 4.8278470843490041e+01, -1.7402578753214391e+02, -9.9379096365440915e+01, -5.4461252299154470e+00, -8.4043182327883503e+00, -4.1960804129551210e+00, 9.1358836211235164e-03, -9.9209314621800946e+00, -4.0981591129359698e+00, 3.7959781337964908e-04
-1.9593750000000313e+01, 1.6383749999999975e+02, -1.1997070312499912e-02, -4.2278787840177117e+00, 1.6490017720042513e+01, -1.2308436070952780e+01, 1.0923630607210366e+02, 4.6262801547422239e+00, 4.5829749281478875e+01, 1.1013541809615622e+02, 6.7082549848864588e+00, 5.0227591786220977e+01, -1.7483003582481726e+02, -9.4783812388509418e+01, -5.4121137950152676e+00, -2.9597240995216443e+00, -1.6295767999791058e+00, 1.1034701503277001e-02, -4.7271790127006996e+00, -1.5418420610005852e+00, -3.7520343190692879e-04
-2.2031250000000135e+01, 1.6815000000000001e+02, -1.1696777343749970e-01, -6.6106007219631886e+00, 1.1584843654886269e+01, -9.3225992991940529e+00, 1.1346365878731729e+02, 5.0866209206590725e+00, 4.7568790243887214e+01, 1.1464300967358213e+02, 7.0997320338377188e+00, 5.2017830134320739e+01, -1.7900359690845593e+02, -9.6595757288444872e+01, -5.4990077706740665e+00, -2.5769641571998623e+00, -1.3968975101370926e+00, -4.1075422905005876e-02, -4.4482649034119337e+00, -1.3451278238613436e+00, -5.5101619406464956e-02
-2.3062499999999606e+01, 1.7246250000000006e+02, -1.6153564453124977e-01, -7.7170152599022916e+00, 9.4551705832978445e+00, -7.6347571343078755e+00, 1.1750722998030909e+02, 5.4806650746029160e+00, 4.9087284237107589e+01, 1.1884860586280365e+02, 7.4146673929202986e+00, 5.3571543506621971e+01, -1.8405928600460501e+02, -9.9240268993311474e+01, -5.6392828831809778e+00, -2.5828503621302676e+00, -1.3309157307201793e+00, -6.6663899894245385e-02, -4.4923498673412601e+00, -1.2873546059494241e+00, -8.0672452663242286e-02
-2.2781249999999840e+01, 1.7583749999999972e+02, -1.5496289062499974e-01, -8.7180533245807545e+00, 5.5754913608574910e+00, -4.9233036892322275e+00, 1.2168259428388315e+02, 5.9976784509079240e+00, 5.0248704882628729e+01, 1.2275170522941862e+02, 7.7728431268948830e+00, 5.4756109286554853e+01, -1.8839103047100798e+02, -1.0173471301364549e+02, -5.7750041191056578e+00, -2.8313771610309311e+00, -1.3782317367635706e+00, -6.7342739087029937e-02, -4.7503998997272951e+00, -1.3302651834008183e+00, -8.0871095524930242e-02
-2.1187500000001226e+01, 1.7799375000000100e+02, -1.3159863281249895e-01, -6.2735937801589179e+00, 5.7760084709685584e+00, -5.5887726182703261e+00, 1.2465641626292503e+02, 6.3931663581565328e+00, 5.1089020543978442e+01, 1.2523688908586240e+02, 8.0070516709084423e+00, 5.5617938249542313e+01, -1.9358655077670241e+02, -1.0512936390061796e+02, -6.0262523245613711e+00, -3.4568043881285138e+00, -1.5926396016011461e+00, -6.6960984509359986e-02, -5.3483911545598097e+00, -1.5250285289579455e+00, -7.7982935041751217e-02
-1.8750000000000654e+01, 1.7949375000000180e+02, -6.1757812499999835e-02, -2.2384383142679680e+00, 6.7438597162229836e+00, -6.7963341744321468e+00, 1.2650710490585008e+02, 6.7797139711432761e+00, 5.1580635550348759e+01, 1.2705232840079370e+02, 8.3852682110873040e+00, 5.6093296967542294e+01, -1.9793304589682313e+02, -1.0817585057901434e+02, -6.2766127343354912e+00, -4.1111788361662009e+00, -1.8366287764981706e+00, -3.9693301191940450e-02, -6.0528654203260883e+00, -1.7707043038997881e+00, -5.1306945093342569e-02
-1.6312499999998920e+01, 1.8024374999999918e+02, 6.9928710937499805e-02, -5.7794016767865264e-01, 2.8294296769569649e+00, -4.7218987652504438e+00, 1.2812926473716090e+02, 7.4809878941046941e+00, 5.1835430438724977e+01, 1.2864907679952717e+02, 9.0934529938306135e+00, 5.6327066354187842e+01, -1.9929384213674132e+02, -1.0934219612413065e+02, -6.3972810394071402e+00, -4.4774254145167331e+00, -1.9675555065187571e+00, 2.5058036355682822e-02, -6.4711096558613947e+00, -1.9034619928620704e+00, 1.3935301477274738e-02
-1.3874999999999863e+01, 1.7986874999999853e+02, 1.7610937499999868e-01, -3.5686599088877086e-02, -1.8741024570910830e-01, -3.1334829371054411e+00, 1.2903371237020454e+02, 8.3328084367126429e+00, 5.1877383860286862e+01, 1.2913622922022543e+02, 9.8177822439856861e+00, 5.6300579173415116e+01, -1.9958128873021690e+02, -1.0984994619998460e+02, -6.5004080472264567e+00, -4.7456971427036603e+00, -2.0755531602431851e+00, 7.6868283484038735e-02, -6.7502339174940182e+00, -1.9984694345902891e+00, 6.9135600189921292e-02
-1.1437500000000480e+01, 1.7855625000000012e+02, 1.8345410156249944e-01, 2.3433122793295422e+00, 1.1287086892992035e+00, -4.0619766163075894e+00, 1.2832957046364345e+02, 9.0524035447512912e+00, 5.1716972265736139e+01, 1.2833535757860309e+02, 1.0491188714073594e+01, 5.6080038393371566e+01, -1.9958231796154158e+02, -1.1016829072221259e+02, -6.6015085795297539e+00, -4.9857467095957340e+00, -2.2082869937382457e+00, 7.9199181444608677e-02, -6.9962996141151574e+00, -2.1149696309263293e+00, 7.5736110518724684e-02
-9.1874999999992699e+00, 1.7640000000000006e+02, 1.2066503906249981e-01, 3.4673777383713529e+00, 2.4598908561329438e+00, -4.4865312774316521e+00, 1.2682389668051934e+02, 9.7818366421304059e+00, 5.1366317467818448e+01, 1.2721627201897586e+02, 1.1266905387373145e+01, 5.5624181544810796e+01, -1.9824227692068607e+02, -1.0958062376937293e+02, -6.6147386597545195e+00, -5.0758415158588353e+00, -2.3103553138297550e+00, 4.9337272104459901e-02, -7.1339051945546279e+00, -2.2151900538221621e+00, 4.8176601351182999e-02
-6.8437499999995541e+00, 1.7377500000000003e+02, 3.9590332031250224e-02, 2.1411546913720740e+00, 9.5536046948991604e-01, -2.6814523507732559e+00, 1.2567603944218622e+02, 1.0757459121258455e+01, 5.0788481689451615e+01, 1.2622957845695491e+02, 1.2225403959756537e+01, 5.4983516801524402e+01, -1.9551216727656961e+02, -1.0811622795135662e+02, -6.5124426298184241e+00, -5.1155229667517990e+00, -2.4107034636556848e+00, 1.2809510801041524e-02, -7.2125670541539568e+00, -2.3109521616662247e+00, 1.3075126009006545e-02
-4.3125000000001465e+00, 1.7133749999999995e+02, -3.5419921874999975e-02, 1.9921361528748871e+00, -6.9564602467964309e-02, -1.2711153461533939e+00, 1.2421309206215429e+02, 1.1778931060361197e+01, 5.0056160202825772e+01, 1.2469732625997030e+02, 1.3130271997625725e+01, 5.4151879865152978e+01, -1.9244909690872279e+02, -1.0647016909121872e+02, -6.3494416668283042e+00, -5.2181466209353600e+00, -2.5440709714802781e+00, -2.1160522125628543e-02, -7.3185901623169141e+00, -2.4269755654237208e+00, -1.8271065071887180e-02
-1.4062499999998437e+00, 1.6927499999999966e+02, -8.8945312499999832e-02, 3.2369645087769361e+00, 2.9732278300392827e+00, -2.5839256451992298e+00, 1.2219206249722093e+02, 1.2698382060235344e+01, 4.9147844130767787e+01, 1.2243822184104361e+02, 1.3904382310019873e+01, 5.3184477991682073e+01, -1.9059021866384344e+02, -1.0568350122338894e+02, -6.2320109059156721e+00, -5.4909284980250499e+00, -2.7532533795509240e+00, -4.7091951618957704e-02, -7.6672987443209095e+00, -2.6363803127906116e+00, -4.5538993147820790e-02
1.4999999999994169e+00, 1.6758750000000009e+02, -1.1641113281250019e-01, 2.4077704948538665e+00, 5.4523798467242566e+00, -3.5344196854715761e+00, 1.2034031636488207e+02, 1.3703226101681187e+01, 4.8201356008270217e+01, 1.2055312786705019e+02, 1.4817032142264191e+01, 5.2156457043122991e+01, -1.8883435308160793e+02, -1.0497797350029288e+02, -6.1225265899832237e+00, -5.7885007329162033e+00, -2.9737579669372898e+00, -6.1556135251268129e-02, -8.0041310072603213e+00, -2.8409977747319712e+00, -5.9202319499239452e-02
3.4687499999998233e+00, 1.6627500000000009e+02, -1.1652832031249984e-01, 6.9911416340179389e-01, 5.3308428900379896e+00, -2.8569593308629635e+00, 1.1876177453450354e+02, 1.4763417528858911e+01, 4.7188932231542907e+01, 1.1914155035703739e+02, 1.5854201515615106e+01, 5.1083535883563108e+01, -1.8626512440021389e+02, -1.0360100285648753e+02, -5.9973112464546210e+00, -5.8562685853973413e+00, -3.0824725015012890e+00, -6.2055314660266647e-02, -8.0470855503825423e+00, -2.9073626130153247e+00, -5.6005709442125691e-02
4.4062500000007603e+00, 1.6543124999999978e+02, -7.6435546875000038e-02, 1.2599090636978068e+00, 6.0887618207533274e+00, -3.2908500912661935e+00, 1.1703903630991296e+02, 1.5766826869483907e+01, 4.6231784079977828e+01, 1.1742385438112078e+02, 1.6792551628543041e+01, 5.0067152884403768e+01, -1.8417689176151066e+02, -1.0238800809969518e+02, -5.9462470635909064e+00, -5.7024093808857961e+00, -3.0726869649881734e+00, -4.4396523577446188e-02, -7.9927010113038515e+00, -2.8897101211998550e+00, -3.9666073366511186e-02
4.9687499999997611e+00, 1.6477499999999966e+02, -1.1059570312499992e-02, 2.1754739421425642e+00, 7.2350962395102121e+00, -4.0274131239147692e+00, 1.1535910407809338e+02, 1.6728372445636452e+01, 4.5250935147347846e+01, 1.1573362662692364e+02, 1.7682444461236390e+01, 4.9045028992398443e+01, -1.8238545674319053e+02, -1.0132395571141720e+02, -5.9349112248345577e+00, -5.4961400552031803e+00, -3.0321150766941960e+00, -1.5402596157053534e-02, -7.8971654169323831e+00, -2.8393383599979627e+00, -1.2840072484829788e-02
5.9999999999997300e+00, 1.6355625000000003e+02, 2.1416015625000537e-02, 3.6603934653875947e+00, 7.0099621605529059e+00, -3.9200921477420394e+00, 1.1404771267762381e+02, 1.7793358042772635e+01, 4.4333270930058760e+01, 1.1438110657186670e+02, 1.8660363589094718e+01, 4.8100498216331950e+01, -1.8059306676717372e+02, -1.0038378334809620e+02, -5.9233620727236262e+00, -5.4853332865225211e+00, -3.0869576146800290e+00, -5.0074708209532220e-03, -7.8588283728625603e+00, -2.8384497923092984e+00, 1.2020267783219157e-03
7.5000000000001847e+00, 1.6177500000000026e+02, 1.3022460937499435e-02, 5.5337949913518578e+00, 5.5997651407138296e+00, -3.2128358907944516e+00, 1.1302587791599323e+02, 1.8920419755815491e+01, 4.3403957935933789e+01, 1.1328126603499412e+02, 1.9681358688476823e+01, 4.7154992040033733e+01, -1.7887690740989652e+02, -9.9632642116875019e+01, -5.9113279578782532e+00, -5.5893632064175884e+00, -3.2144403783424189e+00, -1.2766105950267163e-02, -8.0142287373947561e+00, -2.9349557900273653e+00, -7.5117830805336190e-03
7.9687499999996350e+00, 1.6055624999999984e+02, 3.8276367187500493e-02, 7.0435212231782440e+00, 6.1059749416354325e+00, -3.0023995954333600e+00, 1.1169633761626714e+02, 1.9984980655325352e+01, 4.2496197175319395e+01, 1.1201022661375895e+02, 2.0672312429378305e+01, 4.6237330216401510e+01, -1.7705623376362939e+02, -9.8582537569326036e+01, -5.9099738612022126e+00, -5.4105645577220685e+00, -3.2066589565241244e+00, -2.6768236030245279e-03, -7.9351280454394324e+00, -2.9052193179590700e+00, -1.0474042151766214e-03
6.8437500000000728e+00, 1.5999375000000035e+02, 1.1137207031249984e-01, 6.0097651317483152e+00, 6.7710766678877601e+00, -1.8121460856733762e+00, 1.1027114763670404e+02, 2.1030379645930225e+01, 4.1580306370985170e+01, 1.1067054598449440e+02, 2.1658904194157088e+01, 4.5300105028877041e+01, -1.7408127329814724e+02, -9.6441027806151027e+01, -5.8622935925925308e+00, -4.8340780703956217e+00, -2.9975097699437208e+00, 3.0592427716296260e-02, -7.3235447238392624e+00, -2.6248824329124809e+00, 3.4355767231142822e-02
5.0625000000003757e+00, 1.5877500000000020e+02, 1.3094238281249926e-01, 3.6251601275119887e+00, 6.9452353685952772e+00, -3.8978853864352914e-01, 1.0875061051300391e+02, 2.2014916186470639e+01, 4.0643562359476071e+01, 1.0915433760151383e+02, 2.2598507400199626e+01, 4.4349940800385163e+01, -1.7061496544441249e+02, -9.3879933868972344e+01, -5.8193078790044677e+00, -4.0471986089267649e+00, -2.7110211947803977e+00, 4.0915238544015853e-02, -6.6098404993399749e+00, -2.3033669626785800e+00, 4.0804697223335580e-02
4.1249999999999600e+00, 1.5643124999999944e+02, 3.9843750000000136e-02, 2.3214538746080353e+00, 7.3143178393746666e+00, -3.1575926980308111e-01, 1.0670724855611770e+02, 2.2816849775835536e+01, 3.9730189090830606e+01, 1.0736110372721762e+02, 2.3443511594902013e+01, 4.3414099516551694e+01, -1.6772051651761689e+02, -9.1917654538710792e+01, -5.8322749613535780e+00, -3.5460858605574757e+00, -2.5850549344028440e+00, -4.2122983242072753e-03, -6.1658382221047079e+00, -2.1406618968758537e+00, -7.7838598900161794e-03
5.1562499999999369e+00, 1.5380625000000038e+02, -8.6718749999999928e-02, 2.1118593213340553e+00, 5.8788809197110918e+00, 7.3469809960002408e-02, 1.0494263888767114e+02, 2.3629847795281510e+01, 3.8768582285064596e+01, 1.0528809250149642e+02, 2.4141968235059618e+01, 4.2424442334949639e+01, -1.6488077124468381e+02, -9.0493391453363444e+01, -5.8107904196827223e+00, -3.6463818559869940e+00, -2.7432053160475203e+00, -6.8097843786527362e-02, -6.1859981079345250e+00, -2.2193767994791407e+00, -6.8574799656882596e-02
6.9374999999998961e+00, 1.5183750000000052e+02, -1.4340820312499938e-01, 4.4491163463873740e+00, 5.6236977478691035e+00, -3.6823952372574809e-01, 1.0292766683147400e+02, 2.4323286788352448e+01, 3.7808063407089982e+01, 1.0277986833816001e+02, 2.4679289304795521e+01, 4.1455336009813244e+01, -1.6235007590434543e+02, -8.9481216654158914e+01, -5.7987781743173219e+00, -3.9272713010840024e+00, -2.9693972688258952e+00, -9.5640340560357223e-02, -6.4525910702691354e+00, -2.3825545389588516e+00, -9.5427080968051997e-02
8.5312499999999361e+00, 1.5080624999999947e+02, -1.0224609374999993e-01, 6.5675160139661966e+00, 5.8938123321264033e+00, -5.4849724556305546e-01, 1.0053579129756238e+02, 2.4831477167992752e+01, 3.6834159384645901e+01, 1.0061331407752465e+02, 2.5214651444991016e+01, 4.0434910468562300e+01, -1.5961485064221196e+02, -8.8325054826931975e+01, -5.7776736225353593e+00, -4.1349946835142806e+00, -3.1372496853290750e+00, -7.2985363435463593e-02, -6.6582350703900124e+00, -2.4862503167793024e+00, -7.2130018998914705e-02
1.0031249999999865e+01, 1.5014999999999932e+02, -2.5781250000000328e-02, 8.7416354901635529e+00, 6.4613659001864976e+00, -7.1988062482498094e-01, 9.8002836303859155e+01, 2.5191666984829325e+01, 3.5877216972020626e+01, 9.8267494810737318e+01, 2.5600696050848235e+01, 3.9470374346608054e+01, -1.5663894181462041e+02, -8.7040265524010593e+01, -5.7247601103051116e+00, -4.3588306538347750e+00, -3.2968072730603355e+00, -3.3342082196543055e-02, -6.8914066394499942e+00, -2.5842569067168211e+00, -3.2587061264703343e-02
1.0781250000000094e+01, 1.4874375000000009e+02, -1.9042968749998701e-03, 1.1654942975173068e+01, 8.2407583021415807e+00, -1.4331209017194908e+00, 9.5131188994639444e+01, 2.5333403978432397e+01, 3.4993029899270191e+01, 9.5371364847768035e+01, 2.5680126080631275e+01, 3.8536207531195437e+01, -1.5329470738754432e+02, -8.5388632270376107e+01, -5.6454580809341968e+00, -4.4493052515416771e+00, -3.3953999036259557e+00, -2.0348416271435014e-02, -7.0213078791588774e+00, -2.6373658576937236e+00, -2.1436728327663621e-02
1.0406250000000242e+01, 1.4640000000000035e+02, -5.2734374999999285e-02, 1.2280824943482761e+01, 9.4389849406792639e+00, -1.7664673764969194e+00, 9.2140405439273437e+01, 2.5235216025278334e+01, 3.4138757784077285e+01, 9.2332460976330651e+01, 2.5525607919150257e+01, 3.7672719677769187e+01, -1.4923012212583035e+02, -8.3051574955338140e+01, -5.5195730839741532e+00, -4.3165542951044671e+00, -3.3955573124747844e+00, -4.5665964396303244e-02, -6.8755625708537771e+00, -2.5836033275906876e+00, -4.6354783942900636e-02
8.9999999999992308e+00, 1.4405625000000310e+02, -1.1601562499999897e-01, 1.0218432333090121e+01, 1.0606858092897538e+01, -1.8577786851125353e+00, 8.9039611860539168e+01, 2.4877162463893441e+01, 3.3337782391881035e+01, 8.9325362664423992e+01, 2.5129730500345431e+01, 3.6834607940198026e+01, -1.4473080170730375e+02, -8.0230556192975044e+01, -5.3553091514678153e+00, -3.9675841224314552e+00, -3.2891885483393057e+00, -7.8330805576586365e-02, -6.4936327208268585e+00, -2.4183584752736738e+00, -7.7425288213989571e-02
7.2187499999993925e+00, 1.4227500000000330e+02, -1.2451171875000228e-01, 6.8043777308671274e+00, 1.0568820914752404e+01, -8.6112242870299838e-01, 8.6065238454428766e+01, 2.4258184663354186e+01, 3.2476794137810110e+01, 8.6603830560410955e+01, 2.4535525329377457e+01, 3.5978119541412468e+01, -1.3965738376346053e+02, -7.7013250040357917e+01, -5.1413071926835219e+00, -3.5308377523287069e+00, -3.1207511984721852e+00, -8.2634596682439471e-02, -6.0400318744162540e+00, -2.1958180399907454e+00, -8.0705706903583474e-02
6.1875000000006413e+00, 1.4086874999999688e+02, -6.6064453125001366e-02, 5.1174913580694925e+00, 1.0371665386959158e+01, -3.1588847725384994e-01, 8.2845676350156680e+01, 2.3283612514256617e+01, 3.1556691819330133e+01, 8.3626366102668356e+01, 2.3580361813011727e+01, 3.5048141782545812e+01, -1.3471951541279236e+02, -7.4166172133939085e+01, -4.9369646419581210e+00, -3.3452557796471596e+00, -3.0391629004940164e+00, -5.4568115411970985e-02, -5.8805737405298908e+00, -2.0759940413609983e+00, -5.3929436145600404e-02
6.0937500000004476e+00, 1.3964999999999679e+02, 3.6181640625001135e-02, 4.9649442239051309e+00, 1.2066675703732868e+01, -1.0016842919394833e+00, 7.9374636754058315e+01, 2.1966626704113317e+01, 3.0507017763580606e+01, 8.0060108822101000e+01, 2.2218485138241782e+01, 3.4020051296045068e+01, -1.3028062121779473e+02, -7.1948566687899216e+01, -4.7851812031306959e+00, -3.4754372852296327e+00, -3.0801518148235134e+00, -6.2665391727997830e-03, -6.0451270912556589e+00, -2.0846969283249828e+00, -7.7086458000636959e-03
6.2812500000000302e+00, 1.3861875000000032e+02, 1.4033203125000004e-01, 5.4220957957844336e+00, 1.3577886506482999e+01, -1.8723644665895307e+00, 7.5589288666175435e+01, 2.0360570768778924e+01, 2.9340740148513220e+01, 7.6311574288081758e+01, 2.0648962840183419e+01, 3.2882604823965409e+01, -1.2566151055295717e+02, -6.9785012371057277e+01, -4.6533938062338231e+00, -3.7372944151285381e+00, -3.1686091742010021e+00, 4.2851702537143647e-02, -6.2977347008713460e+00, -2.1311173450100749e+00, 4.0935963689776832e-02
6.1875000000001936e+00, 1.3730625000000009e+02, 1.9057617187499939e-01, 7.3183713234568355e+00, 1.3503768985349414e+01, -2.5127770384270178e+00, 7.1558073459191746e+01, 1.8608199802417193e+01, 2.8057943143812963e+01, 7.2274290272036481e+01, 1.8961767043469017e+01, 3.1627111699307367e+01, -1.2043432763889490e+02, -6.7329950647924804e+01, -4.5134348951255925e+00, -4.0255760881805642e+00, -3.2598272876186196e+00, 6.3637110127580318e-02, -6.5433812821987081e+00, -2.1791920723011122e+00, 6.2429496550465417e-02
5.5312500000000577e+00, 1.3533749999999964e+02, 1.7373046875000012e-01, 7.0512444414541342e+00, 1.3079031292157605e+01, -2.5689179825536144e+00, 6.8081635704552951e+01, 1.7088366333894829e+01, 2.6665279355543518e+01, 6.7933182451646246e+01, 1.7283522906431184e+01, 3.0265981329679867e+01, -1.1479587790853421e+02, -6.4552374421855447e+01, -4.3687857490875519e+00, -4.2171852005081414e+00, -3.3060324235570269e+00, 5.0420528120825009e-02, -6.6739803034392144e+00, -2.1903662668249941e+00, 5.0407064555338096e-02
4.8749999999996625e+00, 1.3346249999999986e+02, 1.4487304687499958e-01, 5.7385736051302310e+00, 1.4251980352891241e+01, -2.8374968480563325e+00, 6.4393504976427778e+01, 1.5708688289812104e+01, 2.5213563784419620e+01, 6.3809664158683091e+01, 1.5879881700693343e+01, 2.8825208695589748e+01, -1.0922703262569578e+02, -6.1815401312516776e+01, -4.2221667059405306e+00, -4.4233592827445642e+00, -3.3553288105142451e+00, 3.1293607873106810e-02, -6.8109825464612896e+00, -2.2089899939035691e+00, 3.2811423570835246e-02
4.4062499999999742e+00, 1.3186875000000035e+02, 1.4355468749999900e-01, 5.8597068738987463e+00, 1.5139625495109795e+01, -3.1245948527595786e+00, 6.0360803547938353e+01, 1.4529467729676719e+01, 2.3808716513423960e+01, 5.9973239110674825e+01, 1.4845489684068772e+01, 2.7415890909327825e+01, -1.0359172844622888e+02, -5.9123287118301725e+01, -4.0687232991002587e+00, -4.7004400408562397e+00, -3.4208104452309329e+00, 2.4794610181348091e-02, -7.0035393236962529e+00, -2.2447118100883250e+00, 2.8762517746500259e-02
4.1250000000002185e+00, 1.2980624999999986e+02, 1.2905273437499976e-01, 4.5831673227133640e+00, 1.4412761295698047e+01, -2.5392815437267089e+00, 5.7046425969507418e+01, 1.3877741816140212e+01, 2.2506232047567448e+01, 5.6387849365353063e+01, 1.4143113377929307e+01, 2.6096038918774703e+01, -9.7959607240490897e+01, -5.6481722693849804e+01, -3.9276518629984483e+00, -4.9963344135464158e+00, -3.4943605459478206e+00, 1.2082661946923479e-02, -7.2100372480516919e+00, -2.3006649608140521e+00, 1.8681669078085758e-02
4.5937499999999014e+00, 1.2689999999999957e+02, 5.0244140625000364e-02, 3.1812215207866821e+00, 1.3555871897416779e+01, -2.0203535870001375e+00, 5.3898765655079707e+01, 1.3574562495214000e+01, 2.1378662091418718e+01, 5.3021857938916440e+01, 1.3726876018349815e+01, 2.4933539648735017e+01, -9.2702728132387065e+01, -5.4214610182909176e+01, -3.8051530032977974e+00, -5.4598089701187948e+00, -3.6614742066754169e+00, -3.1957755666456186e-02, -7.5784477665678942e+00, -2.4660692458086340e+00, -2.2780311681429716e-02
5.3437500000001288e+00, 1.2343125000000079e+02, -6.0351562499999803e-02, 2.2430810577430487e+00, 1.2935236424339388e+01, -1.8510061096971597e+00, 5.0548136701009213e+01, 1.3439105910768625e+01, 2.0412471210735603e+01, 4.9962986104204695e+01, 1.3547022652750520e+01, 2.3927683731914769e+01, -8.7794680287236531e+01, -5.2168109337250812e+01, -3.6889426133279759e+00, -5.9621016142383461e+00, -3.8551698153784977e+00, -9.1196711024090910e-02, -7.9735223789040681e+00, -2.6682984878464007e+00, -7.9473400385167883e-02
5.6250000000001510e+00, 1.2071250000000069e+02, -1.2275390624999954e-01, 1.3490670975555830e-01, 1.1798922434037447e+01, -1.6562966101546479e+00, 4.7411352895417451e+01, 1.3522907433637149e+01, 1.9581247216517056e+01, 4.7261713279308147e+01, 1.3553444210316501e+01, 2.3061091749483854e+01, -8.3223168789426140e+01, -5.0144667182666524e+01, -3.5655132019040563e+00, -6.2943375234931080e+00, -3.9682968463682742e+00, -1.2491935851436090e-01, -8.2041541124680588e+00, -2.7912510637833057e+00, -1.1139658953274603e-01
5.6249999999998908e+00, 1.1930624999999876e+02, -1.1206054687499993e-01, -2.2298986948465638e+00, 1.0722095606274067e+01, -1.5888673604326016e+00, 4.4500123292023794e+01, 1.3769656216619930e+01, 1.8853389520161070e+01, 4.4799872975930064e+01, 1.3696937712950138e+01, 2.2296336175077098e+01, -7.9073273364553629e+01, -4.8264690079726137e+01, -3.4312319127396242e+00, -6.5461858879050885e+00, -4.0349279684060626e+00, -1.2097517749354032e-01, -8.3619915048479037e+00, -2.8631433463563840e+00, -1.0614554859807024e-01
5.6249999999998934e+00, 1.1846249999999947e+02, -7.3242187499999847e-02, -3.9406308278040902e+00, 1.0750449512977418e+01, -1.6858912668473494e+00, 4.1905061399452727e+01, 1.4150205939355853e+01, 1.8182828061923864e+01, 4.2404182419927785e+01, 1.3928369373371066e+01, 2.1599407050261849e+01, -7.5353530379875394e+01, -4.6611061033385752e+01, -3.3026821349677458e+00, -6.8137922027292408e+00, -4.1033169843126842e+00, -1.0177861381669488e-01, -8.5483208985928822e+00, -2.9393014714641814e+00, -8.5888604186245998e-02
6.0937499999998384e+00, 1.1780625000000143e+02, -5.5810546874999291e-02, -3.9887497437847155e+00, 9.8912257000963510e+00, -2.0315256568411542e+00, 3.9551312153666863e+01, 1.4585367146216159e+01, 1.7544837409485588e+01, 3.9977121869559063e+01, 1.4212817027031454e+01, 2.0948932034863155e+01, -7.2048914132583036e+01, -4.5308826530640808e+01, -3.1860629505607458e+00, -7.2286293397326284e+00, -4.2476701032357562e+00, -9.1989526492295498e-02, -8.9147543748523006e+00, -3.1026264134043773e+00, -7.5393737396336757e-02
7.0312499999999929e+00, 1.1743124999999999e+02, -6.8115234375000402e-02, -2.0074633833766833e+00, 9.0921495445188665e+00, -2.4646476708405061e+00, 3.7419918532654194e+01, 1.5040871433747739e+01, 1.6899513019750550e+01, 3.7560344840365275e+01, 1.4547728322754601e+01, 2.0298985315786766e+01, -6.9066816742381775e+01, -4.4305909275595241e+01, -3.0736690041394747e+00, -7.7858022972110801e+00, -4.4713317988821331e+00, -9.5689574216979600e-02, -9.4826250312061529e+00, -3.3613926032605601e+00, -7.9498393745366464e-02
7.4062500000001066e+00, 1.1752499999999958e+02, -8.1591796875000178e-02, 6.2058953083087509e-01, 9.1682615533489784e+00, -2.9447519909034625e+00, 3.5551116474370431e+01, 1.5534550490131219e+01, 1.6203842624473111e+01, 3.5057728184588292e+01, 1.4851522664873539e+01, 1.9613186717884709e+01, -6.6190764741141805e+01, -4.3201538085902556e+01, -2.9600328117582797e+00, -8.1940513707598797e+00, -4.6347046559639660e+00, -9.8990151314095789e-02, -9.9455872256723978e+00, -3.5681107675444355e+00, -8.4419393458667114e-02
6.5625000000000471e+00, 1.1818125000000079e+02, -7.3681640624999878e-02, 2.4480287890606118e+00, 8.9211720097318281e+00, -3.5315955820488014e+00, 3.3716923154997986e+01, 1.6028738443384523e+01, 1.5442738995259790e+01, 3.2635592180304918e+01, 1.5117062856566157e+01, 1.8867430366305342e+01, -6.3301976619000705e+01, -4.1738565961025287e+01, -2.8362811350033468e+00, -8.2734563985128755e+00, -4.6495863509800701e+00, -9.1329296817722241e-02, -1.0082174679821538e+01, -3.6230502209687487e+00, -7.9439468098896640e-02
4.5937499999999023e+00, 1.1911874999999962e+02, -6.8261718750000047e-02, 3.1388947283857593e+00, 9.0376317208434411e+00, -3.9666293578919145e+00, 3.1827732268988644e+01, 1.6550967795102622e+01, 1.4632333623622399e+01, 3.0532252284577780e+01, 1.5376117790483587e+01, 1.8082438077696029e+01, -6.0322297631651303e+01, -3.9891517118161389e+01, -2.6885984711684534e+00, -8.0689896255736802e+00, -4.5375416291358608e+00, -8.5280289293423128e-02, -9.9094660204782112e+00, -3.5445057896190031e+00, -7.7331276590186876e-02
2.6249999999997593e+00, 1.1977499999999976e+02, -1.0649414062499860e-01, 3.2080382806952952e+00, 8.1854237753096299e+00, -4.2689519806795495e+00, 2.9888484922586468e+01, 1.7146140610169230e+01, 1.3844431264991979e+01, 2.8812157975426423e+01, 1.5623704929175144e+01, 1.7328272056382449e+01, -5.7454297829629361e+01, -3.8084759534208423e+01, -2.5283459642938810e+00, -7.8834293533561137e+00, -4.4458597031957456e+00, -1.0205387072592198e-01, -9.7250570894302371e+00, -3.4875465977687905e+00, -9.9533438290460005e-02
1.6875000000001235e+00, 1.2024375000000073e+02, -1.7241210937499984e-01, 3.3267670231579971e+00, 6.4966532064983067e+00, -4.3619773590536610e+00, 2.7973745968193576e+01, 1.7827447839645735e+01, 1.3172640235750185e+01, 2.7637818463805846e+01, 1.5916353851272614e+01, 1.6693008129236979e+01, -5.4993400760393385e+01, -3.6843481972174651e+01, -2.3854066319246958e+00, -7.9947106518405819e+00, -4.4997585826306938e+00, -1.3430133409327574e-01, -9.8525643911692100e+00, -3.5925255629192088e+00, -1.3967541094437083e-01
1.8750000000003109e+00, 1.2108750000000001e+02, -1.8618164062500087e-01, 4.2758535152791390e+00, 4.1111761864426208e+00, -3.6221805961613356e+00, 2.6321567687959838e+01, 1.8575768002172769e+01, 1.2683524831163828e+01, 2.7057020106571859e+01, 1.6277141432505381e+01, 1.6247401971728042e+01, -5.2753641957382449e+01, -3.6219312154191307e+01, -2.2635129324807224e+00, -8.4462255959152657e+00, -4.6963370004810496e+00, -1.4347916693851379e-01, -1.0387780755960522e+01, -3.8664350445792555e+00, -1.5917388040889649e-01
3.4687500000000799e+00, 1.2277499999999961e+02, -9.7119140624999392e-02, 6.4113725472563736e+00, 2.1187458269401063e+00, -2.1207366033507604e+00, 2.5094164256771517e+01, 1.9278789426320699e+01, 1.2409415812508657e+01, 2.6861598576999675e+01, 1.6638501057419916e+01, 1.6017650028589845e+01, -5.0818792687278211e+01, -3.6381589591171206e+01, -2.1647052094053878e+00, -9.3426361447846737e+00, -5.0725513900160761e+00, -1.0593177632593789e-01, -1.1444074518902655e+01, -4.3412660177740392e+00, -1.3212879340317377e-01
6.6562499999998792e+00, 1.2540000000000016e+02, 4.8486328125000124e-02, 8.9799711345347841e+00, 2.2261581579087499e+00, -2.2614302667254194e-01, 2.4458869308750781e+01, 1.9799810351564350e+01, 1.2333329186847260e+01, 2.6818942581982135e+01, 1.6925742871827492e+01, 1.5990892443053983e+01, -4.9435590546282114e+01, -3.7452554592139386e+01, -2.0793060697651460e+00, -1.0784060747801799e+01, -5.6883587145138117e+00, -4.5697293209772713e-02, -1.3070391125315950e+01, -5.0570303377978094e+00, -7.8755423233620503e-02
1.1249999999999913e+01, 1.2830625000000066e+02, 1.6362304687499901e-01, 1.1555108469145408e+01, 2.5720681271641412e+00, 1.8313085470501811e+00, 2.4399713960892282e+01, 2.0022206154683236e+01, 1.2418663792392165e+01, 2.6676704020374700e+01, 1.7071377612249137e+01, 1.6128756516118159e+01, -4.8488555433687083e+01, -3.9149791228363874e+01, -1.9727316176087941e+00, -1.2725730360663956e+01, -6.5421745782773408e+00, -5.0899381667011551e-03, -1.5128933207048078e+01, -5.9880907440608429e+00, -3.7979724331504899e-02
1.6687500000000433e+01, 1.3111874999999901e+02, 2.1958007812500324e-01, 1.4030900990954258e+01, 3.6093067074153966e+00, 3.3339344225934120e+00, 2.4643676021158964e+01, 1.9887974693256211e+01, 1.2610327992312728e+01, 2.6128918207665272e+01, 1.7006277151822406e+01, 1.6375805106291626e+01, -4.7972532850697213e+01, -4.1168460747705723e+01, -1.8439568708905461e+00, -1.4964348448995509e+01, -7.5501589448903665e+00, 4.9285089619758443e-03, -1.7344479993608001e+01, -7.0304504688461948e+00, -1.9823947327560182e-02
2.1281250000000007e+01, 1.3411874999999864e+02, 2.3789062500000246e-01, 1.5950369701197101e+01, 4.8104283673985435e+00, 3.8888253651010771e+00, 2.4834694396895454e+01, 1.9452963344528516e+01, 1.2851312354633373e+01, 2.5098019354033912e+01, 1.6733642968031447e+01, 1.6674348307580654e+01, -4.7662981166346000e+01, -4.2948559348756540e+01, -1.7169915034600522e+00, -1.6987043416470506e+01, -8.4787722162054884e+00, -4.0570248857786650e-04, -1.9191614170069226e+01, -7.9428743266469590e+00, -1.1214314715203622e-02
2.2593749999999677e+01, 1.3730625000000100e+02, 2.0595703124999865e-01, 1.6948216425684663e+01, 6.6310870889304567e+00, 3.9217428009126323e+00, 2.4635976417564123e+01, 1.8854056560436987e+01, 1.3112976297564877e+01, 2.3807581891354808e+01, 1.6344596245066402e+01, 1.6987786538567814e+01, -4.6898649413866657e+01, -4.3601265298803852e+01, -1.6057362582519474e+00, -1.8088644824035804e+01, -9.0103593698212325e+00, -2.3478153371666838e-02, -2.0032644856275425e+01, -8.4250003609245052e+00, -1.9205025149313937e-02
1.9125000000000107e+01, 1.4030625000000094e+02, 8.5693359375000167e-02, 1.6353601135699726e+01, 8.9263616798722900e+00, 3.5627032554385494e+00, 2.3753262001128025e+01, 1.8191929371081759e+01, 1.3386329748431994e+01, 2.2401214625490635e+01, 1.5886258171684805e+01, 1.7307120596594540e+01, -4.5286308041265457e+01, -4.2575095558063680e+01, -1.5160995236808079e+00, -1.7813657727016420e+01, -8.9496496623348349e+00, -8.1168577884024123e-02, -1.9515805071641612e+01, -8.3124425959511168e+00, -6.5599359815598127e-02
1.1812499999999826e+01, 1.4293124999999947e+02, -1.0458984374999969e-01, 1.3950801080746810e+01, 9.3560536775657752e+00, 2.3806997437567965e+00, 2.2078286947637856e+01, 1.7510951084164969e+01, 1.3707543969476934e+01, 2.0906008990576726e+01, 1.5370228536328836e+01, 1.7663741968263174e+01, -4.3165992676741354e+01, -4.0231809364177700e+01, -1.4479914939012666e+00, -1.6367393963835223e+01, -8.3928330186770808e+00, -1.6524330317817987e-01, -1.7946607496587305e+01, -7.7340683929185552e+00, -1.4592028512793936e-01
3.3749999999999796e+00, 1.4527500000000020e+02, -2.8461914062499954e-01, 1.0212071457190120e+01, 1.0585367001688130e+01, 4.0080874851677351e-01, 1.9985911553399784e+01, 1.6858901867163535e+01, 1.4104608207317320e+01, 1.9469867628855614e+01, 1.4847278639997930e+01, 1.8089022430497081e+01, -4.1234840229082018e+01, -3.7543113618497657e+01, -1.3888364810017395e+00, -1.4494008508451195e+01, -7.6581048629533699e+00, -2.4009676080776282e-01, -1.6107824216462426e+01, -7.0211506087609354e+00, -2.2484846731064395e-01
-4.0312499999998552e+00, 1.4752500000000040e+02, -3.8232421874999950e-01, 5.6609202892535642e+00, 1.2994012333024070e+01, -2.0812650468767444e+00, 1.7931593555877196e+01, 1.6242504816398135e+01, 1.4616899764584582e+01, 1.8153742266181705e+01, 1.4356307281213601e+01, 1.8621306716239037e+01, -3.9916431825318014e+01, -3.5253967754247853e+01, -1.3195152152276826e+00, -1.2836779506611135e+01, -7.0096893102180440e+00, -2.7548095902359926e-01, -1.4577247781871236e+01, -6.4201165343087512e+00, -2.6799159790224270e-01
-9.2812499999998970e+00, 1.4939999999999910e+02, -3.7470703124999899e-01, 1.6654576445420290e+00, 1.4779359368979131e+01, -4.5631530771614273e+00, 1.6192244616891731e+01, 1.5619169487730185e+01, 1.5245313581757788e+01, 1.6838194191759818e+01, 1.3873698276810849e+01, 1.9259765107262240e+01, -3.9077830581170630e+01, -3.3654018446570099e+01, -1.2234189153973010e+00, -1.1741804625323212e+01, -6.5803807629467643e+00, -2.6358496039043899e-01, -1.3605362509081912e+01, -6.0404734178522688e+00, -2.6301538609742053e-01
-1.1812500000000096e+01, 1.5014999999999984e+02, -2.7421874999999984e-01, -3.8149241302807546e-01, 1.5475452557008584e+01, -6.2265395381708064e+00, 1.4987275724200421e+01, 1.5007822832685985e+01, 1.5962045895354480e+01, 1.5492966896687479e+01, 1.3394193791125531e+01, 1.9973676213729565e+01, -3.8297504825071435e+01, -3.2790727827436619e+01, -1.1089668196353868e+00, -1.1348734315473310e+01, -6.4143408267913253e+00, -2.1153572436480253e-01, -1.3253702602630121e+01, -5.9106357227142743e+00, -2.1386283630833508e-01
-1.2093750000000103e+01, 1.4977500000000055e+02, -1.0649414062500008e-01, -4.3458778004402898e-01, 1.6274745310697718e+01, -6.6905323657294176e+00, 1.4224491388713922e+01, 1.4412272237651258e+01, 1.6708186568383866e+01, 1.4273759157705983e+01, 1.2952908474361914e+01, 2.0707676117068257e+01, -3.7293052193902085e+01, -3.2559902275716759e+01, -1.0087727471160512e+00, -1.1545122934578560e+01, -6.4582422770240404e+00, -1.3078589187368134e-01, -1.3400545834042578e+01, -5.9754001240633858e+00, -1.3194794581912916e-01
-1.1437499999999709e+01, 1.4874375000000001e+02, 9.4189453125000031e-02, 4.0965002881943136e-01, 1.7407238793252443e+01, -6.1944323740116101e+00, 1.3628809234530900e+01, 1.3841579542090809e+01, 1.7441290944874670e+01, 1.3257778015421200e+01, 1.2566067894467519e+01, 2.1418312372661006e+01, -3.5938116550564416e+01, -3.2617748318000551e+01, -9.4260526345994888e-01, -1.1983887607795882e+01, -6.5698397698125577e+00, -3.5298116001449178e-02, -1.3756238555138113e+01, -6.1073808394630129e+00, -3.4186377604550025e-02
-1.0593749999999906e+01, 1.4743124999999981e+02, 2.7832031249999939e-01, 1.2135036449875187e+00, 1.7918313573243445e+01, -5.1354892228418372e+00, 1.3047802047094915e+01, 1.3336344349420024e+01, 1.8118232772312286e+01, 1.2448760451369266e+01, 1.2239978292189379e+01, 2.2078095547849664e+01, -3.4307466831548489e+01, -3.2718364735896678e+01, -9.0037853575695936e-01, -1.2448412616554723e+01, -6.6782857897582897e+00, 5.3024443444808042e-02, -1.4140901630724315e+01, -6.2441737857443194e+00, 5.5516682195524122e-02
-9.1875000000000675e+00, 1.4602499999999995e+02, 3.8774414062499984e-01, 2.1688884638975452e+00, 1.7570458233708390e+01, -3.9182597785374575e+00, 1.2385106634896733e+01, 1.2926717699796212e+01, 1.8712744557406435e+01, 1.1885017700637416e+01, 1.2002495556779536e+01, 2.2657758576030627e+01, -3.2703836726293872e+01, -3.2999744700050982e+01, -8.6476002351933023e-01, -1.3025156118296993e+01, -6.8528611473531260e+00, 1.0607940238796713e-01, -1.4659433867234256e+01, -6.4593966362246853e+00, 1.0813987684419056e-01
-7.2187500000001830e+00, 1.4452500000000052e+02, 3.8232421874999906e-01, 3.4591079434190801e+00, 1.6511604744691478e+01, -2.7878631364368438e+00, 1.1665071566817499e+01, 1.2645092349462063e+01, 1.9199770002570144e+01, 1.1452764737782640e+01, 1.1857505053268003e+01, 2.3140671317183013e+01, -3.1251375089396483e+01, -3.3470975317483266e+01, -8.2111408449431156e-01, -1.3704486855423944e+01, -7.1096608901672411e+00, 1.0334501393438404e-01, -1.5313257845030259e+01, -6.7691620612442023e+00, 1.0335209970313175e-01
-5.4375000000002238e+00, 1.4358750000000063e+02, 2.5913085937499897e-01, 4.6583956091430085e+00, 1.6046372640286464e+01, -1.8009282806900799e+00, 1.0919792916078368e+01, 1.2505333603700292e+01, 1.9578333884508353e+01, 1.1062776297650597e+01, 1.1825895236418637e+01, 2.3522746113904201e+01, -2.9893346064394180e+01, -3.3977808187570581e+01, -7.5630697462324237e-01, -1.4345648443859632e+01, -7.3959381583186916e+00, 4.2643071285848377e-02, -1.5963109618566175e+01, -7.1125259088125130e+00, 4.0370378996793410e-02
-4.3124999999996207e+00, 1.4339999999999938e+02, 5.7714843750000668e-02, 4.9276896940940063e+00, 1.4540755766153637e+01, -1.1134565028984120e+00, 1.0222303768059451e+01, 1.2510738506118457e+01, 1.9874744080952173e+01, 1.0711725000489647e+01, 1.1948032213215066e+01, 2.3828546134857358e+01, -2.8752433221002899e+01, -3.4492999648763636e+01, -6.8869212836579774e-01, -1.4846851860905868e+01, -7.6559880195723915e+00, -5.7212697037605301e-02, -1.6497185492453688e+01, -7.4278608750143551e+00, -6.1138114311847208e-02
-3.5624999999999130e+00, 1.4386874999999935e+02, -1.3447265624999954e-01, 4.0911319766881942e+00, 1.2580668684069281e+01, -1.2762194205726178e+00, 9.7442185553128979e+00, 1.2669018156313649e+01, 2.0112795198717290e+01, 1.0348117709999132e+01, 1.2225219639519770e+01, 2.4087017627480765e+01, -2.8395288635585370e+01, -3.5354949241894346e+01, -6.7210630259092774e-01, -1.5295613284311225e+01, -7.8970453672190333e+00, -1.5389332607241807e-01, -1.6965639253880813e+01, -7.7154034057803065e+00, -1.5886724434421468e-01
-1.5937500000002904e+00, 1.4574375000000018e+02, -1.0708007812500016e-01, 3.8428005655631354e+00, 7.4613841642857190e+00, -5.3774092632193629e+00, 9.2226657725304033e+00, 1.2916464502590028e+01, 2.0335718481029428e+01, 9.5843082560934310e+00, 1.2607134477288342e+01, 2.4335232798872077e+01, -3.0914573246251972e+01, -3.8034229721343117e+01, -8.7729423240178384e-01, -1.6133893462924114e+01, -8.2706289378209963e+00, -1.4506282567975404e-01, -1.7729998365453440e+01, -8.1138318376527803e+00, -1.5065056785487507e-01
-1.5937500000002895e+00, 1.4574375000000018e+02, -1.0708007812500016e-01, 2.1764235688516469e+00, 2.9272095773163738e+00, -3.8782207167552034e+00, 9.3846851750269042e+00, 1.3237696197360910e+01, 2.0580316202387873e+01, 9.7766008301536793e+00, 1.3116637382156553e+01, 2.4606640690049893e+01, -3.0037283443178143e+01, -3.8130364071385713e+01, -8.2250563422537348e-01, -1.6303958686808048e+01, -8.3022201939499372e+00, -1.4508013798647396e-01, -1.7850264430751981e+01, -8.1711274255226982e+00, -1.5131254594011292e-01
