0,0.027458,-0.023555,0.95622,-0.029634,0.22299,0.04365,-0.071811,-0.26648,-0.16549,0.074949,0.15848,-0.017491,0.10036,-0.15002,-0.03168,0.11439,-0.32253,0.22506,-0.038933,0.28543,0.10334,-0.14281,-0.17971,-0.2336,0.050877,-0.12042,-0.020523,-0.027571,0.10179,-0.030558,0.0014407,0.41829,0.13134,-0.094781,-0.22058,0.57768,-0.11844,-0.4332,1.5014,0.084266,-0.23466,0.041917,0.040121,-0.24762,-0.76931,0.11178,-0.44192,-1.5087,-0.079248,0.025931,0.02781
0.02,0.02782,-0.022818,0.95623,-0.029156,0.22291,0.044473,-0.073234,-0.26665,-0.16514,0.074764,0.16011,-0.015723,0.10028,-0.15151,-0.034869,0.11198,-0.32242,0.21881,-0.038855,0.2853,0.10412,-0.14188,-0.18076,-0.22911,0.049375,-0.11963,-0.020625,-0.026855,0.10099,-0.030378,0.0011648,0.41824,0.13148,-0.096129,-0.2185,0.58524,-0.122,-0.43991,1.4927,0.084856,-0.23466,0.041735,0.044722,-0.24415,-0.76651,0.11202,-0.44496,-1.5069,-0.080025,0.026402,0.028055
0.04,0.028132,-0.022096,0.95623,-0.028872,0.2229,0.045568,-0.07458,-0.26692,-0.16489,0.074752,0.16182,-0.013686,0.09989,-0.15312,-0.038486,0.10968,-0.32261,0.21226,-0.038742,0.28543,0.10489,-0.1409,-0.18194,-0.22443,0.048354,-0.11864,-0.020734,-0.026472,0.10004,-0.030305,0.0009649,0.41799,0.13155,-0.09733,-0.21618,0.59222,-0.12526,-0.44657,1.4851,0.085322,-0.23476,0.041607,0.049554,-0.24054,-0.76351,0.11231,-0.44833,-1.5051,-0.080801,0.026827,0.028288
0.06,0.028355,-0.021416,0.95622,-0.028901,0.223,0.046937,-0.075725,-0.26743,-0.16472,0.074981,0.16364,-0.011269,0.099013,-0.15483,-0.042694,0.10773,-0.32332,0.20577,-0.038649,0.28609,0.1055,-0.13976,-0.18335,-0.21966,0.047952,-0.11729,-0.020795,-0.026465,0.098856,-0.03031,0.00092959,0.41747,0.13137,-0.098249,-0.21361,0.59804,-0.12803,-0.4529,1.4791,0.085616,-0.23492,0.041535,0.054577,-0.23685,-0.76042,0.11279,-0.45193,-1.5032,-0.08158,0.027183,0.028504
0.08,0.028456,-0.020814,0.95617,-0.029254,0.2233,0.048297,-0.076522,-0.26835,-0.16436,0.075399,0.16562,-0.0085316,0.097641,-0.15656,-0.047413,0.10642,-0.32468,0.20019,-0.038704,0.28752,0.10572,-0.13833,-0.18504,-0.21511,0.047958,-0.11549,-0.02069,-0.026606,0.097423,-0.030231,0.0011041,0.41675,0.13071,-0.098787,-0.21098,0.60245,-0.13028,-0.45854,1.4751,0.085783,-0.23499,0.041474,0.059563,-0.23328,-0.7576,0.11356,-0.45533,-1.5007,-0.082389,0.027482,0.028714
0.1,0.028408,-0.020324,0.95611,-0.029847,0.22384,0.049258,-0.076882,-0.26986,-0.16343,0.075894,0.16775,-0.005655,0.095916,-0.15823,-0.052447,0.10593,-0.32671,0.19635,-0.039017,0.28978,0.10538,-0.13656,-0.18696,-0.211,0.048028,-0.11314,-0.020304,-0.026604,0.095768,-0.029883,0.0014163,0.41593,0.12943,-0.098912,-0.20856,0.60579,-0.1322,-0.46311,1.4724,0.085913,-0.2349,0.04138,0.064299,-0.23003,-0.75531,0.11466,-0.4582,-1.4972,-0.083283,0.02776,0.028937
0.12,0.02818,-0.019968,0.95602,-0.030528,0.2247,0.049478,-0.076819,-0.27211,-0.16157,0.076369,0.17006,-0.0028848,0.094048,-0.15975,-0.057568,0.10627,-0.32935,0.19461,-0.039623,0.29273,0.1044,-0.1345,-0.18899,-0.20737,0.047843,-0.11018,-0.019574,-0.026249,0.093953,-0.029139,0.0016865,0.41506,0.12762,-0.098684,-0.2066,0.60889,-0.13408,-0.46647,1.47,0.086098,-0.23467,0.041238,0.068677,-0.2272,-0.75352,0.11605,-0.46047,-1.4927,-0.084309,0.028051,0.029192
0.14,0.027746,-0.019743,0.95591,-0.031131,0.22591,0.048769,-0.076452,-0.27522,-0.15861,0.076783,0.17253,-0.00046951,0.092238,-0.16104,-0.062536,0.10727,-0.33253,0.19486,-0.040475,0.29606,0.10286,-0.13231,-0.19095,-0.20412,0.047156,-0.10653,-0.018508,-0.025411,0.092053,-0.027954,0.0017415,0.41409,0.12559,-0.098255,-0.20529,0.61267,-0.13622,-0.46866,1.4668,0.086397,-0.2344,0.041059,0.072635,-0.22486,-0.7521,0.11763,-0.46225,-1.4869,-0.085475,0.02836,0.029482
0.16,0.027076,-0.019618,0.9558,-0.031527,0.22753,0.047168,-0.075973,-0.27923,-0.15459,0.077154,0.17515,0.0014112,0.090616,-0.16204,-0.067138,0.10862,-0.33616,0.19649,-0.041467,0.29941,0.10098,-0.13017,-0.1926,-0.20105,0.045819,-0.10211,-0.01719,-0.024043,0.09015,-0.02638,0.0015313,0.41286,0.12372,-0.097837,-0.20476,0.61761,-0.13872,-0.4699,1.4622,0.086823,-0.2342,0.040865,0.076089,-0.22306,-0.75098,0.11934,-0.46365,-1.4802,-0.086725,0.028665,0.029792
0.18,0.02614,-0.019542,0.9557,-0.031667,0.2296,0.044941,-0.075584,-0.28412,-0.14986,0.077529,0.17785,0.0027014,0.08922,-0.16265,-0.071258,0.10999,-0.34027,0.19871,-0.042476,0.30247,0.099027,-0.1282,-0.1938,-0.19798,0.043857,-0.096854,-0.015761,-0.022216,0.088331,-0.024562,0.0011377,0.41121,0.12232,-0.097624,-0.20509,0.6236,-0.14145,-0.4705,1.4561,0.087347,-0.23407,0.040666,0.078954,-0.22187,-0.75024,0.12119,-0.46476,-1.4729,-0.087959,0.028938,0.030092
0.2,0.024909,-0.019456,0.95562,-0.031593,0.23216,0.042489,-0.075431,-0.28987,-0.14489,0.077952,0.18056,0.0034676,0.088005,-0.16283,-0.074925,0.11113,-0.34496,0.20081,-0.043411,0.30512,0.097203,-0.12645,-0.19446,-0.19484,0.041514,-0.090737,-0.014382,-0.020171,0.086672,-0.022711,0.00068629,0.40904,0.12155,-0.097716,-0.20637,0.63022,-0.14418,-0.47074,1.4493,0.087917,-0.23395,0.040459,0.081225,-0.22139,-0.74995,0.12313,-0.46565,-1.4654,-0.089078,0.02917,0.030361
0.22,0.023356,-0.019315,0.95557,-0.031411,0.23527,0.040205,-0.075575,-0.29649,-0.14015,0.07845,0.18323,0.0038469,0.086878,-0.16257,-0.078275,0.11196,-0.35047,0.20237,-0.04425,0.30745,0.0956,-0.12481,-0.19459,-0.19164,0.039187,-0.08377,-0.013186,-0.018263,0.085208,-0.02104,0.00027708,0.40639,0.12137,-0.098103,-0.20863,0.6371,-0.14677,-0.47087,1.442,0.08849,-0.23378,0.040236,0.083013,-0.22165,-0.75021,0.12511,-0.46646,-1.4582,-0.090026,0.029391,0.030593
0.24,0.021456,-0.019099,0.95553,-0.031262,0.23906,0.038365,-0.07598,-0.30409,-0.13597,0.079024,0.18587,0.0039949,0.085755,-0.1619,-0.081465,0.11254,-0.3571,0.20339,-0.045026,0.30969,0.094177,-0.1231,-0.19428,-0.18848,0.037268,-0.076001,-0.012239,-0.016811,0.083895,-0.019701,-6.5507e-06,0.40334,0.12159,-0.098714,-0.21184,0.64408,-0.14924,-0.47109,1.4346,0.089044,-0.2335,0.039992,0.084487,-0.22263,-0.75113,0.12711,-0.46739,-1.4514,-0.090825,0.029647,0.030805
0.26,0.019185,-0.018816,0.9555,-0.031303,0.24371,0.037092,-0.076523,-0.31293,-0.13252,0.079642,0.18858,0.0040705,0.084598,-0.16088,-0.084612,0.11309,-0.36522,0.20416,-0.04577,0.31212,0.092802,-0.12118,-0.19364,-0.18552,0.036012,-0.067501,-0.011534,-0.015965,0.082616,-0.018738,-6.4725e-05,0.39997,0.12189,-0.099475,-0.21586,0.65113,-0.15178,-0.47158,1.4269,0.089578,-0.23314,0.039732,0.085777,-0.22431,-0.75296,0.12922,-0.46857,-1.4449,-0.091562,0.029977,0.031027
0.28,0.016519,-0.018485,0.95546,-0.03167,0.24946,0.036371,-0.077037,-0.32334,-0.1298,0.080228,0.19153,0.0042305,0.083428,-0.1596,-0.087784,0.11384,-0.37518,0.20514,-0.046472,0.31501,0.091316,-0.11899,-0.19277,-0.18292,0.035476,-0.058362,-0.011015,-0.015668,0.081246,-0.018104,0.0002008,0.39624,0.12194,-0.10036,-0.22057,0.65829,-0.15458,-0.47251,1.419,0.090102,-0.23272,0.039461,0.086912,-0.22669,-0.75597,0.13163,-0.47002,-1.438,-0.092335,0.03039,0.031282
0.3,0.013434,-0.018134,0.9554,-0.032415,0.25652,0.036079,-0.077399,-0.3357,-0.12766,0.080698,0.19493,0.0045822,0.082299,-0.15811,-0.090998,0.11495,-0.38728,0.20678,-0.047066,0.3185,0.089573,-0.11657,-0.19171,-0.18078,0.035497,-0.048687,-0.010619,-0.015684,0.079693,-0.017692,0.00082432,0.39198,0.12156,-0.10144,-0.2259,0.66578,-0.15787,-0.474,1.4105,0.090635,-0.23225,0.039177,0.087804,-0.22986,-0.76017,0.13449,-0.47162,-1.4306,-0.093187,0.03085,0.031571
0.32,0.0099059,-0.017785,0.9553,-0.03347,0.26508,0.036033,-0.077624,-0.35035,-0.12591,0.081029,0.19896,0.0051036,0.081248,-0.15648,-0.094207,0.11647,-0.40171,0.20945,-0.047465,0.32264,0.08747,-0.11409,-0.19047,-0.17916,0.035689,-0.038561,-0.010313,-0.015612,0.077884,-0.017375,0.0017479,0.38687,0.12082,-0.10294,-0.23186,0.67437,-0.16188,-0.47615,1.4006,0.091243,-0.23174,0.038859,0.088242,-0.23393,-0.76527,0.13785,-0.47305,-1.4225,-0.094069,0.031282,0.031862
0.34,0.0059185,-0.017452,0.95512,-0.034694,0.27532,0.036043,-0.077855,-0.36755,-0.12432,0.081326,0.20376,0.0056197,0.080241,-0.15473,-0.097348,0.11834,-0.4186,0.21339,-0.047612,0.32739,0.084959,-0.11171,-0.18902,-0.17807,0.035534,-0.028051,-0.010097,-0.014964,0.075751,-0.01703,0.0028801,0.38055,0.11996,-0.10521,-0.23854,0.68514,-0.16682,-0.479,1.3883,0.092032,-0.23116,0.038466,0.087957,-0.23907,-0.77081,0.14168,-0.47395,-1.4139,-0.09488,0.031586,0.032106
0.36,0.0014579,-0.017142,0.95486,-0.035968,0.28738,0.035991,-0.078273,-0.3875,-0.12266,0.081798,0.20935,0.0058999,0.079173,-0.15289,-0.10045,0.12057,-0.43809,0.21871,-0.047517,0.33277,0.08208,-0.10955,-0.18734,-0.17754,0.034631,-0.01725,-0.0099723,-0.013382,0.073285,-0.01656,0.0041863,0.37268,0.11919,-0.10849,-0.24613,0.69871,-0.17272,-0.48248,1.3729,0.093074,-0.23049,0.037966,0.086785,-0.24545,-0.77664,0.14598,-0.47401,-1.4048,-0.095565,0.0317,0.032273
0.38,-0.0034839,-0.016853,0.95449,-0.037265,0.30139,0.035878,-0.078997,-0.41034,-0.12081,0.082642,0.21571,0.0058361,0.077923,-0.15098,-0.1037,0.12323,-0.46035,0.22535,-0.047281,0.33886,0.078987,-0.1077,-0.18542,-0.17759,0.032987,-0.0063243,-0.0099027,-0.010947,0.070611,-0.015943,0.0056918,0.36296,0.11856,-0.11267,-0.25489,0.71442,-0.17923,-0.48636,1.3551,0.094318,-0.22972,0.037373,0.084908,-0.25333,-0.7832,0.15084,-0.47319,-1.3947,-0.096194,0.031653,0.032388
0.4,-0.0089068,-0.016583,0.954,-0.038628,0.31742,0.035789,-0.080057,-0.4361,-0.11873,0.083922,0.22283,0.0055627,0.07644,-0.14906,-0.10743,0.12644,-0.48548,0.23313,-0.047074,0.34573,0.075934,-0.10612,-0.18329,-0.17826,0.031086,0.0045073,-0.0098192,-0.0082652,0.06801,-0.015252,0.0073621,0.35118,0.11796,-0.11715,-0.26523,0.73048,-0.18562,-0.49015,1.3367,0.09557,-0.22885,0.03675,0.082928,-0.26296,-0.79122,0.15626,-0.47179,-1.3828,-0.096943,0.031575,0.032525
0.42,-0.014799,-0.016327,0.95338,-0.040083,0.33543,0.035808,-0.081448,-0.46478,-0.11654,0.085545,0.23079,0.0054059,0.074787,-0.14722,-0.11192,0.13034,-0.51345,0.24184,-0.047094,0.35343,0.073168,-0.10471,-0.18098,-0.17952,0.029625,0.015066,-0.0096614,-0.0061921,0.065812,-0.014631,0.0089821,0.33726,0.11729,-0.12111,-0.27762,0.74496,-0.19117,-0.4932,1.3199,0.096597,-0.22796,0.036184,0.081644,-0.27462,-0.80116,0.16202,-0.47032,-1.3686,-0.097976,0.031638,0.032765
0.44,-0.021136,-0.016076,0.95261,-0.041593,0.35528,0.035945,-0.083192,-0.49629,-0.1144,0.087342,0.23974,0.0056853,0.073121,-0.14555,-0.11726,0.13498,-0.54409,0.25139,-0.04748,0.36196,0.070801,-0.10332,-0.17854,-0.18131,0.029102,0.025299,-0.0094224,-0.0053441,0.064254,-0.014226,0.010174,0.32125,0.11651,-0.12391,-0.29248,0.75698,-0.19546,-0.49488,1.306,0.097259,-0.22708,0.03573,0.081654,-0.28846,-0.8127,0.1677,-0.46919,-1.3524,-0.099315,0.031966,0.033144
0.46,-0.027886,-0.01582,0.95168,-0.043085,0.37677,0.036155,-0.085342,-0.53045,-0.11247,0.089165,0.24983,0.006522,0.071631,-0.14414,-0.12334,0.14036,-0.57712,0.26191,-0.048208,0.37126,0.068715,-0.10181,-0.17604,-0.18351,0.029579,0.035286,-0.0091491,-0.0057799,0.063383,-0.014102,0.010565,0.30333,0.11567,-0.12544,-0.31012,0.76707,-0.19852,-0.49475,1.2948,0.097578,-0.22623,0.035383,0.083089,-0.30462,-0.82501,0.17286,-0.46853,-1.3353,-0.10082,0.032581,0.033635
0.48,-0.035013,-0.015545,0.95057,-0.044531,0.39969,0.036385,-0.087927,-0.56705,-0.11087,0.090944,0.26112,0.0078027,0.07046,-0.14304,-0.12986,0.14646,-0.61228,0.27364,-0.049039,0.38135,0.066571,-0.10013,-0.17357,-0.186,0.030747,0.045178,-0.0088976,-0.0070466,0.063066,-0.014221,0.0099789,0.2838,0.11474,-0.12612,-0.33064,0.77671,-0.20062,-0.49272,1.2852,0.097699,-0.2254,0.035093,0.085644,-0.32313,-0.83728,0.17723,-0.46815,-1.3181,-0.1023,0.033398,0.034169
0.5,-0.04248,-0.015241,0.94926,-0.045997,0.42387,0.036637,-0.090933,-0.60587,-0.1098,0.092681,0.27357,0.0093,0.069643,-0.14225,-0.13655,0.1533,-0.64942,0.28677,-0.04958,0.3923,0.063931,-0.098308,-0.17126,-0.18858,0.032168,0.055097,-0.0086809,-0.0084852,0.063068,-0.014452,0.0085425,0.26301,0.1136,-0.12662,-0.35395,0.78716,-0.20193,-0.48901,1.2759,0.097774,-0.22461,0.034812,0.088822,-0.34403,-0.84923,0.18085,-0.46773,-1.3015,-0.1036,0.034271,0.034678
0.52,-0.050242,-0.014909,0.94776,-0.047599,0.44921,0.036941,-0.09434,-0.64667,-0.10957,0.094442,0.28699,0.010819,0.069093,-0.14172,-0.14311,0.16092,-0.68846,0.30135,-0.049435,0.40417,0.06046,-0.096407,-0.16921,-0.19105,0.033439,0.065066,-0.008444,-0.0095217,0.063157,-0.014609,0.0066366,0.2413,0.11206,-0.12754,-0.37985,0.79869,-0.20235,-0.48401,1.2666,0.097874,-0.22389,0.034525,0.092181,-0.36736,-0.86117,0.18393,-0.46692,-1.2858,-0.10467,0.035049,0.035115
0.54,-0.058246,-0.014569,0.94604,-0.049416,0.47566,0.037271,-0.098159,-0.6892,-0.11058,0.096323,0.3011,0.012247,0.068643,-0.14136,-0.14923,0.16952,-0.72933,0.31737,-0.048392,0.417,0.056101,-0.094468,-0.16749,-0.19327,0.0342,0.074981,-0.0080766,-0.0097809,0.063192,-0.014483,0.0047167,0.21898,0.11007,-0.12914,-0.40812,0.81042,-0.20153,-0.47804,1.2579,0.097968,-0.22332,0.034267,0.095464,-0.39317,-0.87342,0.18655,-0.46549,-1.2711,-0.10552,0.035615,0.035456
0.56,-0.066423,-0.014261,0.94412,-0.051418,0.50315,0.037478,-0.10247,-0.73316,-0.1133,0.098436,0.31563,0.013525,0.068122,-0.14103,-0.15438,0.17945,-0.77182,0.335,-0.04653,0.43074,0.051107,-0.092482,-0.16611,-0.19521,0.034112,0.08466,-0.0074596,-0.0090835,0.063157,-0.013885,0.0030967,0.19624,0.10777,-0.13129,-0.43855,0.82089,-0.19909,-0.47129,1.251,0.097948,-0.22301,0.034103,0.098605,-0.42149,-0.8858,0.18856,-0.46337,-1.2583,-0.10614,0.035906,0.035681
0.58,-0.074695,-0.014027,0.94202,-0.053483,0.5316,0.037378,-0.1075,-0.77822,-0.11831,0.10088,0.3303,0.014645,0.067421,-0.14054,-0.15791,0.19119,-0.8156,0.35449,-0.044164,0.44523,0.045931,-0.090407,-0.16506,-0.19694,0.032954,0.093944,-0.0065321,-0.0074551,0.06311,-0.01273,0.0018282,0.17323,0.10537,-0.13357,-0.47105,0.82853,-0.19474,-0.46376,1.2475,0.097681,-0.22305,0.034107,0.10165,-0.45224,-0.89739,0.18958,-0.46064,-1.2483,-0.10642,0.035897,0.035761
0.6,-0.082983,-0.013883,0.93977,-0.055485,0.56084,0.036927,-0.11371,-0.82398,-0.12647,0.10373,0.34493,0.015721,0.066499,-0.13972,-0.15918,0.20514,-0.8602,0.37602,-0.041707,0.46017,0.041051,-0.088179,-0.16424,-0.19856,0.030776,0.10277,-0.0053368,-0.0051492,0.063081,-0.011113,0.0007352,0.15009,0.10304,-0.13538,-0.50552,0.832,-0.18838,-0.4553,1.2487,0.097048,-0.2235,0.034332,0.10467,-0.48523,-0.90696,0.18932,-0.45743,-1.242,-0.10628,0.035597,0.035671
0.62,-0.09122,-0.013816,0.93739,-0.057384,0.59071,0.036305,-0.12174,-0.87005,-0.13884,0.10697,0.35946,0.017048,0.065335,-0.13847,-0.15789,0.22155,-0.90524,0.39956,-0.039506,0.47525,0.036818,-0.085745,-0.16354,-0.2001,0.027932,0.11119,-0.0039999,-0.0025804,0.062974,-0.0092716,-0.00044538,0.12705,0.10078,-0.13617,-0.54179,0.83051,-0.18019,-0.44578,1.2554,0.095987,-0.22429,0.034793,0.10775,-0.52015,-0.9137,0.18773,-0.45386,-1.2394,-0.10569,0.035057,0.035411
0.64,-0.099358,-0.013804,0.93491,-0.059272,0.62112,0.03583,-0.13214,-0.9162,-0.15613,0.11043,0.37391,0.019027,0.06388,-0.13682,-0.15435,0.24071,-0.95045,0.42522,-0.037745,0.49021,0.033392,-0.083115,-0.16281,-0.20164,0.024908,0.11928,-0.0026555,-0.00014032,0.062562,-0.0074662,-0.0019271,0.10431,0.098497,-0.13557,-0.57956,0.82406,-0.17065,-0.43524,1.2676,0.094523,-0.22532,0.035455,0.11099,-0.5566,-0.91758,0.18511,-0.44999,-1.2393,-0.10475,0.034371,0.035024
0.66,-0.10736,-0.013843,0.93236,-0.061384,0.65203,0.035844,-0.14511,-0.96233,-0.17831,0.11381,0.38829,0.02192,0.062086,-0.13491,-0.14946,0.26317,-0.99568,0.45351,-0.036404,0.50489,0.030754,-0.080385,-0.16196,-0.20332,0.022152,0.12711,-0.0013824,0.0019464,0.061568,-0.005869,-0.0038186,0.081925,0.096186,-0.13354,-0.61844,0.81354,-0.16046,-0.42395,1.2839,0.092765,-0.22641,0.036245,0.11451,-0.59418,-0.91931,0.18191,-0.44594,-1.2401,-0.10368,0.033659,0.03459
0.68,-0.1152,-0.013944,0.92975,-0.064063,0.68342,0.036679,-0.16052,-1.0084,-0.20444,0.11677,0.40261,0.025594,0.059995,-0.13295,-0.14439,0.28977,-1.0409,0.48534,-0.035283,0.51926,0.028762,-0.077715,-0.16092,-0.20533,0.020062,0.13474,-0.00020329,0.0035857,0.059786,-0.0045667,-0.0061374,0.059769,0.093987,-0.13028,-0.6581,0.8004,-0.15032,-0.41231,1.3022,0.090854,-0.22741,0.037082,0.11847,-0.63254,-0.91987,0.1785,-0.44181,-1.2401,-0.10272,0.033027,0.034193
0.7,-0.12287,-0.014114,0.9271,-0.067677,0.71521,0.038672,-0.17822,-1.0545,-0.2332,0.11915,0.41678,0.029444,0.0578,-0.13121,-0.14024,0.32148,-1.0859,0.52169,-0.034106,0.53335,0.027237,-0.075266,-0.15968,-0.20778,0.019003,0.14217,0.00087779,0.004703,0.057146,-0.0036155,-0.0088129,0.037542,0.092115,-0.12615,-0.6983,0.78613,-0.14062,-0.40073,1.3209,0.0889,-0.22826,0.037911,0.12305,-0.67142,-0.92016,0.17511,-0.43775,-1.2383,-0.10204,0.032529,0.033889
0.72,-0.13032,-0.014347,0.92442,-0.072488,0.74729,0.042086,-0.19842,-1.1004,-0.26344,0.12102,0.43074,0.032585,0.055788,-0.1299,-0.13774,0.3594,-1.1306,0.56355,-0.032669,0.54716,0.026035,-0.073158,-0.15824,-0.21056,0.019169,0.14946,0.0018593,0.0052658,0.05369,-0.0030403,-0.011658,0.014924,0.090688,-0.12145,-0.73893,0.77167,-0.13141,-0.38946,1.3393,0.086944,-0.22902,0.038726,0.12831,-0.71064,-0.92072,0.17182,-0.4338,-1.2346,-0.10167,0.03215,0.033686
0.74,-0.13752,-0.014642,0.92171,-0.07854,0.77947,0.046969,-0.22179,-1.146,-0.2947,0.12267,0.44444,0.034255,0.054177,-0.12914,-0.1372,0.40508,-1.1747,0.61235,-0.030989,0.56068,0.025113,-0.071449,-0.15663,-0.21343,0.02036,0.15667,0.0027583,0.0054244,0.049479,-0.0027804,-0.014385,-0.0082487,0.089576,-0.11636,-0.77993,0.75705,-0.12237,-0.37856,1.3579,0.084964,-0.22979,0.039548,0.13412,-0.75006,-0.92176,0.1686,-0.42988,-1.2296,-0.10154,0.031804,0.033548
0.76,-0.14445,-0.01501,0.91896,-0.085628,0.81158,0.053101,-0.24959,-1.1911,-0.32769,0.12443,0.45795,0.034171,0.052991,-0.12899,-0.13859,0.461,-1.2177,0.67047,-0.029354,0.57387,0.024556,-0.070132,-0.15492,-0.21612,0.021973,0.16392,0.0036139,0.0055354,0.044541,-0.0026896,-0.01672,-0.031896,0.088387,-0.11083,-0.82124,0.74158,-0.11314,-0.36787,1.3779,0.082914,-0.2306,0.040399,0.1402,-0.7895,-0.92316,0.16542,-0.4258,-1.2244,-0.10147,0.031371,0.033407
0.78,-0.15106,-0.015458,0.91619,-0.093394,0.84343,0.060146,-0.28421,-1.2355,-0.36502,0.1266,0.47145,0.032647,0.052046,-0.12943,-0.14156,0.53063,-1.2587,0.74143,-0.028197,0.58677,0.024539,-0.069128,-0.1532,-0.21846,0.023342,0.17131,0.0044489,0.0059405,0.038904,-0.0026402,-0.018505,-0.055762,0.086676,-0.10459,-0.86281,0.72442,-0.10349,-0.3571,1.4006,0.080772,-0.23142,0.041276,0.14619,-0.82881,-0.92456,0.16223,-0.42135,-1.2199,-0.10128,0.030741,0.033194
0.8,-0.15733,-0.01596,0.91338,-0.10149,0.87484,0.067892,-0.32995,-1.2788,-0.41195,0.12932,0.48517,0.030421,0.05105,-0.13044,-0.14559,0.6182,-1.2972,0.82964,-0.02787,0.59937,0.025213,-0.068303,-0.15155,-0.22032,0.024183,0.17891,0.0052236,0.0066714,0.032678,-0.0026398,-0.019704,-0.079611,0.084244,-0.097292,-0.90459,0.70503,-0.093436,-0.34595,1.4265,0.078542,-0.23221,0.042171,0.15182,-0.86794,-0.92561,0.15903,-0.41637,-1.2166,-0.10086,0.029854,0.032864
0.82,-0.16325,-0.016454,0.91053,-0.1097,0.90561,0.076332,-0.39413,-1.3201,-0.47705,0.13256,0.49932,0.028323,0.049764,-0.13197,-0.15009,0.72874,-1.3324,0.9403,-0.028454,0.61164,0.026561,-0.067513,-0.15003,-0.22165,0.024756,0.18675,0.0058384,0.007357,0.026078,-0.0028361,-0.020348,-0.10337,0.081282,-0.088577,-0.9466,0.68328,-0.083177,-0.33423,1.4554,0.076231,-0.23292,0.043084,0.15688,-0.90694,-0.92603,0.15581,-0.41073,-1.2145,-0.10017,0.028706,0.03241
0.84,-0.16883,-0.016863,0.90765,-0.11786,0.93554,0.085494,-0.48809,-1.3585,-0.57259,0.13616,0.51399,0.026942,0.04813,-0.13397,-0.15447,0.86794,-1.3632,1.0794,-0.029745,0.62353,0.028345,-0.066659,-0.14865,-0.22243,0.025631,0.19487,0.0061866,0.0074112,0.019358,-0.0034051,-0.02053,-0.12708,0.078199,-0.078016,-0.98885,0.65924,-0.072945,-0.32176,1.487,0.073824,-0.23358,0.044031,0.16122,-0.9459,-0.92554,0.15262,-0.40436,-1.2129,-0.099307,0.027335,0.031853
0.86,-0.17405,-0.017129,0.90479,-0.12583,0.96448,0.09524,-0.62658,-1.3923,-0.71362,0.13986,0.52909,0.026411,0.04632,-0.13632,-0.15832,1.0407,-1.3886,1.2524,-0.031407,0.63495,0.030169,-0.065702,-0.14742,-0.22271,0.02732,0.20328,0.0062094,0.0063273,0.012718,-0.0044347,-0.020455,-0.15077,0.075326,-0.065075,-1.0313,0.6332,-0.062986,-0.30842,1.5209,0.071289,-0.2342,0.045032,0.16469,-0.98483,-0.92382,0.14952,-0.39726,-1.2114,-0.098378,0.02581,0.031236
0.88,-0.1789,-0.017227,0.90195,-0.13343,0.9924,0.10525,-0.82248,-1.4195,-0.9127,0.14346,0.54437,0.026389,0.044672,-0.13894,-0.16137,1.2473,-1.4071,1.4598,-0.033167,0.6459,0.031652,-0.064643,-0.14633,-0.22257,0.030036,0.21195,0.0059207,0.003909,0.006232,-0.005883,-0.020412,-0.1743,0.072735,-0.049213,-1.0739,0.60598,-0.053619,-0.29415,1.5564,0.068639,-0.23479,0.046085,0.16704,-1.0236,-0.9207,0.14662,-0.38953,-1.2094,-0.097529,0.024218,0.030612
0.9,-0.1834,-0.017167,0.89917,-0.14055,1.0193,0.11516,-1.0759,-1.4375,-1.1693,0.14691,0.55954,0.026283,0.043567,-0.14172,-0.16344,1.4783,-1.4173,1.6927,-0.034926,0.65641,0.032585,-0.063501,-0.1454,-0.22214,0.033594,0.22078,0.0054145,0.00038434,-0.00014892,-0.0075887,-0.020651,-0.19739,0.070265,-0.030111,-1.1163,0.57906,-0.045255,-0.27913,1.5926,0.065967,-0.2353,0.047154,0.16788,-1.0618,-0.91652,0.14411,-0.38131,-1.2066,-0.096878,0.022661,0.030032
0.92,-0.18752,-0.016992,0.89647,-0.14714,1.0454,0.12459,-1.3654,-1.4446,-1.4616,0.15024,0.57433,0.025632,0.043325,-0.14462,-0.16439,1.7148,-1.4186,1.932,-0.036742,0.6666,0.033004,-0.062305,-0.14466,-0.22155,0.037415,0.22961,0.0048561,-0.0036338,-0.0065229,-0.0093003,-0.021241,-0.21974,0.06765,-0.007823,-1.1582,0.55439,-0.038295,-0.26377,1.628,0.063442,-0.23572,0.048179,0.16663,-1.0993,-0.91232,0.14224,-0.37274,-1.2026,-0.096496,0.02125,0.029542
0.94,-0.19129,-0.016763,0.89385,-0.1532,1.0708,0.13326,-1.6525,-1.4408,-1.7511,0.15345,0.58858,0.024421,0.044142,-0.1476,-0.16415,1.934,-1.4115,2.1546,-0.038777,0.67659,0.033133,-0.061072,-0.14421,-0.2209,0.040727,0.23826,0.0044403,-0.0073805,-0.012949,-0.010745,-0.022048,-0.24116,0.064706,0.017342,-1.1989,0.53381,-0.032974,-0.24866,1.6613,0.061242,-0.23602,0.049097,0.16265,-1.1358,-0.90966,0.14128,-0.36399,-1.1972,-0.096394,0.020089,0.029172
0.96,-0.19471,-0.01653,0.89132,-0.15878,1.0954,0.14099,-1.9013,-1.4279,-2.0025,0.15644,0.60223,0.023089,0.046012,-0.15061,-0.16269,2.1188,-1.3974,2.3434,-0.041238,0.68656,0.033247,-0.059757,-0.14413,-0.22026,0.042927,0.24659,0.0043241,-0.010247,-0.019422,-0.011733,-0.022856,-0.26164,0.061511,0.045148,-1.2382,0.51866,-0.029248,-0.23439,1.6917,0.059485,-0.23618,0.049866,0.1554,-1.1711,-0.91006,0.1414,-0.35524,-1.1902,-0.096527,0.019252,0.028935
0.98,-0.19781,-0.016316,0.88886,-0.16403,1.1192,0.14782,-2.0947,-1.4089,-2.1993,0.15914,0.6153,0.022209,0.048655,-0.15357,-0.16006,2.2633,-1.3783,2.4921,-0.044304,0.69667,0.033489,-0.05824,-0.14453,-0.21959,0.043841,0.25455,0.0045751,-0.011958,-0.025919,-0.012224,-0.023531,-0.28133,0.058438,0.075796,-1.2757,0.50996,-0.026834,-0.22134,1.7192,0.0582,-0.23619,0.050471,0.14459,-1.205,-0.9145,0.14262,-0.34669,-1.1816,-0.0968,0.01875,0.028813
1,-0.20058,-0.016111,0.88647,-0.1692,1.1421,0.15397,-2.2356,-1.3865,-2.3448,0.16161,0.62778,0.022085,0.051549,-0.15642,-0.15639,2.3712,-1.3562,2.6044,-0.047996,0.70704,0.033777,-0.056396,-0.14549,-0.21877,0.043735,0.26222,0.005162,-0.01257,-0.032449,-0.012323,-0.024078,-0.30034,0.055941,0.11017,-1.3114,0.50879,-0.025351,-0.20965,1.7439,0.057332,-0.23608,0.050931,0.13021,-1.2373,-0.92325,0.14483,-0.33857,-1.1722,-0.097091,0.018518,0.028761
1.02,-0.20305,-0.015887,0.88414,-0.17458,1.1637,0.15981,-2.3362,-1.3627,-2.4514,0.16409,0.63971,0.022566,0.054137,-0.15914,-0.15194,2.451,-1.3328,2.6885,-0.052116,0.7177,0.033871,-0.054176,-0.14703,-0.21759,0.043159,0.26968,0.0059757,-0.012405,-0.039041,-0.012215,-0.024563,-0.31861,0.054233,0.15002,-1.3449,0.51673,-0.024442,-0.19933,1.7662,0.056765,-0.23592,0.051293,0.11257,-1.2678,-0.93595,0.14776,-0.33108,-1.1628,-0.097294,0.018433,0.028726
1.04,-0.2052,-0.015609,0.88186,-0.18042,1.184,0.16574,-2.4087,-1.3389,-2.531,0.16687,0.65112,0.023198,0.056087,-0.16182,-0.147,2.5109,-1.3091,2.7527,-0.056294,0.72862,0.033556,-0.05164,-0.14911,-0.21596,0.042752,0.27698,0.0068593,-0.011971,-0.045688,-0.012099,-0.024983,-0.3359,0.053148,0.19837,-1.3762,0.53634,-0.023822,-0.1903,1.7866,0.056337,-0.23582,0.051623,0.092249,-1.2966,-0.95189,0.15106,-0.32438,-1.1542,-0.097341,0.018366,0.02866
1.06,-0.20706,-0.015259,0.87964,-0.18669,1.2028,0.17188,-2.4617,-1.3156,-2.5917,0.17012,0.66217,0.023548,0.057381,-0.16463,-0.14179,2.5574,-1.2861,2.8031,-0.060124,0.73968,0.032784,-0.048943,-0.15169,-0.2139,0.042966,0.28409,0.0076302,-0.01179,-0.052299,-0.012133,-0.025246,-0.35188,0.052268,0.25988,-1.4048,0.57177,-0.023306,-0.18259,1.8055,0.055893,-0.23585,0.051976,0.06989,-1.3235,-0.97024,0.15434,-0.31856,-1.1473,-0.097206,0.018212,0.028533
1.08,-0.20864,-0.014829,0.87745,-0.19275,1.2201,0.17781,-2.501,-1.2932,-2.6387,0.17384,0.67312,0.023438,0.058227,-0.16772,-0.13645,2.5948,-1.2642,2.8442,-0.06328,0.7508,0.031664,-0.046276,-0.15472,-0.21153,0.043834,0.29086,0.008105,-0.012185,-0.058708,-0.0124,-0.02526,-0.36626,0.051154,0.34011,-1.4303,0.62884,-0.022872,-0.17645,1.8221,0.055377,-0.23596,0.052346,0.045983,-1.3489,-0.99024,0.15726,-0.31365,-1.1424,-0.096878,0.017915,0.028329
1.1,-0.20996,-0.014334,0.87529,-0.19741,1.2358,0.18249,-2.5308,-1.2718,-2.6756,0.17788,0.68421,0.022995,0.058899,-0.17113,-0.13099,2.6254,-1.2439,2.8783,-0.065619,0.76193,0.030352,-0.043798,-0.15819,-0.20908,0.044925,0.29717,0.0081528,-0.01314,-0.064764,-0.012868,-0.024999,-0.37889,0.049563,0.44248,-1.4519,0.713,-0.022708,-0.17263,1.8344,0.054914,-0.23598,0.052649,0.020682,-1.3726,-1.0115,0.15962,-0.30959,-1.1401,-0.096343,0.017469,0.028043
1.12,-0.21104,-0.013807,0.87315,-0.19947,1.25,0.18471,-2.5543,-1.2517,-2.7053,0.18193,0.69563,0.022527,0.059613,-0.17478,-0.12537,2.65,-1.2252,2.9068,-0.067226,0.77311,0.028946,-0.041573,-0.16209,-0.20677,0.045603,0.30299,0.0077571,-0.01434,-0.070414,-0.013397,-0.024508,-0.38972,0.047623,0.56429,-1.469,0.82483,-0.023168,-0.17227,1.8392,0.054752,-0.23572,0.052759,-0.0061139,-1.3946,-1.0339,0.16134,-0.30628,-1.1405,-0.095587,0.016907,0.02768
1.14,-0.2119,-0.013298,0.87101,-0.19844,1.2626,0.18379,-2.5739,-1.2332,-2.73,0.18568,0.70738,0.022352,0.060479,-0.17854,-0.11958,2.6684,-1.2079,2.9299,-0.06836,0.78448,0.02743,-0.039577,-0.16641,-0.20481,0.045431,0.30836,0.0070201,-0.015381,-0.075735,-0.013818,-0.023883,-0.39884,0.045861,0.69597,-1.4811,0.95669,-0.024546,-0.17629,1.8346,0.054996,-0.23506,0.052607,-0.034425,-1.4148,-1.0574,0.16247,-0.30358,-1.1433,-0.09462,0.016288,0.027257
1.16,-0.21256,-0.012845,0.86887,-0.19481,1.2735,0.18004,-2.5908,-1.2165,-2.7513,0.18892,0.71932,0.02267,0.061554,-0.18227,-0.11368,2.6808,-1.1921,2.9478,-0.069323,0.79613,0.025678,-0.037751,-0.17106,-0.20324,0.044478,0.31338,0.0060791,-0.015997,-0.080834,-0.014084,-0.023281,-0.40644,0.044978,0.82595,-1.4885,1.0946,-0.026753,-0.18452,1.8233,0.055365,-0.23397,0.052269,-0.06392,-1.4331,-1.0815,0.16314,-0.30129,-1.1479,-0.093492,0.015668,0.026801
1.18,-0.21302,-0.012445,0.86675,-0.18988,1.2826,0.1747,-2.605,-1.2019,-2.7696,0.19158,0.73124,0.023537,0.062958,-0.18596,-0.10786,2.6882,-1.1777,2.9611,-0.070337,0.80797,0.023532,-0.036047,-0.1759,-0.20188,0.043294,0.31809,0.0050135,-0.016153,-0.085723,-0.014361,-0.022902,-0.41272,0.04546,0.94666,-1.4919,1.2244,-0.02916,-0.19569,1.8114,0.055253,-0.23257,0.05195,-0.094011,-1.4492,-1.1056,0.16354,-0.29915,-1.1529,-0.092315,0.015078,0.026348
1.2,-0.21329,-0.012057,0.86467,-0.18501,1.2899,0.16936,-2.6159,-1.1891,-2.7845,0.1937,0.74293,0.024925,0.064902,-0.18971,-0.10245,2.6925,-1.165,2.9712,-0.071517,0.81972,0.020941,-0.034451,-0.18072,-0.2004,0.042558,0.32253,0.0038284,-0.015944,-0.090297,-0.014943,-0.022942,-0.41791,0.047311,1.0557,-1.4923,1.3372,-0.03084,-0.20803,1.805,0.054121,-0.23105,0.051856,-0.12399,-1.4633,-1.1294,0.16394,-0.29689,-1.1568,-0.091269,0.014521,0.025941
1.22,-0.21342,-0.01163,0.86266,-0.18104,1.2954,0.16517,-2.6228,-1.178,-2.7957,0.19535,0.75425,0.026791,0.067526,-0.19367,-0.097833,2.6955,-1.1541,2.9794,-0.072892,0.83107,0.018039,-0.032978,-0.18536,-0.19854,0.042699,0.32668,0.002504,-0.015475,-0.094433,-0.016079,-0.023541,-0.42221,0.050091,1.1523,-1.4908,1.4299,-0.031143,-0.22022,1.8059,0.051892,-0.22953,0.05206,-0.15254,-1.4756,-1.1523,0.16453,-0.29431,-1.1575,-0.090594,0.013999,0.025641
1.24,-0.21342,-0.011128,0.86075,-0.17791,1.2995,0.16231,-2.6257,-1.1683,-2.803,0.19667,0.7651,0.02907,0.070678,-0.19791,-0.094305,2.6986,-1.1453,2.9868,-0.074362,0.8417,0.015054,-0.031664,-0.18972,-0.19618,0.043753,0.33062,0.0010285,-0.014846,-0.098113,-0.017852,-0.024751,-0.42584,0.053178,1.2345,-1.4881,1.5027,-0.030156,-0.2316,1.8113,0.049016,-0.22812,0.052468,-0.17689,-1.4864,-1.1726,0.16541,-0.29143,-1.1536,-0.090536,0.01354,0.025513
1.26,-0.21332,-0.010541,0.85896,-0.17469,1.3023,0.16001,-2.6253,-1.1595,-2.8068,0.19791,0.77544,0.031608,0.073868,-0.20237,-0.091968,2.7023,-1.1384,2.9941,-0.075673,0.85144,0.012148,-0.030527,-0.19379,-0.19344,0.045442,0.33442,-0.00060317,-0.014234,-0.10155,-0.020159,-0.026478,-0.42897,0.056042,1.2989,-1.4848,1.5579,-0.028771,-0.24226,1.8156,0.046319,-0.22703,0.052927,-0.19277,-1.496,-1.1872,0.16653,-0.28847,-1.1442,-0.091252,0.013181,0.025608
1.28,-0.21314,-0.0098871,0.85732,-0.17003,1.3044,0.15686,-2.6229,-1.1515,-2.8078,0.19931,0.78519,0.034143,0.076505,-0.20685,-0.090678,2.7067,-1.1333,3.0019,-0.076492,0.86024,0.0093351,-0.029518,-0.19767,-0.19052,0.047298,0.33832,-0.0023608,-0.013898,-0.10535,-0.022709,-0.028405,-0.43155,0.058343,1.3413,-1.4815,1.5985,-0.028899,-0.25327,1.8109,0.045004,-0.2268,0.053281,-0.19617,-1.5042,-1.1929,0.16777,-0.28571,-1.1294,-0.092785,0.012935,0.025941
1.3,-0.21288,-0.0092171,0.85583,-0.16285,1.3061,0.1515,-2.6202,-1.1441,-2.8076,0.20093,0.79427,0.03641,0.078243,-0.21114,-0.090109,2.7111,-1.1292,3.0098,-0.076592,0.8682,0.0065815,-0.028523,-0.20145,-0.18763,0.048731,0.34273,-0.0040734,-0.014013,-0.11061,-0.024992,-0.030029,-0.43333,0.059848,1.3506,-1.4788,1.6278,-0.034821,-0.26688,1.7812,0.047006,-0.22789,0.053136,-0.18508,-1.511,-1.189,0.16912,-0.28357,-1.109,-0.09516,0.01281,0.026524
1.32,-0.21257,-0.0086036,0.85448,-0.15311,1.3078,0.14341,-2.6192,-1.1374,-2.8078,0.20251,0.80254,0.038284,0.079113,-0.21502,-0.089909,2.7149,-1.1256,3.0171,-0.07605,0.87553,0.0039869,-0.027421,-0.20522,-0.18487,0.04906,0.348,-0.0053198,-0.014263,-0.11806,-0.026263,-0.031063,-0.43441,0.060291,1.2951,-1.4788,1.644,-0.054743,-0.28522,1.6957,0.054996,-0.22904,0.051331,-0.15788,-1.516,-1.1765,0.17084,-0.28284,-1.0814,-0.098519,0.01299,0.027447
1.34,-0.21225,-0.0081126,0.85327,-0.14192,1.3095,0.13321,-2.6208,-1.1318,-2.8098,0.20371,0.80988,0.039828,0.079333,-0.21837,-0.089876,2.7175,-1.1221,3.0226,-0.075264,0.88239,0.0018515,-0.026134,-0.20899,-0.18211,0.047532,0.35337,-0.0055205,-0.013358,-0.12576,-0.025717,-0.032212,-0.43682,0.059372,1.1178,-1.4845,1.6285,-0.097129,-0.30658,1.519,0.07051,-0.2258,0.046021,-0.10819,-1.5203,-1.1514,0.1731,-0.28464,-1.0446,-0.10295,0.013965,0.028862
1.36,-0.21197,-0.007769,0.85217,-0.13094,1.3106,0.12232,-2.6246,-1.1277,-2.8134,0.20434,0.81625,0.041228,0.079056,-0.22115,-0.089996,2.7186,-1.1188,3.0251,-0.074717,0.88883,0.00048318,-0.024654,-0.21268,-0.17905,0.043675,0.35629,-0.0043897,-0.0093755,-0.12782,-0.023048,-0.035325,-0.44482,0.057178,0.7732,-1.4991,1.5382,-0.15803,-0.32311,1.2566,0.090577,-0.21369,0.036634,-0.025451,-1.5265,-1.0997,0.17535,-0.28909,-1.0014,-0.10783,0.016113,0.030702
1.38,-0.21173,-0.0075433,0.85118,-0.12147,1.3108,0.1122,-2.6291,-1.1253,-2.8177,0.20443,0.82177,0.042678,0.078302,-0.22341,-0.090232,2.7188,-1.1161,3.0247,-0.074567,0.89479,-0.00015356,-0.023026,-0.21622,-0.1755,0.038047,0.35414,-0.0024137,-0.0016313,-0.11897,-0.019036,-0.041677,-0.46115,0.05471,0.28868,-1.5226,1.3192,-0.21219,-0.32598,0.99423,0.10736,-0.19569,0.026353,0.091613,-1.5372,-1.0087,0.17632,-0.29391,-0.96263,-0.11166,0.018858,0.032415
1.4,-0.21149,-0.0073727,0.8503,-0.11387,1.3104,0.10365,-2.633,-1.124,-2.8219,0.20414,0.82669,0.044228,0.077074,-0.22533,-0.090333,2.719,-1.1141,3.0229,-0.07449,0.90017,-0.00053084,-0.02134,-0.21959,-0.17161,0.032522,0.34769,-0.00066572,0.0075487,-0.10182,-0.015314,-0.049658,-0.48247,0.053623,-0.22963,-1.5525,0.94312,-0.22828,-0.31309,0.85885,0.11353,-0.18355,0.020965,0.22334,-1.551,-0.88705,0.17539,-0.29576,-0.93884,-0.11323,0.020817,0.03332
1.42,-0.21119,-0.0072047,0.84952,-0.10756,1.31,0.096581,-2.636,-1.1226,-2.8258,0.20371,0.83132,0.04571,0.07543,-0.22709,-0.089983,2.72,-1.1124,3.0221,-0.074009,0.905,-0.0012031,-0.019695,-0.2228,-0.16787,0.029381,0.34141,-6.3351e-06,0.01374,-0.086775,-0.01325,-0.0552,-0.50075,0.055048,-0.66639,-1.5863,0.4472,-0.19843,-0.28846,0.91636,0.10813,-0.1871,0.023804,0.34075,-1.5634,-0.76503,0.17331,-0.29359,-0.92945,-0.11296,0.021278,0.033342
1.44,-0.2108,-0.0070287,0.8488,-0.10149,1.3106,0.090187,-2.6384,-1.1204,-2.8296,0.20342,0.83588,0.046886,0.073464,-0.22885,-0.089142,2.7219,-1.1104,3.0232,-0.072944,0.90941,-0.0023891,-0.018186,-0.22587,-0.16477,0.029738,0.33953,-0.00050107,0.013824,-0.082623,-0.013015,-0.055324,-0.51035,0.058611,-0.95469,-1.6198,-0.049452,-0.14625,-0.25783,1.113,0.096821,-0.20373,0.032385,0.4289,-1.5709,-0.66957,0.17119,-0.28931,-0.92396,-0.11237,0.02093,0.033065
1.46,-0.21036,-0.0068713,0.84812,-0.094846,1.312,0.083604,-2.6411,-1.1172,-2.8333,0.20337,0.84038,0.047702,0.07129,-0.23064,-0.088124,2.724,-1.1079,3.0259,-0.071534,0.91354,-0.0038909,-0.016901,-0.22876,-0.1626,0.032587,0.34233,-0.0015228,0.0087204,-0.088926,-0.013623,-0.050927,-0.51258,0.062628,-1.0863,-1.6463,-0.40337,-0.10303,-0.22808,1.3239,0.087174,-0.22179,0.040852,0.49345,-1.5741,-0.60424,0.16936,-0.28501,-0.9135,-0.11256,0.020738,0.033031
1.48,-0.20992,-0.0067692,0.84747,-0.087609,1.3138,0.076559,-2.6441,-1.1138,-2.8372,0.20346,0.84472,0.048375,0.069034,-0.23241,-0.08734,2.7252,-1.1052,3.0289,-0.070192,0.91746,-0.0053248,-0.015922,-0.23143,-0.16137,0.035658,0.3469,-0.0023529,0.0022909,-0.098484,-0.013831,-0.04546,-0.51303,0.065418,-1.1023,-1.6609,-0.55458,-0.08175,-0.20547,1.4566,0.083297,-0.23272,0.045349,0.54783,-1.5765,-0.55495,0.16754,-0.28092,-0.8975,-0.11354,0.020805,0.033275
1.5,-0.20951,-0.0067456,0.84685,-0.080436,1.3155,0.069481,-2.6478,-1.1107,-2.8413,0.2034,0.84879,0.049221,0.066838,-0.23407,-0.086979,2.7251,-1.1025,3.031,-0.069203,0.92121,-0.0064114,-0.015306,-0.23384,-0.16095,0.037376,0.35063,-0.002702,-0.0023935,-0.10554,-0.013076,-0.041372,-0.51555,0.066476,-1.0644,-1.6659,-0.55765,-0.075919,-0.19143,1.5032,0.084262,-0.23665,0.046217,0.60016,-1.5806,-0.5083,0.16567,-0.27609,-0.88002,-0.11489,0.020685,0.033563
1.52,-0.20914,-0.0067953,0.84628,-0.074217,1.3171,0.063185,-2.6518,-1.1079,-2.8458,0.20294,0.85255,0.050428,0.064845,-0.23561,-0.086948,2.7241,-1.0998,3.0323,-0.068592,0.92473,-0.007119,-0.015057,-0.236,-0.16115,0.037673,0.35302,-0.0026885,-0.0048012,-0.10942,-0.011583,-0.038731,-0.52026,0.066374,-1.017,-1.6667,-0.50404,-0.074963,-0.18325,1.5047,0.086968,-0.23769,0.045672,0.65098,-1.5863,-0.46113,0.16406,-0.26996,-0.86366,-0.11633,0.0202,0.03378
1.54,-0.20878,-0.00688,0.84576,-0.069604,1.3188,0.05844,-2.656,-1.1053,-2.8506,0.20208,0.85602,0.051934,0.063153,-0.23704,-0.087066,2.7231,-1.0969,3.0334,-0.068156,0.92796,-0.0076399,-0.015125,-0.23792,-0.16169,0.037216,0.35474,-0.0025217,-0.0056985,-0.11192,-0.0098591,-0.036604,-0.52583,0.066019,-0.97594,-1.667,-0.44953,-0.073782,-0.17807,1.4971,0.089268,-0.23848,0.045174,0.69756,-1.5925,-0.41702,0.16317,-0.2629,-0.84812,-0.11784,0.019562,0.033975
1.56,-0.20845,-0.0069441,0.8453,-0.066723,1.3207,0.055629,-2.6597,-1.1024,-2.8549,0.20106,0.85925,0.053491,0.061787,-0.23839,-0.087224,2.7233,-1.0942,3.0354,-0.067574,0.93076,-0.0082825,-0.015452,-0.23958,-0.16223,0.036611,0.35632,-0.0023468,-0.0057733,-0.11434,-0.0083541,-0.034445,-0.53148,0.066233,-0.94207,-1.6681,-0.40976,-0.071881,-0.17447,1.4938,0.090579,-0.23943,0.045038,0.73729,-1.5984,-0.37983,0.16324,-0.25575,-0.83233,-0.11941,0.019022,0.034213
1.58,-0.20815,-0.006941,0.84488,-0.065178,1.3229,0.054619,-2.6623,-1.0991,-2.858,0.20025,0.86227,0.054809,0.060695,-0.23971,-0.087415,2.7255,-1.0916,3.039,-0.066543,0.93301,-0.0093286,-0.015996,-0.24097,-0.16248,0.03622,0.35788,-0.002265,-0.0054201,-0.117,-0.0073959,-0.032273,-0.53713,0.067545,-0.91364,-1.67,-0.38414,-0.069959,-0.17191,1.4953,0.091112,-0.2403,0.045137,0.76864,-1.6036,-0.35127,0.16421,-0.24937,-0.81602,-0.12093,0.018632,0.034485
1.6,-0.20788,-0.0068544,0.84452,-0.064291,1.3253,0.054871,-2.6636,-1.0954,-2.8594,0.19988,0.86512,0.055711,0.059772,-0.24103,-0.087683,2.7298,-1.0894,3.0445,-0.064928,0.93468,-0.010896,-0.016722,-0.2421,-0.16229,0.036227,0.35934,-0.0023607,-0.0049463,-0.11975,-0.0071672,-0.030346,-0.54272,0.06991,-0.89018,-1.6727,-0.37011,-0.068431,-0.17005,1.4985,0.09122,-0.24099,0.045353,0.79103,-1.6081,-0.33122,0.16575,-0.24436,-0.7998,-0.12229,0.018267,0.034724
1.62,-0.20765,-0.0067052,0.84421,-0.063443,1.3278,0.055702,-2.6639,-1.0913,-2.8592,0.19997,0.8678,0.056198,0.058922,-0.2423,-0.088067,2.7358,-1.0877,3.0515,-0.06285,0.93584,-0.012877,-0.017553,-0.24302,-0.16169,0.036669,0.36062,-0.0026801,-0.0046212,-0.12237,-0.0076672,-0.028937,-0.54795,0.072621,-0.87175,-1.676,-0.36527,-0.067428,-0.16862,1.5007,0.09119,-0.24162,0.045638,0.80467,-1.6118,-0.31873,0.16751,-0.24092,-0.7846,-0.12335,0.017785,0.034866
1.64,-0.20743,-0.0065419,0.84393,-0.062369,1.3303,0.056578,-2.6638,-1.0872,-2.8582,0.20033,0.87033,0.056433,0.058103,-0.24351,-0.088584,2.7424,-1.0862,3.059,-0.060666,0.93665,-0.014978,-0.018365,-0.24382,-0.16078,0.03747,0.36167,-0.0031977,-0.0045798,-0.12466,-0.0087193,-0.028298,-0.5524,0.074667,-0.85832,-1.6798,-0.36641,-0.06707,-0.16749,1.4994,0.091245,-0.24232,0.04596,0.8103,-1.615,-0.31272,0.16925,-0.23888,-0.77122,-0.12409,0.017143,0.034889
1.66,-0.20723,-0.0064178,0.84368,-0.061177,1.3326,0.057251,-2.6639,-1.0833,-2.8573,0.20065,0.87267,0.056637,0.057344,-0.24463,-0.089216,2.7486,-1.0848,3.0659,-0.058808,0.93734,-0.016857,-0.019026,-0.24456,-0.15973,0.038485,0.3625,-0.003821,-0.0047827,-0.12652,-0.010058,-0.028591,-0.5558,0.075397,-0.84961,-1.6839,-0.36979,-0.067514,-0.16662,1.493,0.091559,-0.24313,0.046263,0.80916,-1.6178,-0.31209,0.17082,-0.23785,-0.76011,-0.12455,0.016404,0.034816
1.68,-0.20704,-0.0063637,0.84344,-0.060014,1.3347,0.057596,-2.6647,-1.0799,-2.857,0.2007,0.87482,0.056968,0.056722,-0.24567,-0.089908,2.7535,-1.0834,3.0712,-0.057572,0.93809,-0.018275,-0.019451,-0.2453,-0.15864,0.039541,0.36317,-0.0044528,-0.0051111,-0.12793,-0.011448,-0.029714,-0.55817,0.074925,-0.84513,-1.688,-0.37234,-0.068798,-0.16596,1.4812,0.092215,-0.24399,0.046487,0.80307,-1.6201,-0.31566,0.17216,-0.23735,-0.75127,-0.12483,0.015699,0.034707
1.7,-0.20683,-0.0063759,0.84322,-0.058698,1.3365,0.057353,-2.6661,-1.0772,-2.8576,0.20045,0.87678,0.057446,0.056303,-0.24666,-0.090591,2.7568,-1.0819,3.0749,-0.056993,0.93899,-0.01918,-0.019629,-0.24608,-0.15761,0.04044,0.36375,-0.005053,-0.0054914,-0.12899,-0.01275,-0.031218,-0.55979,0.07395,-0.84391,-1.6918,-0.3726,-0.070705,-0.16546,1.4655,0.093163,-0.24481,0.046601,0.79433,-1.6222,-0.32219,0.17332,-0.23684,-0.74412,-0.12507,0.015176,0.034634
1.72,-0.20661,-0.00643,0.843,-0.056801,1.3379,0.056146,-2.6679,-1.0751,-2.8587,0.20002,0.87855,0.057998,0.0561,-0.24761,-0.091225,2.7586,-1.0806,3.0771,-0.05691,0.94005,-0.019651,-0.019601,-0.24693,-0.15668,0.040956,0.36427,-0.0056259,-0.0058869,-0.12978,-0.013876,-0.03248,-0.56094,0.073173,-0.84445,-1.695,-0.37032,-0.072797,-0.16506,1.4486,0.094246,-0.24549,0.046609,0.78512,-1.624,-0.33062,0.17438,-0.23593,-0.73781,-0.12539,0.014947,0.034657
1.74,-0.20636,-0.006509,0.8428,-0.05417,1.3391,0.053858,-2.67,-1.0735,-2.8601,0.19955,0.88014,0.058564,0.05608,-0.24851,-0.091809,2.7592,-1.0793,3.0781,-0.057136,0.94126,-0.019775,-0.019424,-0.24786,-0.15591,0.040876,0.36476,-0.006143,-0.0061914,-0.13041,-0.014722,-0.033033,-0.5618,0.072877,-0.84502,-1.6973,-0.36592,-0.074563,-0.16479,1.4333,0.095277,-0.24598,0.046547,0.7771,-1.6256,-0.33991,0.17544,-0.23448,-0.73158,-0.12583,0.015033,0.034794
1.76,-0.20608,-0.0066162,0.84261,-0.051319,1.3399,0.050949,-2.6724,-1.0725,-2.8621,0.19906,0.88152,0.05916,0.056199,-0.24936,-0.092356,2.7587,-1.0781,3.0778,-0.057593,0.94261,-0.019564,-0.019131,-0.24886,-0.15529,0.040135,0.36522,-0.0065062,-0.0062244,-0.13096,-0.015165,-0.032779,-0.56237,0.07296,-0.84422,-1.6987,-0.36019,-0.075571,-0.16462,1.4215,0.096097,-0.2463,0.046462,0.77143,-1.6269,-0.34871,0.17649,-0.23269,-0.72529,-0.12637,0.015335,0.035008
1.78,-0.20578,-0.0067655,0.84245,-0.049216,1.3405,0.048315,-2.675,-1.0721,-2.8646,0.19842,0.88268,0.059859,0.056433,-0.25013,-0.092833,2.7573,-1.077,3.0762,-0.058299,0.94408,-0.018997,-0.018732,-0.24992,-0.15478,0.038936,0.36563,-0.0066071,-0.0059078,-0.13151,-0.015161,-0.031952,-0.5626,0.073208,-0.84159,-1.6992,-0.3543,-0.075602,-0.16445,1.4145,0.096615,-0.2465,0.0464,0.76842,-1.6277,-0.35586,0.17739,-0.23093,-0.71944,-0.12692,0.015684,0.035239
1.8,-0.20545,-0.0069615,0.8423,-0.048633,1.3408,0.046769,-2.6776,-1.0722,-2.8679,0.19754,0.88364,0.060716,0.056773,-0.25081,-0.093142,2.7554,-1.0758,3.0733,-0.059273,0.94564,-0.018109,-0.018226,-0.251,-0.1543,0.037747,0.36597,-0.0064243,-0.0054421,-0.13213,-0.014823,-0.030938,-0.5625,0.073481,-0.83781,-1.6992,-0.34947,-0.074748,-0.16421,1.4121,0.096842,-0.24669,0.046393,0.76713,-1.6279,-0.36119,0.17797,-0.22957,-0.71485,-0.12741,0.015933,0.035429
1.82,-0.2051,-0.0071906,0.84218,-0.049639,1.3409,0.046574,-2.68,-1.0728,-2.8715,0.19638,0.88448,0.06172,0.057216,-0.2514,-0.093176,2.7534,-1.0747,3.0698,-0.060467,0.94719,-0.01703,-0.017629,-0.25206,-0.15374,0.03711,0.36618,-0.0060621,-0.0052692,-0.13281,-0.014389,-0.030079,-0.56217,0.073719,-0.83435,-1.6988,-0.34648,-0.073402,-0.16383,1.4129,0.096884,-0.24694,0.046441,0.76553,-1.6276,-0.36588,0.17806,-0.22877,-0.71217,-0.12783,0.016017,0.035556
1.84,-0.20474,-0.0074252,0.84207,-0.051562,1.3409,0.047354,-2.6819,-1.0735,-2.875,0.19501,0.88526,0.062796,0.057774,-0.25191,-0.092903,2.7517,-1.0738,3.0662,-0.061757,0.94863,-0.015935,-0.016982,-0.25306,-0.15304,0.037381,0.36623,-0.0057023,-0.0058353,-0.13345,-0.014113,-0.029564,-0.56176,0.073877,-0.83269,-1.6982,-0.34532,-0.072123,-0.16336,1.4147,0.096911,-0.24728,0.046514,0.7614,-1.6269,-0.37181,0.17758,-0.22844,-0.71161,-0.12819,0.015959,0.035632
1.86,-0.20437,-0.007636,0.84198,-0.053332,1.3408,0.048315,-2.6832,-1.0741,-2.8777,0.1936,0.88609,0.063852,0.058464,-0.2524,-0.092424,2.7505,-1.0732,3.0633,-0.06298,0.94985,-0.014992,-0.016336,-0.25398,-0.15215,0.038574,0.36609,-0.0055209,-0.0073488,-0.13395,-0.014148,-0.029406,-0.56145,0.073925,-0.83364,-1.6975,-0.34539,-0.071396,-0.16291,1.4154,0.097081,-0.24769,0.046567,0.75325,-1.626,-0.38053,0.17658,-0.22835,-0.71286,-0.12853,0.01582,0.035684
1.88,-0.204,-0.007803,0.84191,-0.05388,1.3407,0.048571,-2.6839,-1.0745,-2.8792,0.1923,0.887,0.064818,0.059273,-0.25292,-0.091967,2.7501,-1.0731,3.0614,-0.063961,0.95082,-0.014344,-0.015737,-0.25484,-0.1511,0.040354,0.36578,-0.0056267,-0.0096772,-0.13426,-0.014499,-0.029474,-0.56137,0.073893,-0.83706,-1.6967,-0.34591,-0.071427,-0.16255,1.4137,0.097483,-0.24811,0.04656,0.74094,-1.6252,-0.39255,0.17519,-0.22832,-0.71529,-0.12891,0.01565,0.035735
1.9,-0.20364,-0.0079217,0.84184,-0.052458,1.3406,0.047413,-2.6843,-1.0745,-2.8796,0.19127,0.88804,0.065664,0.060111,-0.25354,-0.091797,2.7502,-1.0733,3.0609,-0.064551,0.95152,-0.014104,-0.015215,-0.25563,-0.14997,0.042167,0.36535,-0.0060377,-0.012391,-0.1344,-0.015048,-0.029585,-0.56158,0.073852,-0.84216,-1.6959,-0.34639,-0.072084,-0.16236,1.4096,0.098102,-0.24844,0.046474,0.72572,-1.6246,-0.40707,0.17357,-0.22824,-0.71822,-0.12931,0.01547,0.035789
1.92,-0.20327,-0.0080039,0.84178,-0.048853,1.3405,0.044536,-2.6847,-1.0742,-2.8789,0.1906,0.88917,0.066393,0.060802,-0.25427,-0.092118,2.7505,-1.0739,3.0614,-0.064676,0.95203,-0.014322,-0.014784,-0.25639,-0.14889,0.043438,0.36489,-0.0066891,-0.014917,-0.13448,-0.015612,-0.029618,-0.56198,0.073832,-0.84802,-1.695,-0.34676,-0.073042,-0.1623,1.4039,0.098848,-0.24863,0.046319,0.70965,-1.6241,-0.42239,0.1719,-0.22815,-0.72111,-0.1297,0.015276,0.035839
1.94,-0.20291,-0.0080735,0.84172,-0.043492,1.3405,0.040174,-2.6852,-1.0737,-2.8776,0.19034,0.89035,0.067033,0.061136,-0.25509,-0.092993,2.7508,-1.0746,3.0627,-0.064371,0.95244,-0.014952,-0.014451,-0.2571,-0.14794,0.043789,0.36448,-0.0074605,-0.016742,-0.13464,-0.016026,-0.029555,-0.56243,0.073789,-0.85408,-1.6941,-0.3473,-0.073982,-0.16235,1.3976,0.099605,-0.24868,0.046124,0.695,-1.6237,-0.43648,0.17031,-0.22809,-0.72365,-0.13004,0.015061,0.035869
1.96,-0.20255,-0.0081584,0.84166,-0.037341,1.3405,0.035063,-2.686,-1.0731,-2.8762,0.1904,0.89155,0.067642,0.060944,-0.25593,-0.094353,2.7509,-1.0753,3.0643,-0.063755,0.95285,-0.015853,-0.014229,-0.25777,-0.14718,0.043164,0.36417,-0.0082148,-0.017594,-0.13493,-0.016197,-0.029432,-0.56278,0.073668,-0.8603,-1.6932,-0.34854,-0.074731,-0.16246,1.3916,0.10028,-0.24864,0.045931,0.68352,-1.6232,-0.44763,0.16892,-0.2281,-0.72576,-0.13028,0.014832,0.035872
1.98,-0.20218,-0.0082814,0.8416,-0.031607,1.3405,0.030205,-2.687,-1.0726,-2.8751,0.19066,0.89271,0.068314,0.060173,-0.25674,-0.096058,2.7507,-1.0758,3.0656,-0.06297,0.95333,-0.016839,-0.014144,-0.25843,-0.14662,0.041816,0.36395,-0.0088369,-0.017514,-0.13534,-0.016119,-0.029261,-0.56293,0.07345,-0.86688,-1.6923,-0.351,-0.075247,-0.16261,1.3864,0.1008,-0.2486,0.04578,0.67616,-1.6226,-0.45494,0.16782,-0.22819,-0.72747,-0.13042,0.014613,0.035852
2,-0.20182,-0.0084521,0.84154,-0.027344,1.3406,0.026533,-2.6882,-1.0723,-2.8746,0.19095,0.89382,0.069138,0.058897,-0.25748,-0.097968,2.7505,-1.0762,3.0664,-0.062127,0.95388,-0.017736,-0.014231,-0.25908,-0.14619,0.04018,0.36379,-0.0092618,-0.016788,-0.1358,-0.015868,-0.02904,-0.56288,0.073108,-0.87389,-1.6915,-0.35489,-0.075561,-0.16281,1.3824,0.10113,-0.24861,0.045694,0.67289,-1.6218,-0.45841,0.16703,-0.22834,-0.72881,-0.13047,0.014437,0.03582
2.02,-0.20146,-0.0086617,0.84148,-0.025138,1.3406,0.024641,-2.6894,-1.0722,-2.8746,0.1912,0.89488,0.070136,0.057283,-0.25818,-0.099988,2.7504,-1.0763,3.0667,-0.06129,0.95447,-0.018426,-0.014516,-0.25975,-0.14575,0.038715,0.36368,-0.0094846,-0.015812,-0.1362,-0.015579,-0.028805,-0.56264,0.072566,-0.88114,-1.6907,-0.35982,-0.075741,-0.1631,1.3794,0.10128,-0.24869,0.045679,0.67293,-1.621,-0.45875,0.16658,-0.22858,-0.72984,-0.13044,0.014335,0.035788
2.04,-0.20112,-0.0088861,0.84141,-0.025019,1.3405,0.024674,-2.6901,-1.0722,-2.8749,0.19142,0.8959,0.071224,0.055534,-0.25888,-0.10207,2.751,-1.0764,3.0667,-0.060503,0.95505,-0.018857,-0.014984,-0.26045,-0.1452,0.037771,0.36362,-0.0095504,-0.014948,-0.13647,-0.015416,-0.028653,-0.56226,0.07175,-0.88823,-1.69,-0.36494,-0.075877,-0.16349,1.377,0.10129,-0.24882,0.045716,0.6752,-1.6201,-0.45691,0.1664,-0.22896,-0.73064,-0.13035,0.014321,0.035761
2.06,-0.20081,-0.0090952,0.84133,-0.026565,1.3404,0.026383,-2.6901,-1.0723,-2.8749,0.1917,0.89693,0.072253,0.053836,-0.25964,-0.10418,2.7522,-1.0766,3.0667,-0.059814,0.95556,-0.019041,-0.015566,-0.26115,-0.14443,0.037519,0.36361,-0.0095306,-0.014413,-0.13662,-0.015525,-0.028706,-0.56183,0.070716,-0.8948,-1.6892,-0.36923,-0.076069,-0.16399,1.3744,0.10124,-0.24898,0.045774,0.67878,-1.6192,-0.45361,0.16643,-0.2295,-0.73134,-0.13019,0.014386,0.035739
2.08,-0.20052,-0.0092655,0.84125,-0.029124,1.3402,0.029266,-2.6894,-1.0723,-2.8743,0.19215,0.89796,0.073093,0.052329,-0.26047,-0.10637,2.7543,-1.077,3.0671,-0.059285,0.95597,-0.019024,-0.016151,-0.26183,-0.14341,0.037911,0.36368,-0.0094944,-0.014235,-0.13666,-0.01598,-0.029044,-0.56151,0.069722,-0.90075,-1.6886,-0.37198,-0.076394,-0.16452,1.3711,0.10121,-0.24909,0.045813,0.68322,-1.6183,-0.44913,0.16662,-0.23022,-0.73205,-0.12998,0.014505,0.035716
2.1,-0.20025,-0.0093902,0.84117,-0.03204,1.3399,0.032741,-2.6881,-1.0721,-2.8729,0.1928,0.89902,0.073683,0.051063,-0.26137,-0.10875,2.757,-1.0775,3.0679,-0.058975,0.95629,-0.018871,-0.016613,-0.26241,-0.14214,0.038726,0.36377,-0.0094885,-0.014274,-0.13666,-0.01676,-0.02964,-0.56143,0.069193,-0.90635,-1.6879,-0.37329,-0.076857,-0.16497,1.3667,0.10127,-0.24911,0.045798,0.68854,-1.6173,-0.44341,0.16689,-0.2311,-0.73279,-0.12975,0.01464,0.035691
2.12,-0.19998,-0.0094818,0.84109,-0.034869,1.3396,0.036336,-2.6867,-1.0718,-2.8709,0.19368,0.90006,0.07404,0.049974,-0.26229,-0.11158,2.76,-1.0781,3.069,-0.058933,0.95654,-0.018636,-0.016846,-0.26286,-0.1407,0.039673,0.36381,-0.0095343,-0.014332,-0.1367,-0.017773,-0.030331,-0.56168,0.069572,-0.91225,-1.6874,-0.37451,-0.077326,-0.16516,1.3618,0.10148,-0.249,0.04571,0.69495,-1.6161,-0.43644,0.16722,-0.23209,-0.73336,-0.12952,0.014758,0.035664
2.14,-0.1997,-0.0095678,0.84101,-0.037525,1.3393,0.039868,-2.6855,-1.0715,-2.8686,0.19481,0.90102,0.07421,0.048867,-0.26315,-0.11522,2.7629,-1.0787,3.0702,-0.059204,0.95673,-0.018337,-0.016785,-0.2631,-0.13914,0.040548,0.3637,-0.0096408,-0.014302,-0.13685,-0.018913,-0.030845,-0.56221,0.071064,-0.91915,-1.6872,-0.37826,-0.077529,-0.16484,1.358,0.10185,-0.24879,0.045553,0.70234,-1.6146,-0.42882,0.16758,-0.23307,-0.73334,-0.12939,0.014828,0.035648
2.16,-0.19938,-0.0096804,0.84097,-0.040302,1.3392,0.043506,-2.685,-1.0712,-2.8662,0.19623,0.90181,0.074242,0.047445,-0.26382,-0.12001,2.7653,-1.0793,3.0712,-0.059849,0.95687,-0.017953,-0.016399,-0.26306,-0.1375,0.041356,0.36332,-0.0098177,-0.014263,-0.13711,-0.020119,-0.030898,-0.56278,0.073417,-0.92751,-1.6875,-0.38745,-0.077154,-0.16371,1.3572,0.1024,-0.24855,0.045351,0.70999,-1.6128,-0.42187,0.16794,-0.2338,-0.73219,-0.12944,0.014822,0.035659
2.18,-0.19903,-0.0098471,0.84098,-0.043718,1.3391,0.047658,-2.6853,-1.071,-2.8639,0.19796,0.90233,0.074181,0.045417,-0.26418,-0.12621,2.7671,-1.0798,3.0716,-0.06094,0.95689,-0.017452,-0.015669,-0.26267,-0.13577,0.042293,0.36258,-0.010074,-0.014442,-0.13745,-0.021381,-0.030343,-0.56302,0.075919,-0.9372,-1.6886,-0.40344,-0.07606,-0.1615,1.3604,0.10321,-0.24837,0.045108,0.71673,-1.6108,-0.41728,0.16821,-0.23394,-0.72935,-0.1298,0.014719,0.035722
2.2,-0.19865,-0.010084,0.84107,-0.048272,1.3391,0.052736,-2.6867,-1.0711,-2.862,0.19986,0.90243,0.074128,0.042661,-0.2641,-0.13383,2.7685,-1.0801,3.0713,-0.062558,0.95664,-0.016811,-0.01458,-0.26186,-0.13391,0.043606,0.36142,-0.0104,-0.01507,-0.13789,-0.022696,-0.029251,-0.56264,0.077724,-0.94758,-1.6905,-0.42419,-0.074477,-0.15802,1.366,0.10452,-0.24827,0.044767,0.72175,-1.6088,-0.41619,0.16822,-0.23307,-0.72426,-0.13057,0.014518,0.035866
2.22,-0.19825,-0.010392,0.84127,-0.05419,1.3392,0.058908,-2.6893,-1.0716,-2.8607,0.20152,0.90195,0.074295,0.039369,-0.26351,-0.14257,2.7699,-1.0803,3.0705,-0.06477,0.95597,-0.015998,-0.013149,-0.2606,-0.13192,0.045436,0.3598,-0.010762,-0.016253,-0.13851,-0.024018,-0.027841,-0.56165,0.078313,-0.95803,-1.6929,-0.44404,-0.072999,-0.15332,1.3694,0.10669,-0.2482,0.044195,0.72525,-1.607,-0.4187,0.16776,-0.23088,-0.71631,-0.13185,0.014275,0.036131
2.24,-0.19786,-0.010756,0.84164,-0.06123,1.3397,0.065926,-2.6935,-1.0724,-2.8605,0.20236,0.90072,0.074966,0.036036,-0.26241,-0.1519,2.7718,-1.0801,3.0697,-0.067578,0.95466,-0.014942,-0.01147,-0.25889,-0.12986,0.047713,0.35768,-0.01112,-0.017954,-0.13952,-0.025252,-0.026297,-0.56046,0.077771,-0.96859,-1.6952,-0.45567,-0.072312,-0.14775,1.3639,0.11009,-0.24799,0.043239,0.72847,-1.6055,-0.42389,0.16665,-0.22734,-0.70482,-0.13371,0.01411,0.036562
2.26,-0.19747,-0.011138,0.84219,-0.068578,1.3408,0.073075,-2.699,-1.0734,-2.8614,0.20203,0.89863,0.076315,0.033259,-0.26086,-0.16108,2.7725,-1.0801,3.0673,-0.070842,0.95252,-0.01356,-0.0097381,-0.25676,-0.12783,0.050157,0.355,-0.011473,-0.020034,-0.14108,-0.026316,-0.024613,-0.55985,0.076685,-0.97998,-1.6965,-0.45334,-0.07279,-0.14195,1.3438,0.1148,-0.24752,0.041818,0.73341,-1.6043,-0.43015,0.1648,-0.22272,-0.68939,-0.1361,0.014174,0.037192
2.28,-0.19705,-0.011471,0.84295,-0.075009,1.3425,0.079348,-2.7054,-1.0744,-2.863,0.20064,0.89564,0.078173,0.031463,-0.2589,-0.16937,2.7674,-1.0819,3.059,-0.074265,0.94941,-0.011814,-0.008206,-0.25431,-0.12595,0.052384,0.35166,-0.01186,-0.022317,-0.14317,-0.027203,-0.022644,-0.56059,0.075759,-0.99286,-1.6963,-0.43523,-0.074262,-0.13661,1.3073,0.12048,-0.24669,0.039993,0.74227,-1.6033,-0.43515,0.1622,-0.21756,-0.67041,-0.13889,0.014568,0.038008
2.3,-0.19659,-0.011685,0.84393,-0.079405,1.3449,0.083882,-2.7116,-1.0751,-2.8641,0.19884,0.89179,0.079971,0.03072,-0.25657,-0.17618,2.7576,-1.0854,3.0464,-0.077523,0.94527,-0.0097094,-0.007095,-0.25167,-0.12419,0.054148,0.34756,-0.012339,-0.024699,-0.14552,-0.028014,-0.020312,-0.56307,0.075398,-1.0066,-1.694,-0.40427,-0.076131,-0.13236,1.2582,0.12643,-0.24555,0.037973,0.75757,-1.6024,-0.43566,0.15884,-0.21256,-0.64929,-0.14173,0.015327,0.038939
2.32,-0.19603,-0.011727,0.84512,-0.081405,1.3476,0.086481,-2.7161,-1.0757,-2.8635,0.19751,0.88716,0.080955,0.030739,-0.2539,-0.18121,2.7699,-1.0834,3.0561,-0.080438,0.94015,-0.0072521,-0.0065323,-0.24895,-0.12242,0.055622,0.34258,-0.01296,-0.027316,-0.14751,-0.028944,-0.017734,-0.56708,0.07554,-1.0209,-1.69,-0.36998,-0.077619,-0.12936,1.2064,0.13179,-0.24441,0.036098,0.78205,-1.6012,-0.4284,0.15466,-0.20876,-0.62738,-0.14422,0.016602,0.039913
2.34,-0.19535,-0.011585,0.84648,-0.081706,1.3501,0.087843,-2.7178,-1.0764,-2.8604,0.19737,0.88184,0.080555,0.03101,-0.25094,-0.18458,2.8504,-1.0626,3.1338,-0.083046,0.93424,-0.0044025,-0.0065656,-0.24625,-0.12033,0.057393,0.33662,-0.013765,-0.030456,-0.14834,-0.030244,-0.015258,-0.57185,0.075859,-1.0429,-1.6853,-0.35326,-0.07786,-0.12714,1.165,0.1358,-0.24389,0.03478,0.81386,-1.5989,-0.41694,0.14996,-0.20797,-0.6036,-0.14604,0.018947,0.040993
2.36,-0.19455,-0.011286,0.84797,-0.081757,1.3518,0.089274,-2.7158,-1.078,-2.8542,0.19878,0.87599,0.078688,0.031016,-0.24772,-0.18675,2.9509,-1.0382,3.2308,-0.085485,0.92772,-0.0010943,-0.0072219,-0.24358,-0.11766,0.059896,0.32971,-0.014668,-0.033802,-0.14724,-0.032061,-0.013804,-0.57647,0.075993,-1.0964,-1.681,-0.38216,-0.076253,-0.12527,1.1379,0.13813,-0.24425,0.0342,0.82886,-1.5941,-0.42896,0.14633,-0.21284,-0.57417,-0.14741,0.023072,0.042422
2.38,-0.19363,-0.010876,0.84957,-0.083006,1.3519,0.092012,-2.71,-1.0809,-2.845,0.20161,0.86974,0.075847,0.030473,-0.24431,-0.18833,2.7459,-1.1064,3.0209,-0.087822,0.92076,0.0027007,-0.008527,-0.24095,-0.11431,0.06252,0.3222,-0.015132,-0.035389,-0.14423,-0.034094,-0.015469,-0.57999,0.075272,-1.201,-1.6763,-0.44685,-0.074371,-0.12635,1.0966,0.13946,-0.24353,0.033564,0.75934,-1.5844,-0.52942,0.14678,-0.22428,-0.54021,-0.14906,0.028335,0.044236
2.4,-0.19257,-0.010401,0.85126,-0.086013,1.3503,0.096401,-2.7011,-1.0856,-2.8335,0.20514,0.86318,0.072974,0.029535,-0.2408,-0.1898,1.8656,-1.3745,2.1343,-0.089947,0.91348,0.0068703,-0.010462,-0.23833,-0.1105,0.063782,0.31517,-0.014178,-0.032697,-0.14125,-0.03536,-0.022309,-0.58082,0.072429,-1.2916,-1.6633,-0.41697,-0.078411,-0.13819,0.97858,0.14175,-0.23685,0.030791,0.5201,-1.5675,-0.78419,0.15234,-0.23698,-0.51939,-0.15111,0.031275,0.045579
2.42,-0.19134,-0.0099198,0.85308,-0.089719,1.3473,0.10119,-2.6908,-1.092,-2.8209,0.20822,0.85631,0.071125,0.028799,-0.23734,-0.19139,0.58876,-1.7554,0.85042,-0.091618,0.90588,0.011099,-0.012908,-0.23576,-0.10678,0.063586,0.31056,-0.011565,-0.027168,-0.14285,-0.035061,-0.032047,-0.57591,0.067132,-1.1603,-1.6308,-0.075884,-0.09387,-0.16491,0.77595,0.14649,-0.22302,0.025077,0.12048,-1.5425,-1.159,0.15812,-0.2405,-0.53822,-0.15186,0.028035,0.045012
2.44,-0.1899,-0.0094999,0.85505,-0.091802,1.3434,0.10394,-2.6811,-1.1002,-2.8088,0.20971,0.849,0.070973,0.029012,-0.23404,-0.19319,-0.2942,-2.0123,-0.039066,-0.092791,0.89786,0.015114,-0.015627,-0.23327,-0.10368,0.064401,0.30936,-0.0088005,-0.02519,-0.15214,-0.034122,-0.037509,-0.56312,0.062116,-0.62724,-1.5777,0.60455,-0.11158,-0.19083,0.63508,0.15069,-0.21265,0.020567,-0.26347,-1.5126,-1.4812,0.15763,-0.2311,-0.5974,-0.14945,0.019973,0.042371
2.46,-0.18832,-0.0091806,0.85719,-0.090571,1.3384,0.10286,-2.6728,-1.1103,-2.7973,0.20929,0.84093,0.072391,0.030628,-0.23093,-0.19546,-0.49978,-2.0625,-0.2503,-0.094,0.88925,0.019147,-0.018291,-0.23077,-0.10132,0.067904,0.30908,-0.0076873,-0.030037,-0.16412,-0.034298,-0.03499,-0.54654,0.060989,0.1566,-1.5209,1.2974,-0.11164,-0.19058,0.72842,0.14779,-0.21777,0.022881,-0.43714,-1.4837,-1.5936,0.15215,-0.21893,-0.65974,-0.14483,0.013505,0.039553
2.48,-0.18673,-0.0089399,0.8595,-0.08633,1.3319,0.098299,-2.6654,-1.1229,-2.7853,0.20754,0.83175,0.074558,0.033598,-0.22786,-0.19837,-0.39809,-2.0183,-0.15399,-0.096026,0.87987,0.023772,-0.020587,-0.22813,-0.099437,0.07231,0.30585,-0.0082049,-0.03736,-0.16963,-0.035487,-0.028776,-0.53404,0.06367,0.77577,-1.4797,1.6398,-0.09099,-0.16353,1.0084,0.13629,-0.23349,0.030964,-0.39598,-1.4591,-1.5203,0.14887,-0.21582,-0.69118,-0.14092,0.012496,0.038323
2.5,-0.18521,-0.0087217,0.86195,-0.08053,1.3238,0.091813,-2.6572,-1.1377,-2.7715,0.20525,0.82123,0.076515,0.037513,-0.22467,-0.20151,-0.34023,-1.9829,-0.10166,-0.099085,0.86958,0.029147,-0.022323,-0.22524,-0.097905,0.075421,0.29936,-0.0091982,-0.042534,-0.16718,-0.036029,-0.02375,-0.52804,0.067107,0.99457,-1.4581,1.61,-0.068299,-0.13483,1.2645,0.12287,-0.24518,0.038358,-0.28461,-1.4373,-1.4002,0.15071,-0.22179,-0.69435,-0.13896,0.014886,0.038464
2.52,-0.18372,-0.0084755,0.86453,-0.074362,1.3147,0.084819,-2.6467,-1.154,-2.7553,0.20297,0.80934,0.077607,0.041818,-0.22116,-0.20398,-0.41922,-1.98,-0.1861,-0.10269,0.85827,0.034839,-0.023469,-0.22208,-0.096852,0.077462,0.29211,-0.010227,-0.045907,-0.16236,-0.035208,-0.020143,-0.5247,0.069468,0.9301,-1.4466,1.4313,-0.057285,-0.12152,1.3874,0.11387,-0.24772,0.041645,-0.2071,-1.4153,-1.3192,0.15487,-0.23001,-0.69014,-0.13805,0.017319,0.038863
2.54,-0.18222,-0.0081713,0.86726,-0.068364,1.3049,0.078076,-2.6325,-1.1713,-2.7356,0.20107,0.79614,0.077551,0.045985,-0.21715,-0.20502,-0.54044,-1.9849,-0.31239,-0.10615,0.84588,0.040342,-0.02412,-0.21865,-0.096406,0.07959,0.28556,-0.01153,-0.049307,-0.15885,-0.033677,-0.016785,-0.52085,0.070967,0.79821,-1.4359,1.274,-0.055473,-0.12022,1.4193,0.10966,-0.2458,0.042169,-0.17069,-1.3927,-1.2768,0.15848,-0.23667,-0.68957,-0.1373,0.018801,0.039026
2.56,-0.18071,-0.0078061,0.87011,-0.062542,1.2943,0.071708,-2.6131,-1.1894,-2.7116,0.19973,0.78173,0.076361,0.049639,-0.21254,-0.20438,-0.35204,-1.9226,-0.12862,-0.10895,0.83241,0.045411,-0.024464,-0.21496,-0.096633,0.081999,0.27952,-0.013128,-0.052902,-0.1565,-0.032203,-0.013845,-0.51615,0.072161,0.69931,-1.4227,1.1741,-0.056267,-0.12226,1.4248,0.10788,-0.24378,0.04195,-0.1498,-1.3705,-1.2496,0.16092,-0.24177,-0.69161,-0.13661,0.019881,0.039076
2.58,-0.17917,-0.0074039,0.87305,-0.056613,1.283,0.065415,-2.5881,-1.2082,-2.6825,0.19895,0.76629,0.074264,0.052565,-0.2073,-0.20224,0.51525,-1.7214,0.73448,-0.11071,0.818,0.050017,-0.024746,-0.21105,-0.097613,0.084026,0.27362,-0.014723,-0.055767,-0.15436,-0.031049,-0.012105,-0.51122,0.07317,0.63464,-1.4076,1.1103,-0.056979,-0.12375,1.4277,0.10703,-0.24262,0.041703,-0.13067,-1.3491,-1.2271,0.16273,-0.24593,-0.69225,-0.13613,0.021137,0.039229
2.6,-0.17758,-0.0070033,0.87607,-0.050423,1.2707,0.05894,-2.5571,-1.2278,-2.648,0.19854,0.75001,0.071602,0.054675,-0.20155,-0.19902,1.7757,-1.45,1.9911,-0.11127,0.80285,0.054232,-0.025224,-0.20701,-0.099412,0.084997,0.26781,-0.016031,-0.057144,-0.15217,-0.030136,-0.011886,-0.50633,0.073849,0.58417,-1.3917,1.063,-0.057525,-0.12454,1.4279,0.10669,-0.24197,0.041427,-0.11217,-1.3285,-1.2097,0.16453,-0.24917,-0.68931,-0.13598,0.022789,0.039584
2.62,-0.17595,-0.0066403,0.87912,-0.04425,1.2573,0.052445,-2.5198,-1.2481,-2.6074,0.19818,0.73314,0.068747,0.056009,-0.19544,-0.19521,2.6361,-1.2776,2.8479,-0.11064,0.78719,0.05816,-0.026096,-0.20288,-0.10201,0.084758,0.26226,-0.016949,-0.05694,-0.15003,-0.029321,-0.01288,-0.50138,0.073987,0.53796,-1.375,1.0243,-0.058151,-0.12528,1.423,0.10675,-0.24151,0.04107,-0.096161,-1.3079,-1.1985,0.16662,-0.25134,-0.68288,-0.13613,0.024804,0.040133
2.64,-0.17424,-0.0063369,0.88219,-0.03867,1.2428,0.046427,-2.4751,-1.2692,-2.5596,0.19755,0.71592,0.06603,0.056793,-0.18917,-0.19125,2.8148,-1.2568,3.0231,-0.10909,0.77121,0.061909,-0.027412,-0.19871,-0.10531,0.08368,0.25703,-0.017504,-0.055601,-0.14799,-0.028549,-0.014508,-0.49619,0.073425,0.4944,-1.3573,0.99126,-0.05882,-0.12631,1.4138,0.107,-0.24117,0.040676,-0.083181,-1.287,-1.1925,0.16894,-0.25256,-0.67446,-0.13651,0.027032,0.040809
2.66,-0.17244,-0.006104,0.88524,-0.034145,1.227,0.041311,-2.4214,-1.2909,-2.5031,0.19637,0.69858,0.063681,0.057418,-0.18295,-0.18746,2.6784,-1.3028,2.8834,-0.107,0.7551,0.06556,-0.029056,-0.19452,-0.10923,0.08233,0.25208,-0.017757,-0.05377,-0.14591,-0.027846,-0.016266,-0.49061,0.072181,0.45392,-1.3383,0.96182,-0.059424,-0.12771,1.4027,0.10722,-0.24093,0.040327,-0.072444,-1.2655,-1.1893,0.17129,-0.25325,-0.66595,-0.13703,0.0293,0.041536
2.68,-0.17052,-0.0059461,0.88826,-0.030763,1.21,0.037187,-2.3561,-1.313,-2.4351,0.19446,0.6813,0.061767,0.058317,-0.17697,-0.18402,2.5483,-1.344,2.7502,-0.10479,0.73901,0.069111,-0.030819,-0.19029,-0.11373,0.081151,0.24721,-0.017783,-0.051978,-0.1435,-0.027254,-0.017878,-0.48465,0.070518,0.4167,-1.3178,0.93485,-0.059964,-0.12952,1.3912,0.10726,-0.24075,0.040069,-0.062852,-1.2433,-1.1864,0.17343,-0.25397,-0.65891,-0.13758,0.031489,0.04225
2.7,-0.16845,-0.0058585,0.89125,-0.028321,1.1917,0.033927,-2.2754,-1.3349,-2.3518,0.19183,0.66415,0.060202,0.059802,-0.17133,-0.18092,2.4668,-1.3704,2.6663,-0.10269,0.72304,0.072434,-0.032546,-0.186,-0.11875,0.080355,0.2422,-0.017678,-0.050487,-0.1405,-0.026811,-0.019287,-0.47838,0.068846,0.38266,-1.2959,0.91023,-0.060545,-0.13177,1.3796,0.10709,-0.24059,0.0399,-0.053628,-1.2201,-1.1826,0.17528,-0.25515,-0.65417,-0.13805,0.033564,0.042915
2.72,-0.16622,-0.0058217,0.89421,-0.026582,1.1722,0.03145,-2.1741,-1.3558,-2.2478,0.18862,0.6472,0.058816,0.061971,-0.16607,-0.17797,2.3804,-1.3918,2.5784,-0.10069,0.70718,0.075286,-0.034219,-0.1816,-0.12415,0.079986,0.2369,-0.01756,-0.049293,-0.13683,-0.02658,-0.020563,-0.4718,0.067518,0.35166,-1.2726,0.88852,-0.061295,-0.13447,1.3677,0.10679,-0.24037,0.039776,-0.04452,-1.1959,-1.1778,0.17688,-0.25698,-0.65171,-0.13837,0.035566,0.043524
2.74,-0.16379,-0.0058101,0.89714,-0.025404,1.1516,0.029787,-2.0461,-1.3745,-2.1174,0.18504,0.63047,0.057485,0.064735,-0.16118,-0.17497,2.2515,-1.4129,2.4489,-0.098571,0.69133,0.077414,-0.035927,-0.17709,-0.12967,0.079948,0.23131,-0.017527,-0.048168,-0.13264,-0.026621,-0.021806,-0.46479,0.066666,0.32347,-1.248,0.87034,-0.06231,-0.13758,1.3554,0.10645,-0.23996,0.039631,-0.03572,-1.1708,-1.1728,0.17841,-0.25935,-0.65082,-0.13856,0.037568,0.044098
2.76,-0.16117,-0.0058136,0.90006,-0.024672,1.1299,0.028862,-1.8876,-1.3893,-1.9568,0.1812,0.61393,0.056219,0.067902,-0.15658,-0.17177,2.0669,-1.4324,2.2641,-0.0961,0.67542,0.0787,-0.037772,-0.17251,-0.13512,0.079932,0.22558,-0.017581,-0.046713,-0.1282,-0.026905,-0.02306,-0.45719,0.066202,0.29772,-1.2222,0.85599,-0.063631,-0.14108,1.3425,0.10617,-0.23929,0.039413,-0.027627,-1.1449,-1.1688,0.18006,-0.26206,-0.65049,-0.13867,0.039618,0.044666
2.78,-0.15834,-0.0058449,0.90295,-0.024143,1.1073,0.028309,-1.7002,-1.3988,-1.7679,0.17712,0.59756,0.055135,0.071231,-0.15218,-0.16831,1.8257,-1.4464,2.0235,-0.093191,0.65947,0.079247,-0.039792,-0.16797,-0.14045,0.079428,0.21989,-0.017627,-0.044486,-0.1238,-0.027284,-0.024287,-0.44888,0.065958,0.274,-1.1954,0.84533,-0.065239,-0.14492,1.3289,0.10597,-0.23833,0.039102,-0.020615,-1.1181,-1.1667,0.18192,-0.26488,-0.64993,-0.1388,0.041707,0.045246
2.8,-0.1553,-0.0059206,0.90581,-0.023444,1.0837,0.027578,-1.4937,-1.4017,-1.5601,0.17283,0.58135,0.054336,0.074444,-0.1479,-0.16462,1.5435,-1.4518,1.7422,-0.08991,0.64357,0.079338,-0.041992,-0.1636,-0.14568,0.077971,0.21433,-0.017558,-0.041272,-0.11963,-0.027569,-0.025391,-0.43987,0.065829,0.25205,-1.1679,0.83797,-0.067091,-0.14906,1.3145,0.10586,-0.23715,0.03871,-0.014868,-1.0909,-1.1666,0.18394,-0.26767,-0.64889,-0.13899,0.043784,0.04584
2.82,-0.15204,-0.0060371,0.90864,-0.022269,1.0593,0.026274,-1.2838,-1.3971,-1.3494,0.16848,0.5653,0.053821,0.077251,-0.14367,-0.16068,1.2537,-1.4468,1.4538,-0.086384,0.62779,0.079324,-0.044391,-0.15948,-0.15086,0.075477,0.20895,-0.017367,-0.037269,-0.11581,-0.027649,-0.026279,-0.43028,0.065796,0.23185,-1.1397,0.8336,-0.069175,-0.15343,1.2993,0.10588,-0.23583,0.038254,-0.010332,-1.0634,-1.1682,0.18598,-0.27035,-0.64752,-0.13926,0.045809,0.046441
2.84,-0.14856,-0.0061714,0.91142,-0.020564,1.034,0.024365,-1.0875,-1.3849,-1.1529,0.16427,0.54947,0.053502,0.079437,-0.13954,-0.15646,0.99391,-1.4319,1.1954,-0.082735,0.61218,0.079486,-0.047003,-0.15566,-0.15594,0.072333,0.20376,-0.017142,-0.033035,-0.11237,-0.027538,-0.026933,-0.42022,0.065857,0.21352,-1.1112,0.83241,-0.071564,-0.15785,1.2824,0.10611,-0.23444,0.03773,-0.0067425,-1.0358,-1.1706,0.18788,-0.27294,-0.6462,-0.13961,0.047778,0.047048
2.86,-0.14484,-0.0063019,0.91414,-0.018476,1.008,0.022037,-0.91717,-1.3657,-0.98266,0.16036,0.53387,0.053294,0.080984,-0.13555,-0.15193,0.78683,-1.4088,0.98973,-0.079079,0.59681,0.079933,-0.049763,-0.1522,-0.16086,0.069129,0.19865,-0.016989,-0.02919,-0.10928,-0.02731,-0.027457,-0.40974,0.065975,0.19722,-1.0823,0.83528,-0.0744,-0.16209,1.2629,0.10666,-0.23301,0.037113,-0.0037286,-1.008,-1.1732,0.18948,-0.27546,-0.64543,-0.14002,0.049711,0.047661
2.88,-0.14089,-0.0064218,0.9168,-0.016153,0.98134,0.019435,-0.77715,-1.341,-0.84319,0.15669,0.51852,0.053163,0.082122,-0.13181,-0.14711,0.634,-1.38,0.83824,-0.075545,0.58175,0.080582,-0.05251,-0.14914,-0.16554,0.066283,0.19347,-0.016961,-0.026124,-0.10648,-0.027034,-0.028032,-0.39878,0.06611,0.18296,-1.0532,0.84342,-0.07783,-0.16589,1.2396,0.10765,-0.23154,0.036362,-0.00093689,-0.98024,-1.1751,0.19065,-0.27801,-0.64577,-0.14047,0.051599,0.04827
2.9,-0.13671,-0.0065347,0.91938,-0.013681,0.95422,0.016626,-0.66532,-1.3122,-0.7321,0.1531,0.50344,0.053102,0.083245,-0.12839,-0.14206,0.52396,-1.3475,0.7295,-0.072261,0.56702,0.081259,-0.055079,-0.1465,-0.16986,0.063896,0.18804,-0.01705,-0.02389,-0.10395,-0.026747,-0.028783,-0.38723,0.066271,0.17053,-1.024,0.85781,-0.081928,-0.16902,1.2116,0.10917,-0.22993,0.035427,0.0018528,-0.95224,-1.1758,0.19131,-0.28069,-0.64762,-0.14092,0.053385,0.048851
2.92,-0.13231,-0.0066528,0.92189,-0.011211,0.92679,0.013738,-0.57631,-1.2805,-0.64385,0.14937,0.48859,0.0531,0.084705,-0.12534,-0.1369,0.44336,-1.3125,0.65005,-0.069334,0.5526,0.081845,-0.057411,-0.14425,-0.17362,0.061865,0.18225,-0.017205,-0.022284,-0.10166,-0.02646,-0.029649,-0.375,0.066496,0.15951,-0.99482,0.87854,-0.086651,-0.17143,1.1785,0.11119,-0.22806,0.034273,0.0046932,-0.92395,-1.1754,0.19151,-0.2836,-0.65098,-0.14133,0.055001,0.049378
2.94,-0.12771,-0.0068039,0.92433,-0.0090099,0.89922,0.010967,-0.50437,-1.2469,-0.57254,0.14537,0.47386,0.053119,0.086609,-0.12262,-0.13182,0.38265,-1.2761,0.59004,-0.066822,0.53843,0.082351,-0.059587,-0.1423,-0.17672,0.060015,0.17603,-0.017341,-0.021006,-0.099586,-0.02613,-0.030392,-0.36211,0.066798,0.14942,-0.96557,0.90454,-0.091815,-0.17325,1.1411,0.11359,-0.22582,0.032897,0.0075493,-0.89534,-1.1742,0.19142,-0.2868,-0.65542,-0.1417,0.056425,0.049846
2.96,-0.12293,-0.0070263,0.92673,-0.0073216,0.87165,0.0084532,-0.44478,-1.2119,-0.51339,0.14109,0.45904,0.053089,0.088765,-0.12016,-0.12704,0.33612,-1.2386,0.54362,-0.064685,0.52444,0.082862,-0.061766,-0.14056,-0.17928,0.058165,0.16932,-0.017365,-0.019792,-0.097671,-0.025688,-0.030731,-0.34865,0.067114,0.13984,-0.9363,0.93385,-0.09713,-0.17479,1.1009,0.11621,-0.22318,0.031347,0.01042,-0.86643,-1.1728,0.19126,-0.29038,-0.66025,-0.14204,0.057702,0.050269
2.98,-0.11799,-0.0073411,0.92909,-0.0061971,0.84426,0.006234,-0.39448,-1.176,-0.46324,0.13666,0.44391,0.052899,0.090832,-0.11782,-0.12272,0.29999,-1.2006,0.50714,-0.062762,0.51049,0.083451,-0.064107,-0.13892,-0.18158,0.05619,0.16205,-0.017247,-0.018515,-0.095814,-0.025108,-0.030537,-0.33478,0.067277,0.13045,-0.907,0.96459,-0.1023,-0.17654,1.0593,0.11881,-0.22021,0.029699,0.01339,-0.83729,-1.1716,0.19122,-0.29443,-0.66483,-0.14239,0.058928,0.05068
3,-0.1129,-0.0077257,0.93143,-0.0054495,0.8172,0.0043062,-0.35197,-1.1393,-0.42052,0.13229,0.42836,0.052408,0.092565,-0.11548,-0.11879,0.27096,-1.1622,0.47759,-0.060798,0.49627,0.084142,-0.066722,-0.13723,-0.18384,0.054058,0.15414,-0.017071,-0.017201,-0.093931,-0.024477,-0.029919,-0.32059,0.06706,0.12097,-0.87772,0.99578,-0.10716,-0.17897,1.0172,0.12126,-0.21698,0.028015,0.016577,-0.80793,-1.1704,0.19144,-0.29911,-0.66883,-0.14277,0.060203,0.051113
3.02,-0.1077,-0.0081234,0.93377,-0.0047417,0.79063,0.0026599,-0.31664,-1.1021,-0.38454,0.12814,0.41236,0.051456,0.093968,-0.11307,-0.11505,0.2461,-1.1238,0.45228,-0.058563,0.48137,0.084973,-0.069668,-0.13531,-0.18613,0.051779,0.14559,-0.016998,-0.015935,-0.091996,-0.023964,-0.029176,-0.30615,0.066326,0.11117,-0.84856,1.0275,-0.11174,-0.18244,0.97465,0.12349,-0.2135,0.026307,0.020055,-0.77838,-1.169,0.1919,-0.30449,-0.67227,-0.14323,0.061614,0.051598
3.04,-0.1024,-0.0084829,0.9361,-0.003756,0.76458,0.0012515,-0.28789,-1.0645,-0.35467,0.1243,0.39595,0.049937,0.095247,-0.11055,-0.11125,0.22341,-1.0852,0.42933,-0.055982,0.46543,0.086043,-0.072949,-0.13301,-0.18836,0.049305,0.13646,-0.017156,-0.014738,-0.090027,-0.023702,-0.028629,-0.29151,0.065179,0.10097,-0.81963,1.0602,-0.1162,-0.18705,0.93155,0.12549,-0.20968,0.02455,0.02381,-0.74869,-1.1673,0.19253,-0.31057,-0.67541,-0.14378,0.063245,0.05216
3.06,-0.097003,-0.0087909,0.93843,-0.002374,0.73905,2.5154e-05,-0.26469,-1.0266,-0.33002,0.1207,0.37919,0.04789,0.096631,-0.10791,-0.10723,0.20218,-1.0466,0.4079,-0.053178,0.44834,0.087487,-0.076505,-0.13023,-0.19043,0.046564,0.1269,-0.017566,-0.013542,-0.08806,-0.023714,-0.028462,-0.27674,0.063966,0.090433,-0.79113,1.0941,-0.12064,-0.19263,0.88831,0.1273,-0.20548,0.02272,0.027778,-0.719,-1.1652,0.19316,-0.31725,-0.67847,-0.14442,0.065161,0.052821
3.08,-0.091534,-0.0090667,0.94073,-0.00077161,0.71398,-0.00097717,-0.24571,-0.98861,-0.30967,0.11723,0.36219,0.045552,0.098207,-0.10518,-0.10294,0.18255,-1.0078,0.38792,-0.050398,0.43026,0.089383,-0.080203,-0.127,-0.1923,0.043637,0.11708,-0.018163,-0.012308,-0.08612,-0.02394,-0.028661,-0.26187,0.063088,0.079729,-0.76322,1.1286,-0.12508,-0.19888,0.84566,0.12894,-0.20095,0.020821,0.031923,-0.6895,-1.1633,0.19365,-0.32446,-0.68136,-0.14515,0.067388,0.053585
3.1,-0.086004,-0.0093308,0.94298,0.00064894,0.6893,-0.0015342,-0.22975,-0.95054,-0.29304,0.1138,0.34507,0.043295,0.099889,-0.10237,-0.098389,0.16495,-0.96901,0.36941,-0.047873,0.41157,0.091681,-0.08385,-0.12342,-0.19394,0.040871,0.10714,-0.018875,-0.011124,-0.084228,-0.024335,-0.02909,-0.24679,0.062771,0.068899,-0.73608,1.1637,-0.1295,-0.20559,0.80394,0.13045,-0.19619,0.018874,0.036263,-0.66043,-1.1621,0.19392,-0.33224,-0.68365,-0.14598,0.069888,0.054446
3.12,-0.080443,-0.009582,0.94515,0.0014714,0.66496,-0.0013432,-0.21598,-0.91249,-0.27984,0.11041,0.32801,0.041453,0.10152,-0.099524,-0.093677,0.14958,-0.93043,0.35224,-0.045719,0.39276,0.094209,-0.087234,-0.1197,-0.19529,0.038733,0.097184,-0.019674,-0.010148,-0.082404,-0.024909,-0.029602,-0.23131,0.062981,0.057761,-0.7099,1.1999,-0.13394,-0.21273,0.76248,0.13188,-0.19127,0.016882,0.04079,-0.632,-1.1619,0.19398,-0.3407,-0.68482,-0.14693,0.072589,0.055392
3.14,-0.07489,-0.0098063,0.94721,0.0015134,0.64091,-0.00029,-0.2039,-0.87459,-0.26968,0.10716,0.31125,0.040148,0.10296,-0.096694,-0.08893,0.1364,-0.89232,0.3363,-0.043936,0.37437,0.096718,-0.090182,-0.11608,-0.19624,0.037463,0.087331,-0.020537,-0.0094336,-0.080679,-0.025662,-0.030107,-0.21523,0.063556,0.04596,-0.68487,1.2386,-0.13853,-0.22045,0.71984,0.13328,-0.18616,0.014812,0.045391,-0.60437,-1.1629,0.19386,-0.34982,-0.68465,-0.14802,0.075429,0.056414
3.16,-0.069389,-0.010001,0.94912,0.00094375,0.61717,0.0013498,-0.19316,-0.83712,-0.26171,0.10413,0.29504,0.039228,0.10419,-0.093968,-0.084294,0.12532,-0.85495,0.3218,-0.042502,0.35687,0.098941,-0.092592,-0.11279,-0.19672,0.036854,0.077682,-0.021382,-0.008852,-0.079082,-0.026487,-0.030579,-0.19858,0.064353,0.033189,-0.66122,1.2813,-0.14344,-0.22886,0.6745,0.13468,-0.18071,0.012612,0.049886,-0.57766,-1.1648,0.1936,-0.35944,-0.68344,-0.14926,0.078392,0.05751
3.18,-0.063986,-0.010178,0.95086,0.00015961,0.59378,0.0030341,-0.18348,-0.80045,-0.25485,0.10138,0.27964,0.03839,0.10521,-0.091437,-0.079887,0.11623,-0.81849,0.30915,-0.041444,0.34057,0.10069,-0.094414,-0.11003,-0.19668,0.036436,0.068304,-0.022073,-0.0082406,-0.077633,-0.027189,-0.031023,-0.1816,0.065228,0.019364,-0.63917,1.3286,-0.14882,-0.23794,0.62567,0.13608,-0.1748,0.01024,0.054157,-0.55196,-1.167,0.19319,-0.36936,-0.68193,-0.15064,0.081482,0.058673
3.2,-0.058721,-0.010347,0.95244,-0.00048691,0.57086,0.0043384,-0.17475,-0.76493,-0.24836,0.098883,0.26524,0.037417,0.10609,-0.089178,-0.075765,0.10888,-0.7831,0.2985,-0.04081,0.32561,0.10195,-0.095665,-0.10786,-0.19616,0.035889,0.059214,-0.022498,-0.0076232,-0.076373,-0.0276,-0.031412,-0.16472,0.065929,0.0046333,-0.61888,1.3806,-0.15474,-0.24755,0.57357,0.13741,-0.16837,0.0077007,0.0582,-0.52734,-1.1694,0.19259,-0.37944,-0.68084,-0.15208,0.084672,0.059883
3.22,-0.053631,-0.010492,0.95385,-0.00086966,0.5486,0.0052283,-0.167,-0.73085,-0.24225,0.096565,0.25196,0.036345,0.10686,-0.087254,-0.071949,0.10283,-0.749,0.28937,-0.040577,0.31187,0.10288,-0.09644,-0.10621,-0.19526,0.035252,0.050371,-0.022629,-0.0072492,-0.075361,-0.027675,-0.031569,-0.14852,0.066075,-0.010771,-0.60035,1.436,-0.16114,-0.25762,0.51952,0.13858,-0.16152,0.0050505,0.062028,-0.50386,-1.172,0.19179,-0.38953,-0.68059,-0.15355,0.087892,0.061108
3.24,-0.048745,-0.010574,0.9551,-0.0010433,0.52723,0.0059722,-0.16038,-0.69842,-0.23701,0.094351,0.23984,0.035424,0.10755,-0.085703,-0.068442,0.09751,-0.71638,0.28095,-0.040601,0.29908,0.10376,-0.096914,-0.10491,-0.1942,0.034738,0.041669,-0.022506,-0.0074144,-0.074647,-0.02746,-0.031121,-0.13367,0.065297,-0.026605,-0.58341,1.4924,-0.16787,-0.26817,0.46583,0.13952,-0.15451,0.0023899,0.065525,-0.4816,-1.1749,0.19085,-0.39928,-0.68122,-0.15502,0.091052,0.062321
3.26,-0.044089,-0.010557,0.95621,-0.0010917,0.50699,0.0068452,-0.15495,-0.66781,-0.2331,0.092191,0.22885,0.03489,0.10816,-0.084522,-0.065194,0.092481,-0.68544,0.27264,-0.040678,0.28693,0.10481,-0.097274,-0.1038,-0.19329,0.034445,0.032958,-0.022161,-0.0082586,-0.074234,-0.026999,-0.029612,-0.12091,0.063421,-0.042543,-0.56769,1.5465,-0.17468,-0.27922,0.41554,0.14021,-0.14768,-0.00016412,0.068408,-0.46066,-1.1784,0.18985,-0.40815,-0.68268,-0.15649,0.094083,0.063503
3.28,-0.039678,-0.010431,0.95719,-0.0010596,0.48805,0.0079474,-0.15059,-0.63912,-0.23058,0.090075,0.21885,0.034716,0.10869,-0.083654,-0.06207,0.08757,-0.65625,0.2644,-0.040659,0.27518,0.10612,-0.097651,-0.10272,-0.19294,0.034293,0.024101,-0.021605,-0.0097138,-0.074094,-0.026296,-0.02675,-0.11083,0.060608,-0.058068,-0.55278,1.5952,-0.18122,-0.29053,0.37168,0.14071,-0.14137,-0.0025109,0.070342,-0.44104,-1.1823,0.18883,-0.41554,-0.68515,-0.15796,0.096914,0.064634
3.3,-0.035518,-0.010216,0.95803,-0.00098978,0.47046,0.0092406,-0.14706,-0.61234,-0.22904,0.088016,0.2096,0.034534,0.10919,-0.082993,-0.058867,0.082872,-0.62879,0.25662,-0.040509,0.26372,0.10765,-0.098094,-0.10157,-0.19352,0.034184,0.015048,-0.020857,-0.011603,-0.074219,-0.025366,-0.022603,-0.10376,0.057382,-0.072523,-0.53829,1.6367,-0.18708,-0.30156,0.33611,0.14109,-0.13583,-0.0045889,0.071151,-0.4226,-1.1857,0.18767,-0.42115,-0.6891,-0.15941,0.099428,0.065675
3.32,-0.031603,-0.0099498,0.95875,-0.00094135,0.45415,0.010653,-0.14401,-0.58728,-0.22781,0.086026,0.20079,0.033777,0.10977,-0.082417,-0.055396,0.07859,-0.60295,0.24973,-0.040284,0.25252,0.10934,-0.098612,-0.10031,-0.1953,0.034131,0.0058337,-0.019987,-0.013778,-0.074608,-0.024292,-0.017579,-0.099617,0.054467,-0.085272,-0.52402,1.6708,-0.19192,-0.31168,0.30891,0.14142,-0.13117,-0.0063732,0.070967,-0.40503,-1.1876,0.18614,-0.42516,-0.69511,-0.16075,0.10144,0.066554
3.34,-0.027912,-0.0096706,0.95936,-0.00094499,0.43896,0.012125,-0.14119,-0.56368,-0.2263,0.084104,0.19216,0.031962,0.11058,-0.081837,-0.051586,0.074847,-0.57853,0.24393,-0.040072,0.24161,0.11118,-0.099214,-0.09892,-0.1983,0.034224,-0.0034729,-0.019104,-0.016186,-0.075197,-0.023202,-0.012203,-0.098046,0.052486,-0.095854,-0.50991,1.6983,-0.19553,-0.32037,0.289,0.14171,-0.12744,-0.0078514,0.070162,-0.38799,-1.1873,0.18408,-0.42812,-0.70341,-0.16189,0.10278,0.067206
3.36,-0.024418,-0.0094013,0.95987,-0.00097808,0.42472,0.013621,-0.13853,-0.5413,-0.22424,0.082273,0.1836,0.028959,0.11167,-0.081224,-0.047518,0.071624,-0.55533,0.2391,-0.03996,0.23099,0.11327,-0.099916,-0.097401,-0.20235,0.034504,-0.012801,-0.018323,-0.018813,-0.075837,-0.022223,-0.0068705,-0.098497,0.051672,-0.10406,-0.49592,1.7201,-0.19781,-0.32741,0.27536,0.14199,-0.12471,-0.0090046,0.069079,-0.37122,-1.1846,0.18147,-0.43046,-0.71379,-0.1628,0.10338,0.067599
3.38,-0.021096,-0.0091448,0.96029,-0.0010124,0.41121,0.015167,-0.13608,-0.51994,-0.22179,0.080603,0.1752,0.02505,0.11294,-0.080611,-0.04337,0.068812,-0.5332,0.23492,-0.040018,0.22071,0.11584,-0.10072,-0.095794,-0.20713,0.034885,-0.022048,-0.017743,-0.021552,-0.076368,-0.021461,-0.0017557,-0.10034,0.051756,-0.10999,-0.48194,1.7362,-0.19873,-0.33286,0.26788,0.14231,-0.12309,-0.0098113,0.06774,-0.35458,-1.1799,0.17856,-0.43217,-0.72571,-0.16345,0.10329,0.067742
3.4,-0.017932,-0.0088898,0.96066,-0.0010648,0.39831,0.016849,-0.13399,-0.4995,-0.21949,0.079205,0.16719,0.02074,0.11425,-0.080067,-0.039267,0.066331,-0.51208,0.23108,-0.040309,0.21089,0.11912,-0.10161,-0.094179,-0.21236,0.035169,-0.031054,-0.017443,-0.024141,-0.076722,-0.02099,0.0030978,-0.10287,0.052109,-0.11397,-0.46781,1.7457,-0.19827,-0.33704,0.26729,0.14272,-0.12268,-0.010261,0.065811,-0.33802,-1.1734,0.17569,-0.43279,-0.73874,-0.16383,0.10255,0.067645
3.42,-0.014939,-0.0086234,0.96097,-0.001176,0.38592,0.018753,-0.13236,-0.48,-0.21798,0.078191,0.15986,0.016466,0.1155,-0.079652,-0.035129,0.064165,-0.49201,0.22745,-0.040882,0.20167,0.12322,-0.10256,-0.092643,-0.21793,0.035139,-0.039631,-0.017466,-0.026273,-0.076954,-0.020846,0.0076404,-0.10543,0.052033,-0.11645,-0.45341,1.7481,-0.19637,-0.34029,0.27462,0.14323,-0.12351,-0.01035,0.062813,-0.3216,-1.1652,0.17307,-0.43169,-0.75291,-0.16391,0.10117,0.067293
3.44,-0.012151,-0.0083373,0.96122,-0.0013421,0.37404,0.020889,-0.13128,-0.46153,-0.21777,0.077634,0.15337,0.012387,0.11673,-0.079363,-0.030633,0.062303,-0.47302,0.22423,-0.041731,0.1931,0.12804,-0.10356,-0.091215,-0.2239,0.034685,-0.04763,-0.017798,-0.027818,-0.077191,-0.021005,0.011769,-0.10751,0.051051,-0.11771,-0.43873,1.7426,-0.1929,-0.34278,0.29078,0.14381,-0.12566,-0.010052,0.058416,-0.30558,-1.1547,0.17064,-0.42839,-0.76877,-0.16357,0.099031,0.066634
3.46,-0.0096218,-0.0080236,0.9614,-0.0014815,0.36277,0.023198,-0.13085,-0.4442,-0.21913,0.077553,0.14773,0.0083908,0.11809,-0.07911,-0.025324,0.060625,-0.45518,0.22169,-0.042741,0.18502,0.13328,-0.10468,-0.089823,-0.23034,0.033881,-0.054982,-0.018369,-0.028965,-0.077559,-0.021383,0.015377,-0.10892,0.049095,-0.1177,-0.42383,1.7284,-0.18761,-0.34436,0.31658,0.14437,-0.12924,-0.0093024,0.05254,-0.29045,-1.1414,0.168,-0.42259,-0.78734,-0.16268,0.096007,0.065597
3.48,-0.0074149,-0.0076707,0.96148,-0.001475,0.35224,0.025609,-0.13116,-0.42814,-0.22212,0.077891,0.14275,0.0042258,0.1198,-0.078744,-0.018794,0.05889,-0.43855,0.21999,-0.043674,0.17715,0.13854,-0.10604,-0.088332,-0.2372,0.032955,-0.061689,-0.019075,-0.030121,-0.078153,-0.02187,0.0184,-0.10982,0.046505,-0.11605,-0.40881,1.7043,-0.18019,-0.34449,0.35299,0.14475,-0.13443,-0.0080027,0.045241,-0.2769,-1.1243,0.16465,-0.41404,-0.80986,-0.1611,0.091975,0.064115
3.5,-0.0055851,-0.0072717,0.96145,-0.0012412,0.34259,0.028048,-0.13216,-0.41343,-0.22659,0.078505,0.13815,-0.00034261,0.12212,-0.078115,-0.010839,0.056857,-0.42324,0.21898,-0.044254,0.1693,0.14346,-0.10775,-0.086643,-0.24422,0.032159,-0.067775,-0.019807,-0.031655,-0.079028,-0.022353,0.020825,-0.11062,0.043866,-0.11212,-0.39382,1.6683,-0.17029,-0.34225,0.4014,0.14483,-0.14138,-0.0060485,0.036546,-0.26565,-1.103,0.16019,-0.40245,-0.83752,-0.15867,0.086891,0.062144
3.52,-0.0041575,-0.0068436,0.96131,-0.00078001,0.33385,0.030391,-0.13363,-0.40006,-0.23208,0.079158,0.13367,-0.0054319,0.12526,-0.077146,-0.0015597,0.054479,-0.40934,0.21845,-0.044291,0.1616,0.14777,-0.10989,-0.084815,-0.25097,0.03161,-0.073239,-0.020447,-0.033659,-0.080166,-0.02272,0.022683,-0.11174,0.041782,-0.10512,-0.3791,1.6175,-0.15762,-0.33654,0.46392,0.14445,-0.15019,-0.003333,0.026438,-0.25722,-1.0769,0.15456,-0.38756,-0.87098,-0.15532,0.0808,0.059676
3.54,-0.0031099,-0.0064306,0.96104,-0.00016878,0.32587,0.032434,-0.13514,-0.3879,-0.23784,0.079597,0.12921,-0.010996,0.12929,-0.07589,0.0086129,0.051958,-0.39693,0.21835,-0.043732,0.15455,0.15124,-0.11243,-0.083097,-0.25709,0.031231,-0.078047,-0.020883,-0.035901,-0.081465,-0.022871,0.024055,-0.11341,0.04069,-0.094354,-0.36499,1.5488,-0.14213,-0.32625,0.54316,0.14336,-0.16091,0.00025343,0.014984,-0.2518,-1.0461,0.14808,-0.36947,-0.9102,-0.15103,0.07382,0.056745
3.56,-0.0023716,-0.0060801,0.96067,0.00046822,0.31837,0.034015,-0.13632,-0.37672,-0.24306,0.079681,0.12484,-0.016833,0.13414,-0.074552,0.018992,0.049606,-0.38595,0.21883,-0.042604,0.14888,0.15369,-0.11532,-0.081858,-0.26246,0.030853,-0.082154,-0.021058,-0.037996,-0.08276,-0.022766,0.025076,-0.11557,0.040752,-0.079413,-0.35202,1.4596,-0.12427,-0.31063,0.64129,0.14119,-0.17343,0.0047869,0.0024336,-0.24916,-1.0108,0.1413,-0.34877,-0.95451,-0.14589,0.066124,0.053425
3.58,-0.0018367,-0.0058107,0.96019,0.0010069,0.31101,0.035129,-0.13701,-0.36625,-0.2472,0.079493,0.12089,-0.022655,0.13955,-0.073462,0.028842,0.047653,-0.37627,0.22022,-0.040936,0.14525,0.15492,-0.11847,-0.081445,-0.26721,0.030359,-0.085564,-0.021004,-0.039635,-0.083862,-0.022459,0.025935,-0.11786,0.041831,-0.060523,-0.34081,1.3492,-0.10527,-0.2896,0.7583,0.13754,-0.18719,0.010221,-0.010823,-0.24873,-0.97182,0.13489,-0.32641,-1.0028,-0.14009,0.057969,0.049837
3.6,-0.0013832,-0.0056077,0.95964,0.0013939,0.30346,0.035898,-0.13735,-0.35622,-0.25014,0.079289,0.1178,-0.028201,0.14518,-0.072998,0.037671,0.046159,-0.36758,0.2229,-0.038772,0.14396,0.15477,-0.12179,-0.082047,-0.27173,0.029704,-0.088407,-0.020806,-0.0407,-0.084561,-0.022048,0.026845,-0.11975,0.043557,-0.038761,-0.33194,1.221,-0.087036,-0.2642,0.89025,0.13219,-0.20121,0.016294,-0.024314,-0.24978,-0.92992,0.12943,-0.30351,-1.0539,-0.13391,0.049721,0.046149
3.62,-0.00088888,-0.0054449,0.95904,0.0016926,0.29554,0.036411,-0.13762,-0.34644,-0.25209,0.079329,0.116,-0.033334,0.1508,-0.073445,0.045452,0.045068,-0.35947,0.22728,-0.03624,0.14487,0.15319,-0.12519,-0.083644,-0.27648,0.028854,-0.090984,-0.020528,-0.041245,-0.084588,-0.021588,0.027976,-0.12077,0.045489,-0.015983,-0.3256,1.0824,-0.071648,-0.23671,1.0289,0.12536,-0.21419,0.022515,-0.037468,-0.25156,-0.88616,0.12528,-0.28123,-1.1063,-0.12768,0.0418,0.042549
3.64,-0.00024671,-0.0053072,0.95841,0.0020331,0.28716,0.036654,-0.13807,-0.33676,-0.25346,0.079713,0.11568,-0.038052,0.15628,-0.07487,0.052574,0.044324,-0.35146,0.23367,-0.033591,0.14745,0.15026,-0.12855,-0.086035,-0.28178,0.027816,-0.093735,-0.020176,-0.041459,-0.08361,-0.021064,0.029383,-0.12064,0.047278,0.0056655,-0.32142,0.94371,-0.06043,-0.21016,1.1637,0.11778,-0.22499,0.028298,-0.049585,-0.25346,-0.84171,0.12238,-0.26079,-1.1583,-0.1217,0.03457,0.039206
3.66,0.00061905,-0.0051924,0.95779,0.002495,0.27833,0.036608,-0.13874,-0.32703,-0.25465,0.080362,0.11665,-0.042417,0.16157,-0.077066,0.059545,0.043932,-0.34311,0.24191,-0.03115,0.151,0.1463,-0.13178,-0.08893,-0.28767,0.026766,-0.097123,-0.019748,-0.041673,-0.081292,-0.020464,0.030987,-0.1194,0.048737,0.024471,-0.31859,0.81492,-0.053412,-0.18725,1.285,0.1104,-0.23306,0.033178,-0.059923,-0.25504,-0.79792,0.12027,-0.24328,-1.208,-0.11621,0.028267,0.036233
3.68,0.0017364,-0.0050955,0.95722,0.0030427,0.26914,0.036385,-0.13952,-0.317,-0.25605,0.081123,0.11834,-0.046454,0.16656,-0.079623,0.066669,0.043915,-0.33417,0.25129,-0.029209,0.15487,0.14183,-0.13475,-0.092025,-0.29394,0.02608,-0.10148,-0.019289,-0.042311,-0.07744,-0.019846,0.032611,-0.11729,0.049812,0.039628,-0.3163,0.7031,-0.049557,-0.16937,1.3868,0.10397,-0.23857,0.036965,-0.067899,-0.25606,-0.75655,0.1184,-0.22936,-1.2534,-0.11137,0.022999,0.033695
3.7,0.003075,-0.0049982,0.95673,0.0035683,0.25975,0.036232,-0.14026,-0.30652,-0.25793,0.081897,0.12002,-0.050123,0.17106,-0.082078,0.073901,0.044219,-0.32467,0.26063,-0.027922,0.15856,0.13748,-0.13733,-0.095059,-0.30017,0.026147,-0.10685,-0.018919,-0.043714,-0.072147,-0.01935,0.034056,-0.11479,0.050536,0.051193,-0.31402,0.61187,-0.047555,-0.15648,1.4671,0.098866,-0.24208,0.03972,-0.073261,-0.25637,-0.71976,0.11637,-0.21917,-1.2922,-0.10733,0.018758,0.031624
3.72,0.004549,-0.0048739,0.95635,0.0039709,0.25043,0.036407,-0.14091,-0.29564,-0.26045,0.082673,0.12112,-0.053346,0.17487,-0.084065,0.080946,0.044698,-0.31491,0.26881,-0.027247,0.1618,0.1338,-0.13941,-0.097839,-0.30598,0.027122,-0.113,-0.018767,-0.045935,-0.065845,-0.019113,0.035169,-0.1125,0.050993,0.059703,-0.31163,0.54214,-0.046504,-0.14763,1.5264,0.095158,-0.24427,0.041625,-0.076146,-0.25595,-0.68987,0.11408,-0.21243,-1.3224,-0.10422,0.015436,0.030024
3.74,0.0060352,-0.0047055,0.95608,0.0042075,0.24152,0.037012,-0.14147,-0.28471,-0.2635,0.083475,0.12141,-0.056072,0.17787,-0.085404,0.087459,0.045178,-0.3054,0.2752,-0.026972,0.16455,0.13103,-0.141,-0.10026,-0.31114,0.028791,-0.11946,-0.018891,-0.048652,-0.059181,-0.019179,0.035905,-0.11112,0.051307,0.065797,-0.30927,0.4928,-0.046056,-0.14166,1.5671,0.092725,-0.24565,0.042869,-0.077051,-0.25495,-0.66849,0.11167,-0.20848,-1.3428,-0.10215,0.012851,0.028871
3.76,0.007404,-0.0045018,0.95588,0.0043075,0.23334,0.037906,-0.14195,-0.27433,-0.26675,0.084275,0.12109,-0.058279,0.18011,-0.086133,0.093194,0.045544,-0.29667,0.27987,-0.026816,0.16692,0.12912,-0.1422,-0.10229,-0.31556,0.030613,-0.12576,-0.01923,-0.051259,-0.052773,-0.019454,0.036348,-0.11135,0.051608,0.070044,-0.30719,0.46088,-0.046165,-0.1376,1.5926,0.091355,-0.2465,0.043611,-0.076759,-0.25373,-0.65587,0.10947,-0.20638,-1.354,-0.10108,0.010843,0.028117
3.78,0.0085496,-0.0042992,0.95573,0.0043539,0.22612,0.038744,-0.14232,-0.26517,-0.26971,0.084961,0.12063,-0.059923,0.18175,-0.086481,0.097987,0.045785,-0.28912,0.28341,-0.026548,0.16908,0.12775,-0.14316,-0.104,-0.31926,0.031955,-0.13151,-0.019632,-0.053111,-0.046965,-0.019753,0.036634,-0.1138,0.052006,0.072927,-0.30567,0.44202,-0.046803,-0.13476,1.6071,0.090774,-0.24696,0.043986,-0.076159,-0.25276,-0.6506,0.10794,-0.20506,-1.3579,-0.10084,0.0093701,0.027705
3.8,0.0094079,-0.0041432,0.9556,0.0044295,0.21995,0.039158,-0.14254,-0.25775,-0.27187,0.085387,0.1206,-0.060888,0.18296,-0.086783,0.10165,0.045968,-0.28295,0.28652,-0.026052,0.17124,0.12655,-0.14402,-0.1055,-0.3222,0.032453,-0.13656,-0.019946,-0.053866,-0.041709,-0.01991,0.036827,-0.11884,0.05261,0.074899,-0.30493,0.43158,-0.047884,-0.13268,1.6145,0.090697,-0.2471,0.044109,-0.075931,-0.25247,-0.65021,0.10743,-0.20366,-1.3575,-0.10118,0.0084988,0.02758
3.82,0.0099588,-0.00406,0.95547,0.0045657,0.21479,0.038964,-0.14256,-0.25229,-0.27289,0.085464,0.12141,-0.061017,0.18377,-0.087354,0.10395,0.046167,-0.27819,0.28957,-0.025314,0.17355,0.12522,-0.14481,-0.10692,-0.3243,0.032243,-0.14097,-0.020108,-0.053694,-0.036689,-0.019877,0.036855,-0.12657,0.053575,0.076391,-0.30515,0.42591,-0.049305,-0.13111,1.6179,0.090885,-0.24699,0.04408,-0.076253,-0.25306,-0.65214,0.10796,-0.20193,-1.3551,-0.10178,0.0082875,0.027679
3.84,0.010217,-0.0040414,0.95533,0.0047385,0.21054,0.03826,-0.14242,-0.24874,-0.27278,0.085206,0.12322,-0.06023,0.18406,-0.088373,0.1047,0.046395,-0.27477,0.29248,-0.024378,0.17612,0.12367,-0.14545,-0.10839,-0.32544,0.031826,-0.14486,-0.02018,-0.053122,-0.031629,-0.019748,0.036599,-0.13666,0.055106,0.077713,-0.30629,0.42288,-0.050959,-0.12995,1.6192,0.091171,-0.24672,0.043973,-0.07682,-0.2544,-0.65459,0.10915,-0.20024,-1.3524,-0.10241,0.0086654,0.027924
3.86,0.010223,-0.0040566,0.95519,0.0049044,0.20711,0.037318,-0.14217,-0.24682,-0.27181,0.084708,0.1259,-0.058619,0.18378,-0.08984,0.10395,0.046619,-0.27261,0.29492,-0.023335,0.17899,0.12194,-0.14582,-0.10996,-0.32559,0.031637,-0.14835,-0.020295,-0.052619,-0.026571,-0.019685,0.036046,-0.14826,0.057317,0.078936,-0.30809,0.4217,-0.05268,-0.12924,1.6193,0.091453,-0.24635,0.043837,-0.077168,-0.25613,-0.65674,0.11046,-0.19917,-1.3499,-0.10293,0.009427,0.028233
3.88,0.01004,-0.0040779,0.95506,0.0050377,0.20439,0.0364,-0.14193,-0.24617,-0.27041,0.084084,0.12919,-0.056454,0.183,-0.09162,0.10204,0.04681,-0.27153,0.29662,-0.022318,0.18209,0.12014,-0.14583,-0.11161,-0.32483,0.03174,-0.15139,-0.020562,-0.052295,-0.021889,-0.019813,0.035343,-0.16011,0.060054,0.079897,-0.31011,0.42218,-0.054219,-0.12907,1.6184,0.091668,-0.24597,0.043705,-0.077024,-0.2578,-0.65848,0.11145,-0.19906,-1.3474,-0.10332,0.010321,0.028541
3.9,0.0097401,-0.0040948,0.95495,0.0051371,0.20227,0.035626,-0.14172,-0.24637,-0.26896,0.083432,0.13277,-0.054074,0.1819,-0.093517,0.099493,0.046985,-0.27125,0.29752,-0.021471,0.18529,0.11846,-0.14548,-0.11328,-0.32339,0.031882,-0.15392,-0.021005,-0.051958,-0.018037,-0.020159,0.03473,-0.17085,0.062859,0.080352,-0.31188,0.42419,-0.05531,-0.1295,1.6168,0.091773,-0.24567,0.04361,-0.076394,-0.25908,-0.66006,0.11195,-0.19983,-1.3446,-0.10366,0.011134,0.028818
3.92,0.0093972,-0.0041091,0.95488,0.0052076,0.20057,0.034988,-0.14157,-0.247,-0.26774,0.082835,0.13632,-0.051754,0.18067,-0.09534,0.09687,0.047185,-0.27142,0.29781,-0.020879,0.1884,0.11707,-0.14485,-0.11488,-0.32165,0.031766,-0.1559,-0.021561,-0.051372,-0.015277,-0.020652,0.034426,-0.17934,0.065122,0.080153,-0.31309,0.4274,-0.055778,-0.13049,1.6143,0.091757,-0.24555,0.043585,-0.075481,-0.25986,-0.66181,0.112,-0.20111,-1.341,-0.10406,0.011723,0.029056
3.94,0.0090711,-0.0041241,0.95483,0.0052472,0.19913,0.034424,-0.14148,-0.24772,-0.26693,0.082367,0.13962,-0.04964,0.17942,-0.096943,0.094635,0.047446,-0.27171,0.29776,-0.020535,0.19126,0.11609,-0.14411,-0.1163,-0.31999,0.031247,-0.15737,-0.02212,-0.05043,-0.013589,-0.02118,0.034563,-0.18493,0.066328,0.079325,-0.31364,0.43129,-0.055594,-0.1319,1.6112,0.091645,-0.2457,0.043648,-0.074564,-0.2602,-0.66401,0.11178,-0.20247,-1.3365,-0.10459,0.01203,0.02926
3.96,0.0087941,-0.0041398,0.95479,0.0052555,0.19782,0.033883,-0.14144,-0.24831,-0.26658,0.082065,0.14258,-0.047752,0.17824,-0.098259,0.093024,0.047776,-0.27192,0.29762,-0.02037,0.19384,0.11552,-0.1434,-0.11754,-0.31868,0.03035,-0.15841,-0.022602,-0.049178,-0.012738,-0.021655,0.03514,-0.18767,0.066309,0.078032,-0.31359,0.43538,-0.054879,-0.13352,1.6075,0.091481,-0.24611,0.043789,-0.073883,-0.26022,-0.6667,0.11152,-0.20354,-1.3313,-0.10526,0.012086,0.029437
3.98,0.0085584,-0.0041549,0.95476,0.0052437,0.19656,0.033347,-0.14143,-0.24874,-0.26656,0.081889,0.14527,-0.046015,0.17712,-0.099362,0.091904,0.048147,-0.27201,0.29751,-0.020296,0.1962,0.11521,-0.14276,-0.11865,-0.31769,0.029229,-0.15919,-0.023005,-0.047749,-0.012364,-0.022067,0.036004,-0.18856,0.06544,0.076499,-0.31319,0.4394,-0.05386,-0.13519,1.6035,0.0913,-0.24669,0.043977,-0.073448,-0.26007,-0.6697,0.11132,-0.20431,-1.326,-0.10599,0.011992,0.029595
